# Resource object code (Python 3)
# Created by: object code
# Created by: The Resource Compiler for Qt version 6.11.1
# WARNING! All changes made in this file will be lost!

from PySide6 import QtCore

qt_resource_data = b"\
\x00\x01\xd2\xec\
\x00\
\x00\x01\x00\x09\x00\x10\x10\x00\x00\x00\x00 \x00\x92\x03\x00\
\x00\x96\x00\x00\x00\x14\x14\x00\x00\x00\x00 \x00\x18\x05\x00\
\x00(\x04\x00\x00\x18\x18\x00\x00\x00\x00 \x00\xf0\x06\x00\
\x00@\x09\x00\x00  \x00\x00\x00\x00 \x00$\x0b\x00\
\x000\x10\x00\x00((\x00\x00\x00\x00 \x00\xbb\x0f\x00\
\x00T\x1b\x00\x0000\x00\x00\x00\x00 \x00T\x15\x00\
\x00\x0f+\x00\x00@@\x00\x00\x00\x00 \x00f!\x00\
\x00c@\x00\x00\x80\x80\x00\x00\x00\x00 \x00\xba`\x00\
\x00\xc9a\x00\x00\x00\x00\x00\x00\x00\x00 \x00i\x10\x01\
\x00\x83\xc2\x00\x00\x89PNG\x0d\x0a\x1a\x0a\x00\x00\x00\
\x0dIHDR\x00\x00\x00\x10\x00\x00\x00\x10\x08\x06\x00\
\x00\x00\x1f\xf3\xffa\x00\x00\x03YIDATx\x9c\
%\x93Kh\x5cu\x14\x87\xbf\xff\xfd\xdf;w\xeeL\
f23\x99I\xd2\x86\xb4!\x99hhR\xa4-}\
\xa9]\xa8XS\x10\x89h\xd1Tt\xe1FWYX\
\xba\x08H-\xbe7\x82\xd5\xa2F\x17.\xa4\xa0Fw\
U)R-\x0d*i\xb11\x8dQ\x83\xb1q\xf2\x9a\
t&\x99g2\x93\xb9s\x1fr\xc7\xd5\xe1\xc09\xf0\
\xe3|\xdf\x11B\x08\xd7u]\x9e8q\x8c\xd7^\x1e\
a\xe4\xf4\x1b\xd4\xcc:\x8a\x10\xb8.\x08\x01.4z\
\xcb\xb2\x09\x87\x83\xbc\xf3\xf6(\xe7\xde|\x8f/.]\
E\xf1\x96\x0d\x9f\xc6s\xc3\x8f1yc\x8aL&\x87\
\xf4\x96\x1d\x17\x01\x8d\xaa \xb0-\x1bU\x91,\xaf,\
1=\xf7+/<?\x8c\xae)(\x00{\x92\x9d\xdc\
\xb3\xb7\x8f\xef\xaf\xfc\x82&%\xd1h\x0c]\xf7\xe38\
\x0e\x86a`Y\x16MMM\xe8~?\x9d\xbb\xba\xf8\
+u\x83\x8e\x9d\x09:w$P\xbdh{\xee\xea\xa6\
P,2\xfb\xc7<'\x06\x079r\xf4^&&\xae\
1s\xeb\x16\xc7\x1f\x19d1\xf5/\xfd\xfd\x03\xa8>\
\x95|n\x8b\xc5\xd2\x97H}\x9b\xd6X\x1cU\x95\x92\
xK\x84\xa9\xa9\xdf\xe9\xea\xe9\xe1\xc0}\xf7#\x8d \
C\x8f?I\xa49\xca\xa1C\x87y\xe8\xe1\xe3X\xae\
KGW\x17\x0b3\xf3L~:F\xd9L\x11\x0a\x86\
Q\xa5\x22\xd8\xbf\xaf\x9f\xd6D\x84\xd5;\x1b|\xf4\xee\
y4\xd7\xe5\xe3\xcf.\xf2\xd2\xe8(\xc2\xb6Q}>\
\x9e=\xf5\x0c\xd9\x8duZ\xe2\x9d\xb8\xb2\x99\xdd\x9d\x03\
<\xf8@\xdaK \xe8Mv\xb3{W\x07\x07\xf7\xf6\
aes8\xde\xf5\x14\x87@s\x08\xcc:\xe5|\x91\
6\xc3O8\x14D\x8f\x85\xd9\xa8\x84\xa0\x1e\xa0%\x16\
A5-\x87\xa5\xe5U\x1c\xcb\x22\xd1\x9a\xc0\x97h\xc7\
vl\xe2mm8\xdb5p\x5c\xfcMM\x84\xa2Q\
\x0a\x1b\xeb\x0c\xf4&\xc9O\xcfR.\x95H-\xae\xa0\
\x9au\x8b\x7fn\xa7hKDX\x5c\x5c\xe2\xd5\xd7\xdf\
\xa2\xa3'\x09\xa6\x89p\x00\xa1\xa0H\xc9\xe9\xb3\xaf\x90\
\xbe\xb3\xc6\x87\x17>\xc1t\xf2L\xcf\xfd\xcc\xb5\x9f\xa6\
\x10\xf1X\xcc\xbd\xbb\xab\x1d\xe1Z\xbc\x7f\xfe\x03\xfa\x0f\
\x1eA\xda\x9e\x03.\xd5j\x95\xcav\x95h$\x8aT\
U\xf0\x078\xf3\xe2\x08[\xeae*\x9bpi<\x83\
\xe28\x9eg\x82\xed\xed:\x17\xc6\xc6H-\xcc{\xda\
 \xa4B\xa0%J|G;\xd2\xf0\x83T\x98\x9b\xb9\
I6\xb3L(\xa6Q\xaf\x86\x1b3j\xa1\x90\xc76\
=\x9e\x1a\x97\xaf\xfc\xc8\xec\xdf\xb7y\xfa\xa9ab\xa1\
\x00\xc1\x80\xd1\xd0\xb8X*\xb3\xb0\x9c\xe6\xbbo\xbe\xc5\
\xae\x148y\xac\x95\xa9t\x95Z\xbd\x86\xea\xc9\xee\xb8\
\x9e\xf7.\xb5Z\x0d\xc52\xf9j\xfck\xba\x93}\x04\
t\x1d\x9f_g%\xbdJ!\xbbFX\x93T\x83.\
\x1bY\x9b\xb5\xf4\x16[\xb5\x0a\xaa\xa7r&_\xa4\xb8\
\xb9I_o\x92\xe1\xa1G\xc9f\xd7I\xe76\xd9w\
\xe0(\xe5B\x0eY+r\xb8w?~_\x90\x1f~\
\x9b\xe0\xfa\xd5%\xd2\x99<\x8e\xebzO&XZ\xcb\
\xa2i:\xe3\x9f_$\xd1\xda\x0e\x8e\xc3\xceh\x90\xd4\
\x9f7YO\xcd\x111t\xcc\x9a\x85\x22\x05g\xcf\x9c\
#\x97\x85\x5c\xb9\x84T$\x8a\xa2(\xd8\x8e\xc3\xa9\x93\
Ct$\xfb\xa9T\xaa\xd8\xb6\xdd\xc0\x17P\x15tM\
\xe3\x7f\x9a\x82R\xb1\xc8\xf4\xf5I\xe2\xf1X\x03m\xc0\
0\xf8\x0f\x89xdb\xdbV\xa4\xa1\x00\x00\x00\x00I\
END\xaeB`\x82\x89PNG\x0d\x0a\x1a\x0a\x00\
\x00\x00\x0dIHDR\x00\x00\x00\x14\x00\x00\x00\x14\x08\
\x06\x00\x00\x00\x8d\x89\x1d\x0d\x00\x00\x04\xdfIDAT\
x\x9cu\x94[l\x14u\x18\xc5\x7fs\xd9\xdd\x99\x9d\
m\x17hK[\xda\xdd\x02\xe5\x22\x85r)7\x81\x1a\
b\x00\x01%F1\x0a\x8a \x09\x81D\x89\xc6@D\
\x12#j\xe2\x8b\x89\xa0Fy\xc0[\x0c\x11L\x84\x10\
\x95h\x82i\x88\xbeh\x045\x22\x14\xca\xa5@YZ\
\xda\xdd^v\xb7\xbb;3;73S\x9fL\xfcO\
\xf2\xff'\xf3p\xbe\xf3\x9d\xef|G\x10\x04\xc1\xf3<\
\x0fM\x09\xf3\xf2\xceM\xec~~+\xdbv\xec\xc30\
,$Q\xc0\xe3\xff\x8fmY|\xf0\xee\xeb\xf4\xa4\xee\
\xf2\xc2\xde\xb7Ig\x0b\x88>\x98 \x084\xd6V\xf3\
\xcc\xa6\x0d\x9c\xf9\xf1'\x06\xd3#\x84C2>\x9a\xe0\
\x7f\x1e\x88\xffy%A\xc4\xb2l\x8e~}\x8c'6\
>\xc2\x83+\xda\x82\x22\xa2\x7f\xa9\xe10+\x97/\xa0\
\xb9\xb9\x89oOw\xa0\xa8\x0a\x8e\xed \x00\xae\xe3\x8c\
\xb1\xb1m\xfc\xe2\x8e\xe3\x04\xaf\xeb:\x84\xe4\x08\xfd\xb9\
k\xf4\x0d\xa4xhU;!I\x18\x03\xac\xd4\x14\x96\
-\x99\xcb\xad\xdbwI\xddM\x07?\xa7M\x9bN\xb2\
\xa9\x89hT\x0b\xc0\x92\xc9&\x22\x11\x05UU\x995\
\xab\x85XE\x8cE\x0b\x97\xe1xez3WIL\
jDS\xc3\xc8!Y&\x1e\xd3h\x9e\x9a\xe4\xfc\x1f\
\x17\x19\x1a\xca\xf2\xd8\xe3\x8f\xb2z\xd5\x1aR\xa9\x14\x17\
/\xfe\xcd\xb5\xae.\xd6\xad_\xcf\x95\xcb\x97\xa9\xac\xac\
\xa41\x91\xa0X*PS\xd5\xc8\x17';\xc8;7\
\x980\xae\x1dM\x89 \x87\xc32Q%\x82\xa6)\x9c\
\xfb\xfd\x02\xf7/_\xca\x96\xe7\xb63Z\xd4Y\xdb:\
\x0f\xe5_V\x13\xaa\xaaxr\xd3f_T\x12S\xa6\
R]W\xcb\xe0\x9d>\x8e|\xa6\x92\x1a\xb8B|\xfc\
\x22\x22\xe1\x08\xb2\xafGUU\x9c\xa8\x16!;\x9c%\
_\x92x\xed\xc0[\xa4S)\xb6>\xbb\x8d\xdd{\xf6\
p\xe3r'\x9a\xa62y\xf6<N}\xf5%\xfb\x0f\
\xbcI]}=\x0bZ\xe7c\x97%\xdc\x92\xc2\xa4\xb6\
\x06Z\xe7LG\xd6u\x93\x07\x96\xb71\xa3m\x05\xeb\
\xd7\xdf\xe0\xf0\x91\x13\xcc\xac\xad\xa6!\xd9\x88h\x19D\
bQf\xcfo\x05\xdb\x1f\x86C\xc8uPFs\x0c\
\x8f\xe6\xe8\xe8O\x93\xd5\x0d\xaa\xd5\x16\xea\x1bg\xb1\xb8\
m\xce\xd8P<<\xac|\x81\x98\xaa\xb0je;a\
)D\xb1PD\xd5\xb4`\xc2e\xd3\xc0\xb2\xad\xc0^\
\x86a0.VA\xb2\xb6\x96\x8d\x0f\xaf\xa3\xb6\xa6\x9a\
Bq\x94\x81T\x8a\x92\xae#\xfa\xc6\xcd\x8f\x16\xe8\xec\
\xea&\x9d\xce G\x22\xcco_\xc1\xc4d\x82E\xed\
\xcb\xf1\x1c\x07Q\x14\x11D\xd1\xf7\x10\xcd3f`y\
\x1e#\xb9<\x91\xa8\x86\xae\xeb\x81}\xb2\xb9<}\xf7\
\xd2\xc8>\x83\xdb=}\xd4L\xd4\xd0\xb4(\xbf|\xf3\
\x03G\x8f\x1fg\xd7\xde}\x88>w\xc3@\x16\xc3 \
\x08P\xd2i[\xba\x8c7\x0e\x1dB\xb7l~>{\
\x96\x91\xa1A\xcaR?\xa9\xd4u\xfe\xbcp\x15!\x12\
\x8ex\xf7M\x9e\xc4\xdc\xd9\x93\x91\xa5\x08/\xbe\xb4\x0f\
-\x16czK+\xae\xa1#\x85B\x94M\x13\xdd4\
\x88W\xc6\x03\xa3\x8b\x9a\x86]*\xb1k\xc7N\xfa\x06\
:Y\xb3\x19N}\x5c\xa4\xfb\xd6\x08b<\x1eGQ\
U\xba\xae\xdd\xe1b\xe75T5\xcc\x8c\x05\x8b\x11\x5c\
\x07IQ@\x10\xb1]\x17\xdd*\xe3\xfa\xab\xe5\xb7n\
\x9a\xc8\xb1\x0a\xd6\xae^MX5\x91\xe5(\xb2X\x89\
\xed\xb9\x88C\xc3C\x81\xd01ME\x92%6o\xdf\
\xc1'\x1f\x1d$3\xd8Onp\x00l\x83\xe8\x848\
u\x89\x04>\x96\xe7\xd9\x0c\x0fg\xf8\xf4\xf0\xfb\x1c<\
\xf4\x1e\xf5I\x95\xec\x08\xe8\x05\x1b\xdbq\x90\xfd\xdd\xb4\
\xfd\xea\xb6\x8an\x94)\x95m\xde9\xf4!Wo\xf6\
RWSEE4\x82(\xf9j\x82\xa1\x1b\xf4g\x86\
\xb8\xd9\xd3\xcb\xf9s\xbf\x11E\xa6\xaa>\xcaH\xc6\xc1\
,[\x18Fyl(\x8e\xeb\xb7\x22\x05\x15J%\x9d\
DC\x1dg;:\xa8mH2}J3\x99L\x86\
\x8a\xca\x18\x9e\x07W\xaf_\x07K'Q\x1d\xa3\x903\
qE\x9b{7\x05\xb2\xc5<\xa6m\x8f\x01\x9a\x96E\
&\x9b\xa3h\x98\x94\x0c\x83\xf6\xc5\x0b\xa9\x9eP\xc5\xaf\
\x7fu\xa2F\x15\xd6\xad[K\xd9\xb2\xb8r\xe9\x02\xf3\
\xa65\xd0\xdc8\x89tz\x90\x13g\xbe\xa7\xeb\x92\xc5\
HO\x8cLvx,\xea|_\x8f\x8bi\x98\x96\x8d\
\xeb\xd8\x9c<\xf69z.\xcf\xad\xee\xee\x80m^7\
\xa9NL!\x97\xe9G4Kh\x9a\x86\x1f(\x13k\
&\x92h\x99\xc9+\xfb_edx\x94\x9e{\x19$\
DD\x1f\xb1\xa8\xfb\xb60\xd9\xbds;\x1b\x9e\xdaF\
\xa1\xa8c\x98&\x96m3\xbe\x22\x8a\x9eN\x11v\xcc\
 $\x1c\xd7E\x10Dz{{\x99\xd2\x90`\xc9\xc2\
%\x01XX\x0e!J\x92\xdf\xb2\x80\xeb\xbaA\xdco\
\xdb\xf24\xae\xeb\xa1(J\x10\xa0\xb2,\x07\xba\xfa@\
zI\x0f\x82\xd5_?\xd7s\x09\x85B\x9c\xf9\xee4\
\x9em\x13\x8b*\x08\x82\xaf\x9e\xc0?\xd5q3_\x82\
{z\xc8\x00\x00\x00\x00IEND\xaeB`\x82\x89\
PNG\x0d\x0a\x1a\x0a\x00\x00\x00\x0dIHDR\x00\
\x00\x00\x18\x00\x00\x00\x18\x08\x06\x00\x00\x00\xe0w=\xf8\
\x00\x00\x06\xb7IDATx\x9c}\x96il\x1cg\
\x19\xc7\x7fs\xec1\xbb\xb3\xb7w\x1d\xef:\x87\xeb$\
6\xb9\xed&N\x08i\x9cFjH\xd2\x94\xe6(\xe5\
\x10\x84J\xb4\x84K\x02\x85\x08\xbe\xf0\x01\x15\x85HE\
\x02$\x84\xa0\x95Z)T-\xf0\x81\x94\xd0\xa2\x12\x04\
\xa9\x8a\x0a\xc4\x09\xcd\x89\x9d\xa3\xb1\x13\xc7\x89\xe3k\xef\
\xdd\x99\xdd\x99\x9d\x194\xe3T\xea\xa7\x8e\xf4jf4\
\xef\xfb<\xcf\xfb\xff\xff\x9f\xff;\x02\xe0\x00\x88\xa2\xc8\
\xe2\x05)~x\xe4Y\xf6\xef\xdb\xcd\xe7\xbf\xfc\x1dj\
\xb5\x06\xb2$\xceO\xf8\x98K\x14\x05j\xb5:?8\
\xfc\x1c\x9b\xb6l\xe0\xb9g\x8f\xf0\xde\x85k\xd4\xb4\x06\
\xa2 \x08\xde$5\xac\xb0tq\x96\x03\xfbws\xf2\
\xe4\xdb\xccL\x15\x08\xf8|\xde7\xc1\xf9\x98\x81\x80c\
;\x04|A^y\xf5u\xa2\xaa\xca\xf7\x0f\x7f\x8d\xa4\
\xaa\xe0\xc6\x16\xbd\x00\x82@R\x0d\xb3k\xc7#\xc4\xa2\
\x11\xfe\xf8\xc6_Q\x94 \xb6m\xe3X6\x8e\xe3x\
s>z}\xf8n[\x96\xf7l\xb7\x1cl\x7f\x85\x7f\
\xbc\xfb\x16\xdb\xb6\x0d\xd2\xb3l\xa1\xb73\xd1]\x1cV\
\x82\xb4\xc5Uv~z+\x97.\x0d319\x83,\
K\x1elaU\xc5\xef\xf7c\x18\x86\x17\xd0\x9d\xef\xa2\
\xdaj\xb5\xdc\xf2QU\x15\xdb\xb6\x88\xc6\x12\xf8\xfd\x01\
F'\xaf \xc8>z\x97/!\xe8\x93\xe7w\x10U\
C\xb4\xa7\x13t-\xe9\xe4\x9dw\x87\x10\x90i\xe8:\
}}\xfd\xf4\xf6~\x82E\x8b\x16\x13\x8b\xc6h4\x1a\
\xf4\xf7?L[[\x9a\xb6T\x1b\xed\x99v\xb6n\xdb\
\x86(\x88\xec?\xb0\x0f\xdb\xf4\xd1\x94\xeeS/\x15\xc9\
ut\xb8\xf8#\xbb\x09B\x81\x00\xd9\x8e4\x92(p\
\xfe\xe2\x08\xa6i\xd2\xd7\xb7\x81\x1d;w2=5\xc5\
\xf8\xf88\xd1h\x94\xb3g\x87X\xd7\xd7\xe7\x8d\x8b\x17\
.x\xc9\xb3\xb9\xac\xb7\xabM\x9b7r\xe2\x8d\xdf\xe1\
\xc8\x15*\xcd\xbbtvd\x11\x1c\xdbEB\xc2'K\
\xb4gR\x14\x8aen\x8e\x8d\xb3f\xddj\xbe{\xe4\
\x08\x92(\xb1~\xf3\x16\xde\xff\xf7\xbf\x18\xbdy\x13M\
\xab{\xbc\xec\xdd\x7f\x80z\xad\xc6\xa1\xef\x1d\xa6>3\
\xc3\x13_\xf8\x22v\xad\x82,D\xc8O\xcd1]\x1b\
!\xaa&<\x0ed\x17kwQ<\x16\xe1\xce\xf8\x1d\
\xca\xc5*\xdd\xcbW\xf0\xcb\x97^\xe1\xdc\xd0Y\x96.\
^\xcc\x0b\xc7\x8e\xd1\xdd\xbb\x92%]\xddD\xa3*\x89\
\xdcB\xf6?\xfd9~\xfc\xfcQf\xa6\xa7\xe9\xee~\
\x88]\x8f=F8\xacR\x9e\xb5\xa9k\x05R\xa9,\
\x89\xb8\x8a\xec\x92\xb5 \x9d\xe0\xc9'w\x90\xc8$\xe9\
]\xb5\x8cW_\xfb=\x0b\xe3*+\x16dh\xccM\
S,\x15\xe8\xdf2\xc8\x92\x859\x04Q\xc0\xd1j$\
\x93)\xae\x9e\xfd\x0fc\xa3c\x9c\xfeK\x83\xe3\xc7\x8f\
\xe3\x98\xb0\xb13\xc9\xba\xa5\xbb\x08\xc7\xba\xd9>\xb8\x11\
\xb9e\xd9\xa4\xd3\x09\x92\xc96\x145\xc1\xa6\xf5\xab\xe9\
\xcc,B\xaaV0m\x0b\xcd\x17$\x1a\x8b\xe0\xd8:\
\xb6`#\x22 \x0a\x12\xa6i\xb0 \x91$\xdd\xeb\xa3\
\xd1l\xd230\xc0;g\xce\xd3lLR-50\
\xf5<~\x9f\x7f^EuM\xa3\xa1\xe94\xeb:\x82\
e\xd3\x91\xcb1W,\xa1U5\x8f\xf0\x90\x1a\xf6\x9a\
\xca\x95\xe5\x83&\xf0n\x9a\xa6a\xb4,\xf4F\x93\x88\
\xaa\x92\x8aE=\x09kz\x95B\xb9L\xd34\xe6\x13\
\xe8\x0d\x83\x9bc\xb7\xb9pi\x84r\xa5\x8c\x12\x0e\xf3\
\xe8\xde\xcf\x10nK1\xb8g7\x99l\x0e\xbbix\
r\x04\x11\xa7\xd5\x22\x14\x8d\xd3\xbbv-\xf9B\x01]\
\xd7\xc9d\xb3T\xaaU\xafg\xcc\xa6\xc3\xdc\xfdi\xee\
\xdd\x9b\x9e\x97\xe9\xf4t\x01%\xe8\xe3\xa1\x95+8}\
\xea\x14\x7f:q\x827O\x9d\xe2\xe0\xa1o\x22I\x12\
\x18&\x8e#~\xd4}\x10,\x8bo\x1d>B\xdf\xc0\
\x00\xfep\x84\xfc\xcc$\xd7G\xae\x91[\x1a\xc3\x09\xe4\
\xa9k\x01\xfewm\xcc\xedr\xc1\xe9H\xc5yj\xcf\
 \xa9t\x8cfC\xa2\xef\xe1\xcd$\xe31\xb6?\xb1\
\x17\xabZC\x92\xa5\xf9\xb8^\x17?\x80\xc8}v\xef\
a\x15L\x93\xa7\xf7\xed\xe1\xe6\x8d\x09\xf6|)\x80f\
\xe8\xfc\xfdu\x93\xa9\xf2\x1cb\x22\x91$\x99Lr\xee\
\xfc\x08\xbf}\xed-n\xdf\xb9\xc7S_\xf9*\xdbw\
\xee\xc6\xaaU\x11$\xc1\x931\xa2H\xb9Ved\xf4\
\x06\xb6\x1b\xdf\xf5!\xdb\xc6\xac\x94)\x15\x0a\x1c<\xf8\
\x0c\x91H\x88H\xc2\xc11\xc3\x04\x83\x0aM\xa3\x85h\
\x98\x86\xd7P\xc1\xa0\x9f\x5c\xb6\x9d\xb1\xb1[\xbc\xf8\xb3\
c\x98\x86\x8e\xa4(\x88A\x05Q\x09y\x11\xa3\x91\x18\
=\xcbz<%\xb9~#\xfa\x03\xf8\xc2ab\xf1\x10\
wo\x7f\x80\xae\x17I\xb4\x07\x99\xb9\xe7`\xd96\x0d\
\xd3B\xaeU\xab\xe4\x0b\x01\xdabYt\xa3\x89\x83\xc8\
\x8f^\xf8\x05\xff<3\xc4\xb7\xbf\xf1uR\xf1\xb8g\
\xdb\xb9\x5c'r0\x88\xe4\x80\xdd2\xa9\xd7\xeb4\x8c\
&\xc3\xd7\xae\xf3\x9b\x97^\xe6\xfd\xa1!zzR \
\x0b\xe4\xef\xdb \xd8\xb4Z\xd6<\xc9\x8e\xdd\xf2\xaa2\
\x0c\x8b\x86\xa1\x93P\x15\xce\x9c\xbb@\xd3~\x99O\x0e\
\x0c\x90\x9f\x9dbQ\xae\x83B\xa9\x88\xec\xf3y\xc4\xdf\
\xba5\x8ei\x0b\x0c_\xbd\xc1\xd4\xe4\x04\x89h\x82h\
R\xc44\x1c\xb4\xaa\x83n4\xb0\xac\x07\x09Z\xb6\xc7\
\x1c\xae/\x19\xad\x16.l\xb9\x8e4#W.2q\
\xe7.\xabV\xad&_\xa8S(\x14PB\x0a\x81\x80\
\x9f\xd9|\x91\xbb\x13\x13H\x8eA.\xa1\xd0\xacA(\
iso\xacES\xb3\x99-\x95<\x9e\xbc\x04\xa6\xd5\
B3\x0cjz\xc3\xe3\xe3\xce\xfd)6\xae[\xc9\xe3\
\xdbWq\xe6\xd20\xc5B\x9eG6\x7f\xca\xb3_5\
\x1aa._@\xaf\xfd\x97\xad\xfd+\xc8eR\x5c\x1e\
\x1e\xe6\xed\xd3g\xe82S\xdc8\xef\xa3\xde\xd0\xc8\x17\
\xab\x88\x1e.\xe0\xc4\xd5\x10\xd1H\x98rM\xc70t\
\x0e=s\x90\xf5\xabW25y\xdf\xabb\xf8\xfa(\
\xe9\xce%\xac\xee\xdf\xc0\xc4\xed1\xee~0B2\x12\
\x22\xa4\x04Q\x02\x8ag%c3\xb3\xfc\xe1\xcd\xe3t\
\xa5\xbb\xb88r\x8b\xb9R\x15I\x90>\xb4\x8a&3\
\xf92\xe5j\x8d\x1d\x8f\x0e\xf2\xf3_\xfd\x1a\xcb\x16h\
Y-*\x95*\xcb\xbb\x16\x226J\x5c9\xf7\x1es\
\xb7\xaf\x91m\x8b\xe1\x93e\x5c\xf5\xbagA>_\xe4\
\xe8O\x8e\xf2\xf8\xb6\xcfryd\x94RE\xf3jw\
\xbf\x89\xee\x16\x5cI5M\x13%\xe0\xe7\xa7G\x9f\x07\
)\xe0\xf1\xe1\xea\xdcu\xdb\xa6a\xe2\xf7\xf9\xc8\xa8A\
B\xc1\x80\x17\xd8\xf6\xceiw\xad\xe5\x9d~\x7f;\xf9\
g\xd6\xae]1\x0f\xb3,\xe2\xf3\xf9\x90}\xf2<\x07\
\xae*\x5c\x1e6\xf6\xada\xd9\xaa5`4QB!\
,Wf\xb2\xec\x0d]7\xb0\x1c\xf7,\xb6\x08\x04\xdc\
\xc8\xf3?\x02nq\xe1p\x98\xab\x97.S\xd25\xda\
3\x19f\xf3eDQ\xf2\x9a\xfd\xff^\x93\x07n\x09\
0z*\x00\x00\x00\x00IEND\xaeB`\x82\x89\
PNG\x0d\x0a\x1a\x0a\x00\x00\x00\x0dIHDR\x00\
\x00\x00 \x00\x00\x00 \x08\x06\x00\x00\x00szz\xf4\
\x00\x00\x0a\xebIDATx\x9c\x8d\x97{p\x5c\xe5\
y\xc6\x7f\xe7\xb2{\xf6\xaa\xdd\x95vW+Y\x96-\
\xcbw\xd9\x06#\xc0\xd8\x99\x18\xe3\x10\xa81J \xc1\
\x98B\xed\xa4\x04\x9a\x09\x7f\xb43\x1d(\xd3\x0c\xfd\xa3\
\xa1\xb7\x81L`\x1c\xa7\xa5\x0cmIZ\xa0\x81\x99\x5c\
(\xce$.i \x19\x5c\x8c\x1d\xc0\xd8`\x13\x1b[\
\xb2-K{\x93\xb4\xf7=\xf7\xce\xf7\xad,\x92\xa1\x9d\
\xe9\x99\xf9f\xf7\xec\x9e\xef|\xef\xe5y\x9f\xe7}\x15\
\xc0\x07P\x14\x05\xdf\xf7Y>\xd8\xc7\xd2\xfe\x0c\xfb\x9f\
\xf8\x0bz\x07\x06\xb8\xf7+\x7fJ>?G \xa0\xe3\
\xfb\x1e\x9f\xbc\x94\xcb\xaf\xf8\xc4\xa5**\xadv\x9bk\
6\xae\xe1\x89\xfd\x7f\xcb\xeb?\x7f\x9dG\x1f\xdd\xc7x\
\xa1\xcc\xc4d\x11UQP\x17^\xe1\xfb\xc4\xa2a\xe2\
\x910[\xb7ld\xd5u\x9bx\xe5\x87\x07\x98\x98\xc8\
c\x04\x03\xf8\x9e\x0f\xbe\xf2\xbf,\xfe\x8f\xdf\x15<\xcf\
'd\x84x\xf3\xc8q\x9e\x7f\xf6y>s\xfb.\xee\
\xbf\xf7\x0eR\x91\x10\xd1\xb0\x81\xe7\xfb\x1d\x03P\x84\x09\
\x90K\xf7\x10\x8f\x84\xd8u\xc7N\x9a\x85</\xbf\xf2\
*\xa1\xa0!\x0f\x17O\xfc\x7f\x97\x8a\xb2\xf0\xdds<\
\xe2\x890?\xf9\xc5\x01\xf2\x1f~\xc0\xee{\xeed\xe5\
\xf2\xc5\xc4\xa3\xe1N\x94\x98\xf7>\x1c\x0a\x12\x0b\x19\x5c\
u\xc5JV_}\x0do\xfe\xea\x10g\xceM\x12\x0c\
\xea\x5c~\xe6\xf2\x12\xe9\xfa\x9d$\xcc\xdf\x8bO\xb1\x5c\
\xcf]\xb8w=\x07\xdfU\x89d\x1b\x1c\xfd\xf5!\xf4\
T\x8e\xd1\x8d#\x84\x83:\xaa\xaa\x884t6g\xbb\
\x93\x04u\x95\x1b\xb6]\x0b\x81 \xaf\xfd\xea0\x8e\xf0\
\x5c\x01\xc7q\x08\x04\x82\xe8\xbaN \x10\x90\xf7\x9e\xe7\
\xc9\x03\xc4\xa7\xeb\xba\x9d\xc3\x5cW\xae`0(\xdf)\
\xfe\x0bE\x228\x96\x8an(\x9c\x1a?\x0e\xae\xc3\xba\
\x91\xe5\xc4\xa2!\xc2!\x03\xf5\xb2G\xa9D\x8cH8\
\xc0\xba\x91U\xb4\xf2\x97x\xe7\x9dSD\xc3\x11\x5c\xd7\
\xc3\xb6\x1d6m\xdaDWW\x82e\xcb\x86\xe5!\x9a\
\xa6a\xd9\x16\xe9t\x9a\xbe\xbe>\xda\xed6\xb1X\x5c\
>?:z5\x83\x83\x83\xd4j5>76F$\
\x1c\x93\x980\xd5KX\xa5\x19r}9\x82\xba\x8e\x11\
\x08tR\x10\x09\x19\x18z\x90Lw\x82\xa5CKx\
\xff\xbd\x0f\x98*V\x08\xe8\x01\x19\xf2\xb5k\xd7r\xe5\
\xc6\x8dd\xb2Y\x96\xaf\x5cA\x22\x91dxx\x98Z\
\xb5\xc6\xe0\xe0\x12\xf6~\xe9\xcb\x94\xcbei\xe4\xc8\xc8\
\x08\x91h\x94\xed7\xde\x88\xd9n\xb3s\xecV\xa2\xb1\
(VC#\x98\x9a\xe5\xfc\xf8G\x0c\xf4/\x22\x1a\x0a\
IcUa\x80@\xbf\x80M&\x93D\x8d\xc7x\xf3\
\xadw\xf0=\x0f\xd3l3\xbcr%\xb7}\xe1\x0b(\
\xaa\xc6u\x9b73<\xbc\x1c\xcfs\x19\x1d\x1d\xc5\xb2\
,\x82F\x90\x1d\xb7}\x91\xa1\xa1e$SI\xee\xbe\
\xe7\x1e*ss\xdc\xb2s\x8ck7]\xc7\xf0\x9a\xb5\
d2\xdd\xe4\xcf\xdb\xc4{|\xca\x8d\x8fH&\xba\x89\
\xc5\x0d\x14|$\xc2\x22\xa1\xa0\xf4\xb4\xa7'\x05\xae\xcb\
\x89S\xa7\xf1\xf0\x89vE\xd9\xf3\xe5/\xb1ad\xbd\
\x0cq.\xd7\xc7\xd93g\xd0\xf5\x00\xdbo\xfc,\xcf\
<\xf3\x0c\xa1P\x18\xd5\x08\xb3s\xe7Nl\xdbf\xdb\
\xad\xb7300@v\xe9\x10O\xee\xdb\x87\xaf\x1b\x0c\
.\x19\xe0\xedc\x871\x9b\x06\xf9\xe0It\xed&\xba\
\x93I\x99z]\x18\x102\x0c\x99\xd7L:\x85\xdbh\
2y!O\xc4\x08\xf3\xd0\x9f\xfd9F8\xc6\xbe\xa7\
\x9ef\xaaPd\xf3\xa6\xeb\xd8\xbbg\x0f;v\xdcJ\
\x22\xd5\xcd\xd6\xad\xd7\x93\xcb\xe5$\xe0v\xed\xdeM\xb1\
X\xe4\xec\xd9\xd3L\xcf\xceR;\xf4\x86\x8c\x8a\xaa\xe8\
\x12'\xad\x86K\xa3\xacp\xc9\xff\x90v\xbb\x85\xa2v\
@\xabw\x0a\xc9GS\x15\x16\xf5e)LMR\xaf\
\xd5P\xb5 \xfb\x9ez\x86w\xdf;\x81o[\xf4&\
\xbb8\xfc\xd3\x9f\xb1b\xc9\x12\x1ex\xf0A\xacV\x93\
\xfb\xee\xff\x1a!#\x08v\x9b\xbe%K\x09\xc5\xbb\xb8\
\xfd\x8bw0~\xe1\x22\x91H\x94h4\xc2=w\xdd\
M\xab2'\xf1T\x9b\xf3\xd9:z\x15\x9eo\xb2\xeb\
\xf6\xcf\xf0\x8bC\xc7\xd0E\x116\x1bm\xee\x1c\xdb\xc6\
\xe7\xef\x18\xc32-\x1e~\xe8~\xee\xfe\xda\xa3\x0c\x99\
\x16\x9bW\x0c\x92M\xa5d\xc9\xcc\xceV\xc1wQ\x03\
\x01\x02\xa6\xc2\xc8UW\x80\xef\xe1\x9bm\xe9F\x22\x16\
g\xd3\x9aUd4h\x98\x16\xe5J\x8do>\xfe\x18\
\xd1\xae\x18\x86\xa2a7\x02l^\xbf\x0b5\xba\x84\xb1\
\xdb>\xcf_?\xf1\xaf\xe8\xf3<L_.\x8b\x1f\x88\
\x10\x0e\xa5X\xd4\xd7\xc7\x0d[F\xb9f\xdd\x06\xce\x1e\
{O\x9cA\xb3ib;.\x89T\x02p\xf0\x15\x1f\
\xd76\xe79\x1f\x09\xd2f\xb3E\xadR\xa5'\x1a\xa7\
\xbf'\xc4`\xaa\xc9\xd8\x8e\x9b\x09\xf4\xa4\xd9\xff\xe4w\
0\x8c>&&&\xc0m\xa1\xd2 \x1c\x0e\xa3\xfb>\
\x98\x8e\x8d\xe7\xbb\x9c\x7f\xffC\xda\x96K\xb9P\x22\x9d\
\xe8B\x0b\x18\x98\x96C\xd4\x08\xa1\xf8\xa0\xe9z\x87d\
\xc4\xa6\xdfb\xc0\xce\xbd\x103\x01]_\x12\x90iY\
4Z-\x82A\x83\xc5\xfd9\xe2\x11\x03\xcb2I\xa5\
bhz\x06\xd7\xd4h4\x9b\x9d24M\x9bJ\xa5\
\xc6\xb2u\xabYu\xc5\x062\xbd\x19\xca\xa52k7\
\xac\xa3e\xb60\x9bM\xea\xb5*\xaa\xae\x91\xcd\xf5\x0a\
j\xfc\x04\x1d\x8b0\x09\xe3\x84\xc2\x89K0\xa6\xa6j\
R\xab\xaa\xb5:\x8e\xe3\x220_\xad\xd6x\xe9\xc5\x97\
)\x95\xca4\xea\x22\x12\x80\xeb\xf94[&\x07_\xf9\
\x19\x7f\xf7\x97\x8f\xe1z\x1e\xe7\xce\x9d\x93\xf4\xbb\xeb\xab\
_%=\xb4\x94\xdc\xf2av\xff\xd1}\xa4\xd2Y\x5c\
\xcbFQ\xc4\xd6\x8e\xe4\x08Q\xf5\x04\x05\xc7\xba\xd8z\
\xd3\xefQ\xaaV$\x17\x94f\xca\xac^\xbf\x01\xcfq\
\xa4!Z\x00\x82\xbaA\xdf\xe0 \x85B\x89Bq\xb6\
S\x05\x8e\xe31=]b\xc3\xbaU\x0c\xaeZ\x8b=\
7\x85i\x9a|\xef\xd9g\xf9\xb7\x1f\x1f`\xd7]w\
w\xbc\x0c\x04\xf0\x9a-TE\x9b\x97\xe1\x8f;\x01U\
\xd5\xf1[-v\xef\xd9\xcb\x8a\xb5\xaby\xfb\xc8Qr\
\x8b\x16q\xe5\x95W\xb0\x7f\xcf\x1f\x90J&\xf1h`\
\xfb\xb3\xdc|\xcbv\xbe\xfb\x8fOQ\xae6:\x10\xd4\
U\x8dOm\x5c\xcd#\x0f\x7f\x855W\xae\xe3\xa7?\
\xfa\x09\xe3\x93&g\xce\x9ca\xc7\x8e[\xd8\xfb\xc0\x1f\
\xe3V\xab\xb2vU\xb5\xa3\xe0\x0b2.\xee\xdd\x8e\xfa\
-\xe0!\x12\x9d\xd7Y\x8d\xbf\xfa\xfa\xc3<\xff\xdcw\
\xc9d\x16\xf1\xd9;\x1d\x8c\xa8\xc2\x7f>\x07\x8emq\
\xf8\xc4G\xe8\x86a\x10\xd04Z\xa6\xc5#\xdf\xf8{\
\xa1a\xd4\xeb\x0d\xbe\xf9\xf8\xb7x\xe4o\x1e\xe3\xd8\xe1\
7\xf0[M\x99\xff\xdf\xc9\xba\xa2HP\x99mS\x8a\
\xd0\x02$\x84*\xd6k\xa0\xeb\xcc\x16\x8b\x1c=r\x84\
\xd5\xab\xd7\x92/L\x93H\x05h\xb5U*\xb56\x9a\
bw\xb4 \x12\x89\x90\xc9d%`\xc2\x910\x81`\
H*]~z\x0a#\x12\xe3\xda-\x9f\x96\x12\xfa\xdb\
\x87\x0b\xda\x16\x9eW\xeau\xde>y\x9c\xa6\xd5\xeaD\
b!\x1d\xaa,MU\xd3\xd9\xf7\xed\xfd\xf4tgP\
t\x8bDO\x80\x99\x92\x8f\xa6h8Be\x1d\x0fU\
\xf0\xb7\xaekr\x93(\x1fQ\x8e\xd1h\x94\x97~\xf0\
\x03N\xbc\xf5:\x044\x14#$\xde&\x0f\x16\x00\x95\
av\x1c2=i\xae\xff\xf4\xf5\x84C!\x094\xb9\
\x7f\xbeOPT\x9d\xee\x81\x01J\xd3\xe78\xf1\xde1\
\xd2\x990\x91\xa4JaJtW\x1am\xdb\xc1\xf3=\
\xf4z\xbd\xce\x94\xeb\xd3\xb3b\x10]4\xa6\x9eO0\
\xa03q1\xcf\xee=\xf7r\xef\xde\xbb\xf8\xfd]\xbb\
\xe9N\xf5\x10\xeaJ\xa2\x19aQ6`Y\x1dwm\
W\x02\x90``\x1e\x0f\x0e\x98M\xa6'/\xf0\xc2\x0b\
/\xf0\xef/<\x87g\xeb\xa4\xb2\xaa \x12\x0a\xe7[\
\xd2a\x01|q\xc9*h\xb6\x1a\xb8\x8e\x85\x1e\x8aR\
\x17\xe1\xf4;\xf8\xb2<x\xf2\x1f\xfe\x85\xf1\xc9\x22[\
?\xb5\x05\xcf61\x9bu\xd6\x8f\xacahxXJ\
\xb6`I\xc1\x82\xd3\xf9ifgg\xb1\x1c\x8f\xf3\x97\
\xa6\xf9\x8f\x03\x07\xf9\xef#\xef\x92I\xea\x18\xaaJ2\
\xab\xd2nAm\xb6\xd3\xcc\xb4Z\xd6\xc7\x06(\xaa\xe8\
\xe5\x04\xa5*8\xae\xe8\x90<f\xe6f\xe9I%\x08\
'\xba\xf8\xaf\xd7\xde \xde\x95&\x9d\xc9R,\x96\xb9\
Xx\x0b\xfb\xd5C\x5c\xbctQv6\xbd\xfd\xfd\xcc\
\x14K\xe4\x0b3\xb8\x8a\x82iZ\xfc\xe6\xd4i\xb2\xc9\
\x08\x11\x03L\xcb%\x93\xd3\xa9\x94<\xcc\x16\x84C>\
s\xf5\xfa\xc7\x06\xf8\x9e\xa8$A\xa5\xa0k\x1a\x82w\
-\xcb\xa1\xd5\xb6\xc8e\xe3L\x97\xab\xbc\xf8\xe2\xf7Y\
\xbcxPJ\xec\xa4\xed\x106\x0cJ\xc5\x8a\xe4\xf3F\
s\x82j\xa5*Ea||\x82F\xa3A8\xe0\x93\
\x10}\x86\x07-,\xba\xb2\x0ag?\xb0P<\x95Z\
\xa3A\xb5!XP\x15j\xa8\xc8\xe6\xc3tmI*\
\xa2\xa3\x15\xbfi\x9aJ\xbe4K6\x9dd\xd3\xfa\xd5\
xJ\x80#'N\xd1\x93\xcep\xf5\xc6\x8dT*\x15\
\xfa\xfb\xfbe83\x99\x0c\xf9B\x81\xe3\xef\x9f`\xc9\
@\x1f\xab\x16\xe7(\x95\x0a\xfc\xe6\xccGRK<\xbd\
M\xa5jq\xf2\xa8C\xc0P\x18\x9f(\xcb\x99@S\
\xd4\xcbj(:X_\xcag~\xa6JO*\x86i\
\xdbRPF7\xacg\xb0o\x11\xe1pH\xa6\xe4\xd8\
\xa9sT\x97-gh\xe9\x90\xac\x8a\xa0aP\xa9\xd5\
8\xf9\xfeq\xb2\xb1\x00\xa9\x5c\x8e\xdeL\x86\xfetZ\
v=\xdf\x7f\xf9 J\xbcF\xf1B\x9a\xb9<Xn\
\x93\xe2lU\xce\x0eb\xffB\xf1\xb6\xdb&\x93\x852\
3\x95\x1a\xe5\xb9\xba\xcc\xe3K\xdf{\x9a\xed\xdb\xb6\xc9\
v\xcc\xb4l\xfaz\xba\xb9j\xd5R\xa6\xce\x9f\xa64\
[&\xd3\x97\xe3\xe2\xe4EN\x1f?J\x7fW\x90\xc1\
\xde^Y\xa2\x96\xed\xc8\xbeb\xf9\xf02\x9e\xfd\xa7o\
\x83\x1d\xe6\xb5\x03\x05\xc2!\x8d\xf3\x97\x8a\xb2\x94/\x13\
\x97*6\x88\xef\xf9\xf2\x1cs\xd5\xba\x14\x95\xa9B\x99\
\xc7\xbf\xf1u\xc6\xee\xfaC*\xd5\xa6\xe4\x08\x11\xeaZ\
\xbdF\xa2+\xc6\xc8\xf0b\xce\x1e?\xc2\xa1_\xfe\x9c\
\x89\x0f~\xcd@O\x17\x91p\x18\xd7u\xd0T]z\
\xa7\xe9\x1a\xe5\xd2\x0c7\xdc\xb4\x83\x7f\xfe\xce\xd3L]\
\xa8Q\x14\x025[\x9b\xf7~\xde\x00\x7f^\xcf\x9am\
Sb\xc0v]n\xde\xba\x85\x07\x1e|\x08\xcflK\
\x92\x91\xe5n\xdbr>\x90s\x82\xe3\xcaAf0\x15\
\x93}\x83\xe0|1\xac\x5cfA1/H\xd2\xb2\x1d\
^?\xf8*\xdb\xb7\xdf\xc0\xb2\xa1\xc5\x5c\x9c.I\xcf\
\x05\xbe\xc4sBQ\xe7{\xc2\x8e\x11\x97\xa5\xedO\x1e\
\xb8\x0f_1P\x15\x87H4&\x01#\x87\x11\xb9\xa9\
\x93;\xa1\xef\xa2Ai\xb5M\x92IQ\xca\x97\xb3\xd9\
\x19t\x84\xc1\xe1H\x84_\xbez\x10\xdf\xb5\x89\xc7\xbb\
$\x01\x05\x83b\x18\xe9\xf4\x09\xe2\xd4\x05\x0c\x88M\x8e\
\xe7\x92\xebN\xb2e\xcbfh\x9b\xc2T\xd9X\x08z\
\x15\x87\xea\xb2\xc9\xe8\x18\xe1\x08\x05\x9c\x9f\xaaD\x17$\
\xc74\x11WIb\x9d\xef\xa2\xa4\xbb\xa2qN\xbe{\
\x8cE\xbdYt=\xd8\x19\xf1DO9\xbf\xfe\x07\x11\
\x7f\xf6\xe7\xfa<\xcf\xf3\x00\x00\x00\x00IEND\xae\
B`\x82\x89PNG\x0d\x0a\x1a\x0a\x00\x00\x00\x0dI\
HDR\x00\x00\x00(\x00\x00\x00(\x08\x06\x00\x00\x00\
\x8c\xfe\xb8m\x00\x00\x0f\x82IDATx\x9c\xad\x98\
yp\xdd\xd5u\xc7?\xbf\xed\xed\xbb\x9e\xf6\xc5B\x96\
\x17y_\xc1\xe0%,v\x0c\xf1\x02\xd4\x09\x10\xc0\x09\
\xcb\xc0\x10h\x1cB:mZ\xd2f:\xc9t\x99N\
C'\xd3\xd2z\xc2\x0c\x81\x92\x90\xb2\xa4\x80\x83\x81B\
\x09q \xb4.\x18\x03\xb6elY\x96\x90lk\xb7\
\x96\xb7\xfd\xf6\xce\xbd\xefI\x88\xad\xfd'w\xe67\xd2\
{\xef\xdc{\xbf\xbfs\xcf\xf9\x9e\xef\xb9\x0a\xe0S\x19\
\x8a\xa2\xe0\xfb>-\xf5Y\xea\xb2Y\xd6_\xb8\x90\x1f\
\xfe\xd5\xf7p,\x9bo\xee\xb9\x9f\x13]g\x08\x05\x03\
x\xbe\x0f\xe2\xf9\xcc\xa1\xcc^\xf2\xb3-\x14\x05\xcf\xf3\
\x08\x87\x0c\x1e\xf8\xbb\xfb\x99\xb7b%\x8f\xfe\xf3\xbf\xf0\
\xd0\xc3\xcfP\xf4\x5c\x8ev\xf5\xe1\xba\x9e\xb4UgO\
\x14\xe0\x0c]\xa7\xae:C\xc8P\xb8a\xd7\x97\x88\xd4\
\xd4\xf1\xf2\x8b/s\xec\xf8\x87\x84B\xc12\xb8\xf2.\
\x9f\xf3\xfc_\xbf\x95\x1f\xcf\x07U\xd3\x98\x98,\xf2\x0f\
?~\x08kj\x82\xdb\xf7\xdc\xc3Wvm&\x80B\
]URb\xf9\x18@\xf1Vb4\xd4T\xa1\xa2\xb1\
ry;k7\xac'\xd7\xdf\xc3\xfe\x17~\x8d\xae\xea\
(\xbe\x8f\xe2\xf3{y\x5c\xcb!\x1a\x0es\xe4\xe4I\
\x9e\xfa\xc5\x93\xa0\x1a\xdcu\xd7-\xb4\xb75\x90\x8e\xc5\
0tM\x82\x9c\x01(>h\xaaJM6\x8d\xef\xb9\
l\xdb\xfa\x05\x94x\x86\x03\xaf\x1d\xe0\xd8\x89>B!\
\x03O\xbc\xfa\xefa(\xc2\x91\xaa\x82e\xb9\xd46\x87\
x\xf3\xf0\xeb\x8cuw\x13\xa9ka\xe3\xc65\xa8\xba\
B<\x16\xf9\xc8\x83\xd3\xde\xab\xa9Jb(*\x0b\xda\
\x1b\xb8d\xe3z(L\xf2\xc6\x9b\x87(\x96\xacJ\xcc\
)3q\xfa\xff\xc5\xd8'\xc7\xec9\xe55<,\xd3\
&\xa8\x070\xaa\xc6x\xef\xc8Q|Ug\xed\xaa\xe5\
\xc4#\x01\x12\xd1\xd0G\x00\xa7'\xd7e3X\x96\xcd\
\xc6\xf5+\x88\xd671p\xfa\x14\xef\x1c\xed\xc20t\
\x19[bQ\xd7u1t\xa3<YU?\x13\x88\xb0\
\xf9$H\xf1Y|?m\xa3\xea:z@'?\xe5\
\x13\x88{\x1c>\xf2\x1e\x8ag\xd1\xd6\xd6Buu\x8a\
p($\xe7\xa8\xd3\xeb\xc4\x22!\xe2\xd10\xba\xae\xb0\
`~+\xbe\x12\xe0\xf0\xbbG\x18<7F8\x14\x94\
6\xc5b\x89H4\xca\x92\xa5K\xf1=\x9fy\xf3\xe6\
aY\x16\xa5RIf\xa5\x8f\x8f\xae\xeb\xa4R\xa9\x19\
\x90\xe2{a\x93\xc9dX\xb7n\xdd\x8c\xfd\x85\x17\xae\
\xa3\xb5\xb5\x99\xd1\xc1\x02\xe9l\x80\xf1B?\xce\xd88\
\xc9tZ\x1e\xaf\xae\xaa\x04\x03\xba\xf0`\x19a&\x15\
\x97\xec\x90ND\x99\xdb\xd6\x86\xe2\x14x\xe3\xbf\x0e\xe3\
\xfb\x1a\xaa\xa2\xca\x13.\x16\x8bl\xda\xb8\x89\xba\xda:\
R\xe94\x8b\x16-\x96\x9but,\x92^\xf1=\x8f\
P(\xccu\xd7]/?\x17KE\x16/^B[\
[\x1b\xb9\x5c\x8em;v\x12\x0c\x061M\x93\x9d;\
v\xd0\xd22\x87|\xce$\x14\x0c\xe1\x86\x078\xd3\xdb\
\x8f\x96H\x93M\x89<@\xe6\x84:}\xbc\xa9x\x0c\
\xdb\xf6hl\xa8\xa2\xa6\xa6\x9a\xd2\xf0\x10'\xbaz\xd1\
\x03\x01l\xcb\x91^\xc9f\xb3l\xdf\xb1\x83\xf3\x93\x13\
,]\xb6\x8c\xb9\xf3\xe7\xcb\x8d;::\x88\xc7\xe38\
\x8e\x8b\xe7\xb9\x5c}\xed\x1f\xb0t\xd9r\xc6F\xc7X\
\xb5j\x15\x97_\xb1\x99\x81s\x03\xac\x5c\xb9\x8aEK\
\x96\xc8\xfdV\xac]K&\x9b\xc61=\x8a\x93\x1a\xa9\
\xa6\x12\xdd='\xc0\x08\xd3\xd0\x90\x95\xe14\x13\x83\xba\
\xa6\x11\x0d\x87\xe4\x06U\x99\x04z:\xc5\xfbG>\xa0\
\xbf\x7f\x88H(@\xa1Xd\xde\xa2\x0e\xd6o\xda\xc8\
\xc2\xa5\xcb\x18\x19\x1d\xe5\xaam\xdb\x98\xd3\xd2\x82iY\
4440\xaf\x02V\x00\x8dWW\xb3{\xf7n\xe9\
\xd1h4\xca\xb5_\xb9\x9eX<\x86\xe7\xba|\xf5\xab\
7J\xaf\xc6\xb3\xf5466\xc9\x93\x19\xecu\xa8\xae\
\xd7\x98\xb2{\xe4)VWW\xa1\xe0bh:\xba\x00\
\x180t\xc9;\x96\xe9\x92J\xc6\xc1\x08\xd1y\xbc\x93\
\xa2m\xa3\xe8\x1a\xa6S\xe2\x8a-\x9bQ|\x85@<\
\xcd\xae]\xbbX\xb3f\x8d\x8c\xc9t*E<\x91`\
\xeb\xd6\xad\xfcj\xdf>2\x99*|\xd7\xe5\xa2\xf5\x1b\
\x98;\xb7]\x1eu\xaa\xae\x91\xbf\xff\xd1\x03\x84B!\
6\x5cz\x19\xcd--x\x9eM\xeb\x9c9\x04\x82\x86\
\x04(\x80\x8e\x98\xa7 7EmM\xad\x8cAUU\
\xca\x1e\x0c\x04\x0c4MG\xc1\xa7\xbe.#K\xd5\x87\
\xbdg\xf1=\x85h4\xce\xf7\xff\xf2\x07\xac[\xb7\x9e\
d*\xc5\xd3\x8f?F \x16\xc3\xf6 \xd5\xd0\xc2\xed\
\xb7\xdd\xc1\xd1\xa3\x9dl\xde\xb6\x93L:C\xba*\x83\
\xa2\x1b\xa8\xa1\x10\xb7\xdev+\x0b\x16.\x94\xc9\xb2f\
\xddE24l\xcbdN\xc7\x12T\xd5 \x9d\xce\x10\
\x0c\xeaL\x8cy\x14\xc7`\xbcp\x96\xf1\xe1a\x19\xdf\
\xbe\xaaJ\xae\x94\x1e\xd45U\x06d\xa9d\x12\x8a\xc4\
\xc0\xb6\xf9\xe0\xe4i\x14\x0f\xb2\x99*\x22\xf1\x14\xf7\xfd\
\xc9\x9f\xf2\xde{G8\xdd\xd3\x0b\xaeKKS\x13\xff\
\xfa\xe8#\xdc\xb9\xe7^\xf6\xef{\x86@4\xc1UW\
m\xa7cQ\x87\xac\x0a\xce\xc4(\xd7\xdfr\x1b}\xa7\
\xbb\xf9\xd6\x9eo\x92\xcf\xe7d\x19mnl\xa0\xa1\xae\
\x8e+\xaf\xda\x86\x11\x08K\xaa\xb2K>\xc5\x9c\x8f\x11\
.q~b\x90hP#\x12T%\x03H\x80\x82j\
J\xa6\xc5\xc2\xf9M,^p\x01\xb93\xbdd\xd3\x11\
\xe2\x89\x08\x87\x8e\x1e\xe7\xa5;\xee\xc2,\x96\xa8M%\
X\xd9\xd6BKM5C\x03\x83\x1c{\xf7]\x96\xac\
Z\xcd\xb5\xbb\xbe\x8c_*\xf0\xado\xdf\x87\xaa)`\
\xe6\xd14\x0d\xcf\xb4Hd\xb2\xf4u\x9d\xe0\xe0\xc1\x83\
\x14\x1cOn\x8a\xa2\xb2\xe2\xb1\xc7\xd9r\xd9&\x22\xf1\
\x88L\xc2\x89\x09\x8f\x9b\xd7\xdfI6YMcK\x03\
\xdf\xff\xb3\xbb\xd9u\xcb\xfde\x80\x22\x18]\xdb\xe6\xde\
{nb\xc9\xfa\x8dL\x9e\x1d\xe0G?\xfe\x1b\xbet\
\xcd\xed\x8c\xf6\x0dq\xd1\x92\x0e\xaa\xc3\x06\x89h\xb4B\
\xb6*\xb1h\x94x2&\xb3\xcd6\x8b\x92\xff\xaa\xea\
\xabex\xf8\x22v\x15\x05\x05\x8fd4J\xc7\x9cf\
jt\x11\xf6\x90+\x14\x19\x9b\x9c\xe2\xe8\x07\x9d2\xce\
c\xe1 \xd5\x89\x04\xbe\x19\xa2\xb5q5z\xb4\x15\x82\
\x8a\xa4\xaep$P\x06(\x16\x15\xa4\x18O\xa6$\xef\
%2\xb5\x10Pio\xaa\xa5\xa5\xb5\x83\xd6t\x8a\x93\
\xef\xbeG\xa9d\xcb\x92\xa7\xe9\xe5\x92\x97\xce\xa4Q\x14\
\x0fU+\xd3\xa9\xeb\xd8ej\x10G\x22XB\xd3$\
w\x8e\x8c\x8c\xe2\x96,IY\xe9p\x84l$\xca\xbc\
\x0bZ\xd9\xb9\xfb\xeb\xdc\xf7G\xdf\xa1d;\x18z\x98\
\xfe\xfe>\x02\x9a\xa82>\xe3\xa3\xa3\x84\x02\xa12@\
[\xb0\xbe\xa6R,\xe49\xf6\xe6\xdb$\xab\xd2\x14'\
\xcf\x93\x8cE(\xf8AJ\x96]\x96H\x82\xb0\xf1E\
E\x96\x8aO\xd3\xf5O\x95\xb3\xca\xfbV\xec\xca\xcaP\
\x04\xbb\xac\xbf\x80\xe3yr?\xd5\x10\xf1\xd8Hs]\
\x15\xe7G\xa7p\x5c\x97pPgd\xf8<\xc1\xa0F\
 \x14\xa0dY\xe5,.\x99\xb6|S#\xa0\x93\xac\
\xca09\x91\xa3\xae\xb9\x99\x5c\xae@,\x12\xa5\xb5}\
.\x96m\xc9c\x9c\xae\x8f\x86\xf0F:\x05~\xb9\xbe\
~\xde\x10\x5c\xe8\xd8\x0eJ\xa5nO\x8b\x8d`0@\
.\x97\x97\x8fH\x02\xdb\xb2\x88\xc5\xc3,\x5c\xba\x90\xf6\
\x95K\xb1\x1c[&\xad\x9c\xe5\xb9\x9e\x049<<F\
\xd3\xe2\xf9\xb4\xcdk'^S%\x17\xea>u\x8a\x95\
k\xd7bz.S\x13\x13\x98f\x89\x91\xe1\x11\xa2\xe9\
$\x0d\xcd\xcd\xf8\xa6)\xf9\xea\x93C\x02q]\x22\xf1\
8\xe9\x8c\x10!\xa6\x14\x19\x22k\x05c\xa0h\x18\x86\
!\xc9\x1b_AQ\x0d\x19Bw\xdd\xfe\x1d~\xf2\xc0\
\x83\x8c\x8f\x8e\xcb\xcfe\x80\xbe\x8f\xe58\x94\x8a&\x8f\
\xfd\xd3C\xec\xday\x13\xfd\x1f\x9c$\x96Lp\xf8\x9d\
w\xd0U\x8d\xbb\xbf\xf7\xe7\xb4\xaeXF\xf3\xa2E,\
\xba\xe4\x22\xee\xf9\xeew\x09Gb\x15i.\x96Q>\
\xf5\x08\xf2\x15\x9cx\xf5\xf57\x90\xf7<FGG(\
\xe5\xf3\x9c9w\x8e\xe5\x17^H@\xd7%\xd9k\xba\
\x8a\x11\xf0d\xb1\xf8\xc3=wr\xe55\xdb9\xf6A\
\x17\x8e\xefWb\xd0vql\x9f\xa1\xe1\x11\xae\xda\xb1\
\x9d\x86\xc69\x92,E\xe9\xb2m[\xf2\xdd\xdf>\xf8\
\x10W|\xf1\x8b\xe0\xf8\xa2\xf4H.\xf4J%4E\
\xfbt\x0bR\xf9\xac\xaa\x1a~\xa1\xc0\x86\xcb\xaf\xa0\xa1\
\xa9\x91_\xbf\xfa\x8a\x14\x04W\xcc\x9f\xcbu7\xed\xe6\
\xdb\xdf\xb8[\xda\x09\x80\x8afa\x999\x96_\xbc\x01\
T\x93\xff~\xfb}\xf9\x9b.\xe2\xda\xf5\x5c\x8a\xa6\xcd\
\x91#]\xdc\xf1\x8d*\x9a\x16\xce\xc3\x1f\xee\xc7\xb5}\
V\xad^\xcds\xcf>\xcb\x95[\xaf\xe4\xd2\x1d\xd7\xe0\
\x15\xa7PLS\xfaH\x15G5\x0b\xdc\xb4\xf0\x98\xad\
\x05\xe5Q\x17\x0a\xb4\xcd[@[\xc7R\xf0,P\x03\
\xbc\xfa\xfcs\xfc\xe67\xafRSS\x83\xeb\xbb\x84\xa2\
\x0a\xfb\x0f\xef\xe5\xf5\x1f\xfc\x94\xb8\x1e\xa2\xf3\xc4\x872\
\x14t\xf1\x96\x92\xdb\x14\x9f\xce\x93}\xdc\xf2\xb5{I\
$\x22r\xe3\xbesc<\xfc\xc8c\xec\x7f\xe1E^\
~\xe5\x156n\xd9*3\xf7\xd3\x11'\x86/\x8f\x13\
!n-\x0b\x04!W\x86H\x10\xafX\xc4\xf7\x0b\x92\
\xa6\xd4\xb0\xcfc\x8f>Z\xa6'_\x11\xa5\x9fX\x0c\
\xf2\xe6\x04\xef\x1f\xcf\xe3\x17\x14L\xc7.\xebK\x11\xa8\
\xa9T\xba\x5crl\x97\xce\x93g(\x99\xa6\xcc,\xa1\
\xb0E,\xdd|\xe7=\x98\xa3\x83(\x8e\x85\xa2\x07?\
\xd5r\xfa\xa2\x99\xd24\xc6\xc7Fd\x98475\x11\
\x0e\x87?f'\xd6\x97v\xc1 gNw391\
\xc9\xae]_\xe6\xf9}/\xd0P\x1d$\x1c\xf5)\x94\
\x82\x18\x8aC0\xae\x91\x1b*\xc8\x1eH\x0d\x05\x83\x84\
Ca\x12\x09\xd1\xeay\x84#A\x12\xb1\x08\xc9x\x94\
B\xbe \xb9\xd1sLI+BP|n?\xac(\
\x14\x1d\x9b\x0f\x87\xce121\x86/\xe2\xef\x13\xb6\xf2\
\xe8\x1d\x87h4\xc6\xc3\xff\xf6$u\xb5\xf5LM\xe6\
Id4bI\x83\x91!\x07\xb3\xe8J\xcf\x09\xee\x95\
/f;\x8eT3\x82*\xca\xaa\xd8\xc7\xad\x1c\x8f\xd0\
z{\xf7>\x88S\x1cG\x8dDe\x0d\x956\xb3\x9e\
\xd9\x1b\xd7\xd7\xd6\xb3y\xcbV\x9a\x9b\x9a\xc1-\x97\xbb\
\xf2(\xdb\xca\xb6\xc0\xf5H56\xe2\x17\xcf\xf3\xda\xab\
/\x10\x8dD\x88D]B\x09\x9d\xd1A\xb1\xbfH:\
\x95\xa2\xe5\xc8\x99j>\x9fg``\x00\xc7\xf1*l\
\xefW\x1a\x1c\x87p8\xc2O\x7f\xf1\x0c_\xbf\xf9f\
\x0e\xbc\xf4,\x8e\x99C14\x94p\x18%\x10D\xd1\
\xf4J\x8e\xc8>\x12\xcf\xb2q'sxbq_\xf4\
#\x02\x98\xf8YC\x09\x86P#a\x14\xdd\xe3\x8d\x17\
\x9e\xe2\xce[o\xe6\xd4\xa9\xd3\x84B\x01R\xb5\xc2\xc4\
`\xa0\xd7C\x13b\x03_V\x161t\x01\xa6P,\
H\x8e\xaaI5\xcb\x9eX,*\xf8\xcd\x08\xf8\xa42\
Y\x0e\x1c\xea\xe4\xd0\x9e?\xe6\xf6\xaf\xdd\xc8\xc5kV\
\x91J\xa7\xa8\xc9\xd6\xc8\xb0\x08'\xd3\x92r\x10\x02S\
$\xc8\xec\xf6R\xd3\xc02\xb1K9F\xfa\x878y\
\xf2\x14\xff\xf1\xda\x01~\xb9\xef%pKdc!Y\
i2\xb5\x01\xf29\x9f\xf3\x83\x8e\x94~\xae\xeb\xe3\xd8\
\x15\x803\x8b\xa9\xa2vz\xe8\x8aJ\xd161\x1dW\
\x12\xe9\xd0\xe0\x00\xcd\x8du\x8c\xe7J<\xf1\xdc\x8b\xf8\
\x81\x04\x99T\x82\xd1\xe1\xdf2p\xf6C\xaaSQ\xae\
\xde\xb1]zPvr\xbe\x22\xc5\xa6\xf0\xc0\xdbo\xbd\
\x85+\xc2B\xd1)\xda.\xc7\x8e\x9f\xe2\xcd\xdf\x1d\xc4\
q!\x1e\x0e\xcaS\x0b\x86uRY\x83\xa9q\x8fb\
\xd1\x97\x00EY-\x9a\x96,\x00\x1fU{\xf9\xe2\xe5\
\x82.h\xa1d\x96\x88E\x82\xe4\xf2\x05t<\xa9v\
&\xc6\xcf\xf3\xd2\x8b/\xb2}\xfbv\xa2\xc9j\x9a\xc3\
iJ\x85\x1c\xcf\xbfz\x88\xce\x93\xc7\xc9\xe5\xa6\xa4\x03\
[Z[\xa4\xa00\x0b%\xc6\xc6\xa7\xe4ZB\xac\x9e\
\xee\xee\xc6sm\xe2A\x88\x06t\xcc\x82C(\x0c\xa9\
*\x8d\xae\xa3\x16V\xd1#\x18S\x18\x1d/V\x84\x82\
\xf6\x11@\xd7\x15I\x22\x92\xc0CSu\x994\x22\xa8\
\xc5\x9b\x98\xb6C*\x12b\xdc\xf7\xe9\xe9\xed\xe5\x91G\
\x1e!\x16\x8b\xb3z\xf5\x1az{zX8\x7f\x01\x86\
j\x106\x22RPXy\x93\xe1\xe1a\xd9\x92Z\xb6\
\xc9\xe0\xe00%\xcb\xc1\xb1M2\xf1\x00Q\xa3\xcc\xbd\
\x9e\xeb\x13H\x08\x92V\xe9>&\x00\x95\x93p\xf8\xfc\
\x84t\x94(\xf1\x22h$@\xd3\xb1p}\x0f\xb5\x22\
\x92d\x02\x0a\xd9\xe4yLL\xe5I\xc6c$#\x1e\
\x1746\xd0sv\x98B\xa1HWW\x17s\xdb.\
`rr\x92\x80\x11\xc02-\xd9\xf7f\xb3\xd5$\x93\
)r\xf9<\xb9B\x01\x11NQ\x1d2\xf10=\xbd\
=\xb2{\xd4\x0d\x8dR\xb1@0\xa91x\xce\xe6\xf4\
Q\x9b`Hcr*\xcf\xe8\xf8\xa4\xc4!NC\x9f\
\x8ei\xcbv\x10w\x03\xa6i\x91/\x99X\xb6\x8b\xed\
{\xb2%\xed\xe9?GKC\x0dk\x96.\xa7\xad\xb5\
\x85\x81\x911\xfe\xf3w\xff\xc3T.\xc7\xc5\x17_\xc2\
\xe9S\xdd\xb2d\x89\x16s||\x9c\xc6\xa6F\x06\x06\
\x069t\xe8\x10\xc3g\xfbh\xadN\xb0\xa2c>\xbe\
\xeb\xd3PS\xcd\xa1\xc3\xef\xd2s\xee,Sy\x97@\
4\xc2\xf1\xb7l&\xc7 \x1e\x83s#\xe7\xa5f\xd4\
*\x97\x05\xe5\xcb#!$E\xe4\xfa>g\x86\xc7\x18\
\x18\x1d\x97\x80\x1d\xb7,.W.^\xc0\x8e\xad\x9bi\
\xa8\xaf\x93v\x0d5Y\xae\xd9\xf2\x05t\xd7\xe4'{\
\xf7\x12\x8eDeR\x08\xba\x12\x1e\xec<q\x927~\
{\x80\xa1\xbe..\xbbh9\xd5\xa9\x18E\xd3\x946\
\xb5UY.\xdf\xb4\x81\xf6\xb6\x0b8;6D0\x14\
\xa0\xfb}\x9b\xa0\xa10\x99+046Q\xf1\xde\xc7\
\xee\x07\x15\xa9\x09\xa7r\x05F\xcfOJ\xc3\xa2e\xd3\
wn\x84\xf9\xad\xcd\xec\xdf\xf74\xed\xf3:d\xcb(\
hI\x80,\x15\x8a\x5c\xb2r\x09\x17-[\xc0\xe1w\
\x0e\x12\x8c\x86Y\xbc|\x19#c\xa3t\x1e>H{\
}\x92\xb9\x0du\x88F\xc4u\x5c\xe9\x11\xc9\xe7\xb68\
\xca\x10?\xff\xd9\xc3\xec\xdcz)\xcf\xfc\xfc4\x03\xfd\
\x16F@\xa5o`D\xbe\xc4l\xb11\xe3A\x81W\
\x18\x98\xb6-\xc1\xe6\xf3E\xf9\xf7\x89G\xf7R\xd3\xba\
X\xaakM\xd5\xca\x93TU^\x02Y\xa6E\xdb\x9c\
F\x12\xaa\xc5\xeb\xaf\xecg\xdfs\xbf\xa4\xf3\xed7\xa8\
OEH\xc4bx\xbe \x7f\xd1\xd6\xea3\xcaG\x88\
\x0dQB=?\xc8SO?Es\xf5\x5c\xc6\xc7\xa7\
\x18\x9b\x98d\xe4\xfct\xec\xcd\xaa\xe13\xff\x01c\x93\
\xb9\x99\x1f\xc5\x91\xfc\xe3_\xff\x05\xcb7n\xc17\x0b\
D\x22\xe1\xca\xf5\xaf\xb8x\xb4p\x1c!\xe3\x15Y\x0e\
\x83\x81 \xed\x8du4'\xc24\xd7\xd6H\x16\xb0m\
G\xbe\xb4\x14\x08\xa2\xcax\x9e\xbc4\x12@\x85\x17\xbb\
\xbb\xba0\xa2U\xec\xbe\xe1\x1a\xc6'&\x19\x18\x99\xa8\
\xf4=\xe5\xfee\xda\x8b\x1f\x03(\xd0\x0b/9\x9e\xcb\
\xa2\xf6V\xae\xbb\xf1F\xdc|^\xca\xa8P8Z\xa9\
\xa9\x9e\x14\xb1\xd3\xb5XU\x04\xb1:\x12|<\x16\xa3\
P(\xccl0\xbdI\xf9jZ\xc1\xaa\xcc3\x8c\x00\
\xff\xfe\xe4\x13\x8c\x9e\xed%\x93\xc9\xa2\xeb\x86|YQ\
\xe6T]\x93T5\xf3\xcc\x06(AV\x16\xbd\xf5\xc6\
]\x18\xe9:\xac\xf1\x09\xb4\xb0B$\x12\x91Y%<\
!6\x13\x93\x99\x9e#\x08\xab\x22\x06\xa4 \xa8\xd8L\
\x0f\xf1\x9d\xf0\x5c9~\x1d\x84\x82\x12\xb5\xfeW\x8f\xff\
\x8c\xb1|\x81P$\x8c[(\xf7,\xe50*\xcf\xf5\
\xfd\xca\xdd\xcc\xec!\x94\x8c\x00\xb9i\xc3\xc5\xe54W\
\xca\xfd\x86\x00T\xf6Z\xd9N\xd0\x8f\xb8=\x98\x06 \
\xbc*\x80\x8a*$\xd6\x10\xf6\xa2!\x9a\x8e&\x19:\
\xd3]\xa9\xef\x93\x88%\xc8M\xe6\xd0\x1c\x876\xd1|\
U\xee\x88\x847g{\xf0\x7f\x01I\x1b\x8b\xfe(\xcd\
\x9a\x89\x00\x00\x00\x00IEND\xaeB`\x82\x89P\
NG\x0d\x0a\x1a\x0a\x00\x00\x00\x0dIHDR\x00\x00\
\x000\x00\x00\x000\x08\x06\x00\x00\x00W\x02\xf9\x87\x00\
\x00\x15\x1bIDATx\x9c\xb5\x9a\x09\x90\x1du\x9d\
\xc7?\xdd\xaf\xbb\xdf}\xcc\xbc\xb9\xaf\xdc\x079H\x02\
\xb9AB\x02&\x01\x89H\x08(\xcaQ(\x97\xba\xa0\
n\x95\xe8\xc2\xae\xac\xbah\x89\xc7RV\x89\xb8\xeb\x15\
\xcb\xd2\x02V\x0cH\xd4\x05\xdd\x04\xa18BH\x08!\
\x93\x90\xc9\xc1\x5c\xc9\xbc\xb9\xdf\xbc\xab\xdf\xebk\xeb\xff\
\xef\x99d\x08Ij\xab\xac\xfdS]I\xfau\xff\xfb\
w\xff\xbe\xdf\xdf\x1f\x05\xf0\x98\xb4\x14E\xc1\xf3<\xaa\
S1\x16\xcc\x9a\x8eU)\xf3\xd5/~\x8ak6\xdf\
\x80Y\xc8q\xffW\xbf\xc1\xee=\x1d\x84C\x06\x9e+\
^v9\xd7RP\xe4\x9f\xde\xfb?q\xde\xa5\xaa*\
\xa6ir\xe7m\xd7\xf1\xe9\xcf\xdf\xc5@\xdf\x09~\xf4\
\xe8\x8f\xf9\xe3\xf3\xaf\xa3\x854\xda\x8f\xf5\x92\x1d+\xa0\
\x0a9\xc5\xf3gn \x84\x17JLi\xac\xa5R.\
\xb3d\xc1\x0c\xaeX\xb7\x065\x18b\xe7\x8e\x1d\xec\xde\
{\x98`\xc8\xc0\xf5<\x5c\xc5\xc3\x13\x1b)\x8a\xd0\xfc\
\x03\x97\xab \x9f9\xf3\xfe\xb9\x9e\xf7\xc4;xh\xba\
\xc1o\x9f\xda\xce\x1b/\xed\xa0\xb6u:_y\xf0\x1f\
Y{\xd9\x12\x9c\x8aCK]5\x8a*\x84\xf7\xa4\xac\
\xefS@\x08.VMU\x82T<)\xb4\xe1\xbaM\
\x97\x13m\x98B>\xd3\xc3\x9f\xfe\xf4\x228\x0a\x01a\
[\x0f\xd4I\x97r\x96\xcb\xffM9\xeb\xfd\xb3=\xaf\
\xb8\xe0\xda.z@#_\xb0x\xec'\xbfa\xb4\xe7\
(\xe1\xaa\x06\xee\xff\xf2gimJ\x13\x0f\x85H'\
bB4\xa9\xb7z6\xeb7\xd5\xd7P.[\xcc\x9e\
\xd1\xc8\xf2U\xcb\xc1u\xd9\xf3\xe6\xeb\xeco?NH\
X\xdf=w\xd8\xfc=KQ\xc0s]l\xcb&U\
\x13\xe2\xc4h7\x7f\xde\xfe?P6I\xb7\xcd`\xd3\
G\xd6`9\x0e\xb5\xd5\xa9qy')0a\xfdd\
,B*\x1e\xc3\xac\x94Y\xbfv\x05\x89\xfa6\xec\xfc\
0\xcfn\x7f\x91\xa2i\xa1\x08S\xfd?.UU\xa5\
;\xcaE\x87\xe6\x99\x06\xaf\xee}\x053;\x84G\x80\
U+\x97\x12\x8f\x05\x89F\x82\xe8z\xc0\x7f~\xb2\xf5\
\xc5j\xaeO\xe3\xd8.mM\xd5\xac[w)\x9e\xaa\
s\xb2\xa7\x93\x83\x1d]\x88\xc8s]\xefTrN$\
\xfc\xdf\xb3\xbcI\xefO\xecg\xdb\x16\xe5\x92B\xba\xce\
\xa0\xacg8\xfc\xee1\x14\xd5e\xda\xf4\xe9Lkk\
\x90B'\xa2\xe1\xd3\x0a\xf8\xe2 +Ku2A\xa9\
d\xb2b\xe9<\x1a\xa7LCq+\xec~s\x1f}\
\x83c\xa8\xaa\x22?\xe2\x8a\xf2\x038\xb6C \xa0I\
\xa5\xa4\xff\xff\x0fBN\x08:\xb1*\x95\xca\xa9\xdf\xe5\
\x9f\xaa\x8a\xaak\xb8\x8e\x87Y\x84@\xd4d\xd7\xee}\
\xb2\x96\xe9\xd1\x18\xf3\xe7N\x93\x89\x9e\x8c\xc7&y\xe0\
T\xf2\xc614M\x86\xc9\xdc\xd9\xadxF\x18\xcf,\
\xf0\xda\xae\xb7\xfd\xe4\xd24\xa9\x84m\xdb\x94J%\xea\
\x1b\x1ahkk\x93B\xcc\x9c1\x03\xc7q\xa8T,\
\xf9\xef\xc9\xc2\xeb\xba\xfe>\xe1\xc5\xef\xae\xe3\xca}V\
\xae\x5c\x89n\x18\xf2\xb7\xb2i2e\xcaT\xe6\xce\x99\
\x8bY.\x91\x1d\xf0h\x9a\x1e\xa4\xe7D'^\xb1\x08\
F\x90\xda\xbaj\x99\x83\xd1P\xf0t\x12O$o:\
\x95\xc0v\x5cb\x91 \xb3fNC\xd1\x83\x9c\xec\xea\
\xe2\xc0\xc1N\xc2FP\xfa\xca7\x96B\xb9\x5cf\xd3\
\xa6MR\xe8d2\xc9\xbcy\xf3)\x16\x8b\xc4\xe3q\
\x0c\xc3Ot\x11\xcf\x96eq\xe5\x95\x1f&\x18\x0c\xca\
\xef\x88\x7f766\x91\xaeI\x93\xcdfY\xb6|9\
\xf3\xe7\xcd\x97\xb5\xdf,\x9b\xac[\xbb\x96eK\x97a\
\x9a%J\x05\xa8k\xd4\x19\xad\xf42\x92\xe9\x07=D\
Mu5*\x8a\xdc[^\x13\xce\x8c\x84\x82\xc4\xc2a\
*\x96E}M\x8a\x86\xfa\x06\xe9\x99\xfd\xfb\xdb\xe9\x1b\
\xca\xa3\x064\xe90!\xb0\xb0hcc#\xeb\xd7\xaf\
\xa7\xa7\xbb\x87y\xf3\xe61{\xce\x5cr\xb9\x1cS\xa7\
Le\xc1\x82\x85\x14\x0b\x05\x02\x81\x80Tt\xc3\xc6\x8d\
,_\xbeBzM\x5c\x97\x5cr\x09K\x97.cl\
l\x8cH4\xcaU\xd7|D\xde\x17\xe1\xb8|\xc5\x0a\
\x9a\x9a\x9be\x14\x94\x8b\x0a\x01\xd5\xc0H\x8fp\xec\xc8\
1 @c}\x1d\xe1`\xc8o\xa2\xb2\x0f\x8c\x87O\
,\x12\xc2\xd0\x0d,\xcb\xa5\xad\xa5\x96D2\x06V\x99\
\x03\x07\x0e\x9fr\xbfmU\xa8\xa9\xad\xa3\xa1\xa1\x81\x95\
+W\xd1\xd0\xd6\xc6Hv\x94e\xe2\xa3\xad-(\xaa\
J\xbe\x90\x97\x0a9\xae+?\xa0\x05\x02T\xa7\xd3|\
\xea\xd6[\x09\xa8\x01i\x80\xd6\xd6V6^u\xb5\x0c\
\xa3\x5cv\x8cu\xeb7\x92JU\x91\x88'\x98y\xc1\
\x05\xd4\xd4\xd6\x12\x0c\x1a\x14\xb3\x0e\xe5\x82G\xc34\xe8\
:yL4\x09j\xeaj\x88F5\x89\x00D7>\
U\x85b\x91\xb0\xbc!\x5c_\x95\x8a\xa1\xc7\x12\x14\x07\
\x06y}O;\xc1\xf1\xd8/\x16K\xcc\x99\x7f\x01s\
\x17\xcc\xe7\xc3\xeb7P\xc8\x8e\x11\x89\xc5\xd8\xb0a#\
\xf5\xb5u\xc4cq\x19\x0a\xabW\xaf&\x1a\x8d\xcaX\
\x8f\xc6\xe2\xd2cs/Z\xc6\x87\xd6\xac\xa1T,\x12\
\x0a\x85\xb8\xf8\xb2\xcbY\xb8\xe8B\xfa\x07\xfa1b)\
\xb6\xdcp\x033f\xce$\x94HS_\xd7@,\x1e\
\xa5\x94w\xc9t\xdb4\xb4\xea\x94\xe8\x81\x5c\x9ed\xaa\
\x8aH\xd8@\x11\xb9\x15\x08\xa0NT\x80PP\xf7\xab\
\x80\x02\x89x\x14BQzz\xbb\xe8\x1b\x1c&\xa0\xab\
T\xec2\xd9B\x96\xcb._C]C\x83t\xb5\xc8\
\x9b\x9bn\xba\x89d:Mm}=\xcd-\xcd\xe4\xf3\
9\x16,^,\xc3(\x97\x1b#\x1e\x8fI\xc5D\xf1\
\xbd\xf6\xdak%~\x119#\x0a\xd77\xbe\xf90+\
W\xae\xc6\xad\x98|\xfa3w\xf0\x95\x07\x1f\xc0\xb3K\
\xd4\xd7\xd7S\x9d\xae\xa2R\xb6\xc9t\xd9h\x9a\xca\xa8\
\xd3Cv(C<\x99\x22\x19\x8b\xcb.&\x8c\xea\x97\
QE!h\x182A\x03\x8aBcc5h:]\
\x9d]\x98\xa6-\xe1^<\x9e\xe4\xe6[o\xe3\xaa\xab\
\xafa\xed\xda\xb5t\xf7\xf6\xd2\xd9\xd3\xc3\x1dw\xdf\x85\
\x16Mb$\xab\xb9\xfb\xae{\x18\x1e\x1a%\xa0\xebl\
\xb9\xf1F\x8a\x85\x22\x89d\x92H2\x0ef\x9e\x8b\x96\
-c\xd9\xb2e2DT5\xc0\xd2U\xabXu\xe9\
%\xa8\x9eM\xb4\xae\x8e\x99\x0b/\xc4-\x95\x08G#\
\xa4\x92)<\xd7a\xa8\xcf\xa3\x92s)\xdaC\x1c\xef\
z\x0f%\x1c%\x16\x8f\xa1\xa8\x9a\x0cY\x91\x99h\x01\
U\x96Ha\x1d-\xa0\xc8J\x22\x12\xa6\xab\xb3\x17\xc5\
S1K&\xcb\x97\xad\xe0\x8e{\xee\xe5\xb7O<E\
ow7\xaf\xef\xde\xc3{]]D\xa21\xd6_q\
%_\xfa\x87\xcfs\xf5\xf57\xb2s\xe7K\xec\xd9\xf5\
&\xeb\xae\xba\x86\xc6\xc6ff\xcd\x9cE \x92\xc4\xc9\
\x0e\x13\x8eDy\xe4{\xdf\x97\x02\x1e=|\x90\xec\xc8\
0\xbb\xdf\xdcC}]-\xf5uuL\x9b2\x95\xfa\
\xd6VP\x03\xe8ZP\x82\xa3RN\xa1R\xf0\x08\x84\
J\xf4\x0d\x9d\x80`\x98\x8a]\xc1\xac\x94d\x05\x92\x0a\
\xc8<\x168\xc4\xf3(\x99&\xc1PT\xb4)\xde9\
t\x98R\xa9LU2\xca\xe0\xc8\x08\x8f<\xf2]v\
\xbc\xf42\x9d\x9d\xdd\x12\xa9\xa6\x93q\xd2\xd1(\x8f\xbf\
\xf5=Z\xeaj\xb9\xed\xee{x\xf0\xa1\x7f\xa1P*\
\xa2\x1a!>\xf9\xa9[\x98:u\xaat\xb7\xb0\x96[\
\xa9\xd0<{.o\xefy\x93\xcd[>\xce\xe8XN\
\x86K\xba\xba\x9ax4L2\x1e\xe7\x8a+\xae`\xcd\
\x9a\xb5(Z\xc0\xef\xca\x96G>\xef\xd0X\xd3HU\
4H1\xd3\xc9\xfa\xcb\x97\xd2\xdb\xdbO\xe7\xc9A_\
\x01o\x5c\x09\x91tw\xdf\xfeQ\xe6\xce\x99F\xf6\xd8\
!V_<\x8f\xe1\xe1\x02\xbb\xf7\xbf\xc7\xaeg\xfeH\
\xa9\x5c\xa66\x99\xe0\xc2i-\xb4\xd5\xd7\x92J\xc4\x89\
\x1b!2\x03\x83\xb8\xb6-s)\x11\x8b\x93\xac\xaa\x86\
B\x8e\xbb\xee\xb9GV\x1d\xaf\x94\xf71\x8e0K6\
\xcb\x85K.\xe2\xb6\x1b\xafg\xc7\x0b\xcf\xd372\xca\
\xdb{\x8ec;\x0e\x96\x07\xcf\xefx\x91\x8f^}\x15\
#\xa3\xc3\xc4bQ\xca\xa6K\xb1\xe4q\xc5\xfc\xbb\xa9\
\xad]B\xa94\xc4\xe6;\xef _rx\xee\xc5\xbd\
\xbe\x02\x22\x9b\x1d\xdbcj[\x0dw|\xe6\x93h\xe1\
*\x0a\xd9a\xb6\xdc\xf39\xaa\x1b\xb7\xb1\xf5\xba/\xb2\
z\xe5r\xa6\xa6S\xc4\x03\x1e\x9a\x1a\xc0\xb2\x1d\x9cr\
\x99\x82\xe3{-\x14\x16\xdd\xd4\xc3\xf2,4\xc7e\xa2\
\xc3H\xc1'A\x89\x80\x16\xc0-\x99\x0c\x9e<\xc1\xf4\
\xfa:\x16L\x9f\x86\xe3\xd8Tl\x87\xa1\xec\x18\xfb\x8f\
u\xf2\xd4\xef\x7f/+b[C\x1dUZ\x08\xc5\x0a\
\x11\x8b\xa7Q\x221\x82\x02s\x13\xa6\xa6\xa6\xfat'\
\x96 \xcau\x89E\xa3(\x01\x03\x02\x01\x22\xb1\x14x\
:)\x81?\xa6\xb7p\xd3\x0d\xd7\xd2T]\x8dU\xb2\
(\x97m<\xd7CU\x02\xb2+\x8a\xfa.B\x01\x5c\
\x1f\xe7L\xc2:\x93\xd9\x98\xdf\xc4Ew\xae\xc8\x92\x8c\
\xedb\x16M,\xd3Bu<Z\xab\xabY>g\x06\
/<\xf7,\x9b\xaf\xbd\x86\xc1\xe1\x11\x10\xdfP\x0c\xb2\
\xd91\x8e\xeeoGE\xe5\xbd\xb7\xf6\x12\xd45\xc9!\
\xa4\x07\x04\xbb\xb2]\x9bP8D\xe6D\x1fc\xf9n\
\xe6.\x9c\xc7\xfe\x97_AWUbA\x0d]3(\
\x98\xa6\xac\x1e\xaa\xf2~\x22'\x84T5\x1f\xde\x9eo\
M\x10L\xe1\x1d\xf1\xbc#<4N\x0d\xc5\xb2l\x11\
.&U\xa9\x14\xd3[\x9bh\xae\xaf\x92\xef\x08\xf9B\
\x86\xc6\xc1\xa3\xc7(\x16\xc6\xd0<\x1b5\xa0J2+\
\x15\xb0-\x07K^e\x22\xd1\x10\x07\xf6\x1f\x97\x1e\xc9\
\x8d\x8cQ\x9d\x0eItZ[\x9d\xa6\xaa\xa6\x86\x13C\
#\xb2\xb1\xbd\x0fa\xaa\x0a\xd1\x98@\x87>\xa6:\xd7\
\x12\x8a*\x8a*\x09\x8b\x00n\x86\xaa\x9e\xc1\x96=\x0c\
]\x93\x90\xa2P(I\xb0'\xc2\xcfq\x04\x0f\xb1Y\
\xb7i=\x95B\x0e\xa3:E\xfb\xd6\x9f\xfb\x9f\x96\x0a\
\x08\x14i\xd9d\xb39\xf4\x90\xcee\xeb/\xa7m\xea\
TV\xaf_'k\xb9\xd8H\x94\xd9\xd9\x0b\xe6\x917\
\x8b\x12\xacM\x80)!\xb0\x11\x0a\xd1\xd4\xd8\x00\xf2C\
\xe7V@\xf2\x08O\x08\xa9K\xd8\xe2\x9d\x85Kx\x82\
G{.#C\xc3h\x9a\x80\xea\x02\x1d \xc3\xf4\xdd\
w\x0e\xb1k\xd7[\x94\x8b\x05\x86\x06G\xc6\x15\x10{\
\xca<P\xc9\xe6\x0adG\xc6\xb0\x5c\x97L\xa6\x1f\xdb\
\xb1d\x82i\xba\xceK;w\xf2\xe1\x0d\x1bQ\x82\x06\
\x03\xfd\x03\x14\x0ayJ\xa5\x22\xdd==\xb4\xce\x99E\
}s\x8bL\xea\xf3) \x96\xeb\xd8\x12\xa6L\x9b1\
\x83|\xa1 \x1b\xe8\x84!D8\x89\x06UUU-\
\x93]\xa2d\x19D*\x9af\xf0\xab_<\xc9?\xff\
\xd3\xc3t\xb7\xb734\x98\x95\xfbi\xe2g\xa1\x80\xe3\
:\x94+\x96\xb4\xf8O\x7f\xfa\x03\x9e\xfe\xaf\xed\xfc\xfb\
\xa3\xdf$\x1e\x0f\x10\x0a\x87y\xf5\xd5W\xf9\x82\xed\xf0\
\xe0\xf7\x7f\xc0\xf3\xcfn\xa3,\x92\xcf\xaa\xb0\xbc\xa9\x89\
\x1bo\xb9Y\xe6\x85'\xcc'\x89\xed\xf9TP\xf1l\
\x8b\x1bo\xbd\x8dC\xed\x078\xd9\x9f!\xa2\x1b\xd2\xab\
\xbd\x03\xfd\xac\xdc\xb8\x91\xdat-\xbd'z\xd15\x1d\
E\xf3\x08E<\xc9\x0f\xbe\xfc\xd5{\xb9\xb7|'\xe9\
\xa4\xce\xbev\x1fdj~jy\x94+\x0e\xb6\xed1\
22\xca\x8d7\xdf\xc0\xa2\xc5\x8b\x98\xb7x\x11\xfbw\
\xbf\xe4\x93\x10\xab\xcc\xd6_\xfe\x92\x07\xbe\xfd=\x16-\
Y\x22\xe6%\xe3\xa3\x04\x1d\xcaE\x5c\xcb\x1eW\xe2\xbc\
\x0e\x90E\xc0+\x9b\xcc\x989\x9bG\xff\xe3gl\xdb\
\xf6\x14\xef\x1d>\xc2@f\x80MWo\xe0\xf6\xcf\xde\
\xcbo\xb6n\xa5\xe3p\x87\xec\xce\x9e\xea\xc7\xbf[\xb1\
I\xcf\xa8\x07]'s`\x17\xef\x1e\xe9\x16\xac\x00m\
\xa2\xcc\x15\x8a%\x0a\xf92G\x8f\x1e\xe7\x13\x1b63\
\xf7\xe2\x8b\xa5b\xbb_\xfeo\x82F\x08\xc7\xb6\xd9\xb6\
\xed\xf7\x125\xce\x5c\xb8\x08\xb7X\xf4\x85\x91\xa0J\x10\
\x0b\xdf\xf2\xe7\x0f \x7f\x89p\xf5\xcc\x12U\xc9$\xb7\
\xdf}\x9f\xa8?X%\x13=\x1cg\xa0\xa7\x93\xc7~\
\xfc\x18\xa9TB\xc2\xed`X%`x\xbcv\xfc\x09\
\x0e\xff\xeey\x92F\x92\x13\x99~r\x85\xb2\xfc\x96\x0f\
\x80@vYQM\xfe\xf2\xe2\x1bD\xe3\x8fKjY\
_W\xc5_w\xbe\xc1e\x97]\xc6\x9auW\xf2\xcd\
\x7f}\x88G\xbe\xf3\x1d\x1e\xdf\xfa+Ip\xa4\xd0\xe7\
YB9Q\x02el\x9f\xf1\xac\x80\x16\x9em\xe3\x8e\
\x8d\xfa\xf1\xefyx!\x8f\xdf=\xf9$\xc3C\x034\
66P6\x1d\x82\x11\x85P\x10N\xe6;\xd8\xbe\xb3\
\xc4\xc01\x9bD<(\xc9\x92\x8b+\xf2S' \xa8\
_\xa5\x22G\x15\x87\x0e\xf7\xf2\xd6\xb7\x7f&!\x80\xe8\
\x0b\xb9\xb1\x1c7\xdf4\x87+?\xba\x99\xa5K\x97\xf2\
\xec\xb6\xa7\xc9f\xfaH7\xb6\xe0U*\xe7NZ\x91\
\x80\xc1 \x01=\x08v\x05L\xf3\x03\xc4_Q\x14)\
\x88x\xd6SU\x9c\xc2\x18\xcfl\xdbF\xaa\xaaJ\xe6\
D1_ \x9aT\x05\x15F\xd7#D\x0c\x85d\xca\
#\xa4+\xb2\xf4\xcb\x90\x14\x04\xa6\xa6\xa6\x96\x9at\x8d\
\xec\x05\xa2\x0e\x0b2\x11\x89\x84%\x9b\x0a\x07\x0d\x09\x15\
l\xdb$\x95Jr\xeb\xe7\xee#][\x07\xd6\xb9K\
\xa6,\x8f\x9a\xce\xb1\x8e\xc3\xbc\xf0\xdc3\x1c\xef8\x0c\
g\xf6\x8eI\xcb\x1dW\xb6\xa7\xb3Kr\x85\x87\x1e\xfa\
:\x8e\xeb{/\x91T\xd0\x0d\x8f\xb2\x05\xc5\x9c#\x09\
\x97`{\xa6\xb8!\x14H$\x12r\x0e\x93H&\xd0\
uM\xfe81y\x9b\x88\xef\xfeL\x06M\xd3\xb1m\
\x17;;\xf2>ls\xee\xf8q\x89\xc4\xa3\xc4\xd3)\
\xf2\x95\x92\x1c\x85\x9ck\xa9\x02/U*\xd4\xd5\xd5\xf1\
\xeb\xa7\x9f!\x95\xac\x22\xd3w\x12#h\x10\xaf\x82H\
,\xc8\xc8\xa0C1\xe7\x12\xd0\x14\x1c\xc7\xa3<\x0e\x1e\
UA\x01\x05\xfd\x13\xfb\x9fi!\xa1L8\x1ca\xff\
;\x07\xd8\xf1\xcc\x93h\x89\x08Z(,-#\x9f=\
\x87\x22\xd23\xaeCC}\x13+W]\xca\xc2\x85\x8b\
$99\x9f\xc7\x5c\xc7!\x92H\xa0\xa96\x7f}\xe1\
Y\x0905\xd5#\x1as\x09\xc65\x86\x07\x1d\x1c[\
\xc0\x18\xc1\xab=\xcc\x8a\xf0\x80\x82*\xa6\x01'N\x9c\
\x90\xf1y\x0a\xe3x\xa7\x01\x9e ;c\x05\x93\xbb\xbe\
p??|\xf8k\xf4ww\xa0\xea*\x8a\x98\xe5\x04\
\xfc\xb0\x10\x83-\xe15\xcfs\xdf\xa7\x98\xc8\x11'\x97\
\xc7-\x94\xe4\x90W\xc6\xfa\xa4\xcb\x15\xef\x081t\x03\
5\x1ad\xa8\xe7 \xdf\xfa\xca}l{\xe6Y\x22\xe1\
\x08\x8a\xe6\x92\xaa\x0d\xa0h\x06\x99\xee\xd3\xc3t\xbfo\
\xf9\xdf\x90XH\xc4x\xa7\x88\xbf\xd9S1\x0cU\xf2\
\xd5Sc>\xc7!\x1e\x8bb\x99\xf0\xdd\xc7\xb6\xb2\xfd\
//q\xf7\xed\xb7p\xf1\xa2E\xd4\xd57\x12N\xd7\
\xa3\x04t\x892\x110\xda\xb2&y\xc6#0nt\
yGt\x5c\x91\xb4\x12\x07\x8b\xbf\x03\xc5\x02\xfd]G\
y\xf5\x8d\xdd\xfc\xe4g\xbf\xa2\xbb\xbb\x8bd$(\xe1\
C(\xe2\x90\xac\x0fQ,x\xf4wZh\x92S(\
r\x22(\x8a\xcc)\x05\xc47D\x1e\x08\xd0\xa4b\xc8\
\x1b\x22\xdeK\xa6%gE\xb9B\x09\xe1\xb1x\x22\xc9\
\xa1\xa3\xdd<\xfa\x9f\xbff\xcb\xe6\x1c\xa1\x80\x22'\x04\
U\xd1(\xd1X\x986A\x09k\xeb\x09G\x22><\
\x10^\x92\xd5\xc2\x87\x04\x8ee\xc9\xb1K\xb1\x90\x93\xd5\
\xad\xebd/\x9d\xdd}\xec\xd9\x7f\x88Wv\xed%;\
\x96#\x16\x0c\xe1z6\x8a\xa7\x11\x8a\x0a\x90\xa8\x91\xcb\
\xda\x14\xf3\x9e`\x9aRV\x11>\x22\x8cd#\x9b\x1c\
\xb7\xaa\xea\x8e#\x0f\xbf;\xe7\x8be\xea\xd3\x02#\xe5\
(\x94-\x1a\xa74K\xaf\x88\xa4\xde\xf9\xb7\xd7\xb8~\
\xcb\x16Y~\xf7\x1d;IW\xe7\x11z;;\xb8\xe1\
c\x9bhhn\xc5,\x15(\x9b\x15\x09\x02%\x05I\
$9~\xf8]\x0e\x1c<L\xb2\xba\x16#\x14F\x0f\
\xc7(\x14\x8a\xbcs\xf0(V\xb9\x8c\xae*\x04\xf5q\
\xd0\xedB4\xa5\x12\x8d\x07\xe8\xeb.c\x9a\x82H\xf9\
\xb2\xe6K%\x09\xf8\x02J`B\x01_`\x89e\xf0\
gC\x02\xd2J\x9a'(\xa1\xaaR(\x982\x1f\x14\
\xcfE\x09h\xec\x7f{\x9f\x04b\xa27\x88J\xb6h\
\xf1r\x16_\xb4\x82\x91\xa2I\xfbKo\xd1~\xb8]\
\x86\x8a\x98\xcc\xb5\xb66\x93LVQ*\x14\x09\xc7\xeb\
8\xde\x93\xa1P(\xc8\x1c\x1b\x1e\x1abppP\x8e\
H\x92!\x88\x18:\xe5\xb2<\xbb\x22Y\xa5\x10\x0c\xa9\
\x9c\xec\xb4q*`\x84\x05r\xf6\x18\xce\xe6O\x15\x80\
S\x1e\x90GF\x8e\x1fc\xfe\xe9\x87\xea\xd3?\x91h\
\xaeK\xd1,c\xdb\x0eU\xb1\x10\xd9bE*\xb8o\
\xdf>\x8e\x1c9\x22\xfb\x87\x98\xf9\xfc\xed\xc5\xbfq\xf1\
\x92%r\xfe9\xade\xaaD\xac\x86\x11D74T\
\xc7\xe5\xf8\x91#\xd4\xd6\xd6\xd1q\xe8\x80<@\x89D\
c\x0c\x8f\x8c\x104\x02$C\x0aAU\x95\xa1+\x22\
\xa0\xe2X\xa4\xea\x0d\xac\x0atwX\xfe\x14NQ\xc9\
\x95\x0a\x8c\x15\x8a2$O\x1dpL R\xf1\x92\x0f\
f\xfc;\x9a\xc0\xaa\xb2b\xf8\x18},_\x94V\x8f\
\x05U\x12\x11M\x8e`\x0a\xe3\x03\xddw\xdeyG*\
,\xe6\xa3#\xa3\xa3\xb2\xb2uuu\x93\xc9d\xc8\xe7\
\x0a\x1c?\xd6\xc9\x94\xb6i\xf4\xf6\xf5\xb1~\xe3\xd54\
\xb5\xb4\x92\xcf\xe7\x99=\xa5\x89\x9a\x98\x81*\x1b\x970\
\x9c'1b\xa1R\xa2\xaa)@\xe7\x91\x12';\x1d\
4]D\x86Gf`\x04[\x0c\x8e\xc7K\xb2\xef\x81\
q\x0dJVE\x1e\xb4\x89\x0c\x17\x05\xce\xb2<\xc9\x0d\
\xf4q\xba88\x9a%\x99\x88\xc9\xf3\xb3ysf\x12\
\x8f\xa5\xf8\xcb\xab\xbb\x18\x18\x1c \x9f\xcb\xf3\xf0\xb7\xfe\
\x8d=\xbb\xdf$h\x04\xa9\xa9\xad\x91$dxx\x98\
\x0b\x17-bddX\x12\xa3\xd8\xee8\xaf\xbf\xfa\x1a\
\x8ag\xf3\xb1+.\xa1!]\xc5\x89\xcc\x00\x07;\x0e\
\xcbpr\x14\x85b\xb9L\xc5+\xc9C\x8d\xbd/[\
\x94\xc6\xc4\xd9\x85B\xbeP\xa4\x7f$;n}Y\x80\
O\x87\x90X\x95\x8aM \xa024\x96\xa3\xe2\x88N\
'6\xabP\xb1mYUN\xf6\x0f\xb3b\xf1<\x16\
\xcc\xbe\x80\xeaTJ\x02\xb2-\x1b\xd6\xb1k\x7f;o\
\x1d\xe8`\xfb\x1f\xb6\xd3\xda\xd2,\xc7\xec\xa3\xa3\xa3\xd2\
(\x22\x07\xf6\xee\xdd#\xf7\xda\xb3g\x0f\x03\x99\x1e.\
\xba`\x16\xaeU\xa1*\x11\x93\xe1\xd7P[C*\x91\
`\xdf\xfe\xfd\xecxm\x17\xaa\x1e\x22\x98\xb4\xf0\x5c\x95\
\xce\xf6\xb2\xec\xbeB\xe0\xbe\xa1Q\x99\x93bz8Q\
\xa9\xdf\xc7\xce-\xcb\x96\xdd\xb7w`\x98\xc1\x911l\
\xc7\xa6P4%\xc4\x10\xb9\xf0\xa5\xbbn\xe1\x13\xd7}\
\x0c\xc3\x10u_\x91\xcf\x0bO.\x9e3\x8b\xc5sg\
\xb0\xfb\xf5W\xe8\xec\xeaf\xfe\xc2\x05r\xda\x1cO\xc4\
\x999k\xa6\x1c\xc8\xbe\xdb\xf1.j%\xcf\xf4\x86\x1a\
fMi\xc1*\x9br\x94/\x0c#\xea\xba\xa8\xf1\xab\
W.\xe3K\xf7\xdd\xc9\x89\x81\x01B\x11\x85\xf7\x0e\xda\
d\x07]\x0c]\x91\xa5<34z*\xf6'\xd6\xe9\
\xd66\xae\xc0h6G\xbeP\xa2X41-\x9b\x5c\
\xc1\xa4\xe7\xe4\x00\x1f\xbff=?x\xfcq\x821q\
\xc00Qz\xfdd\x17\xd6n\xa9Ks\xf3\xe6\xab\x19\
\xee\xeb\xe2\xf9\x17\xfeL\xbc*I\xcb\x94)t\x1c=\
\xca\xb3O?A]\xc8c\xce\x94&\xa2\xa10e\xd3\
B\x0bhr\xbe\xe4\x13}\x1fn\xe7\x8b%\xee\x7f\xe0\
\x01~\xf4\xc8\xd7\xe9h\xcf\xf2\x87'z\xd0\x0dU\x96\
\xd4\xde\xfea9\x8b:\x13\xc2\x9f\x9e\xcc\x89\x06Q\xb6\
\xe8\xe9\x1f\x96\x9b\x8a\x84\xa9\x98\x15r\xc5\x22\x97.\xbd\
\x90_\xfc\xfcq<\xcf\x90\xcdHv\xddI\xfdC\xc4\
\xb6P^X\xf3\xe2\xf9\xb3\xd9\xb3\xefm^\xf8\xf3s\
\xb2C\x9bC\x19\x9a\xaa\x22\xb457s\xf4\xd81\x0c\
C\xc0\x0fWB\xf8\xc08\x94\xf6\x9b\xb4\x8ag\xb9t\
w\xf6\xf1\xb9/\x7f\x8d\xcc\xc0\x10\xdf\xf8\xee\x0f\x99\xde\
\xd8Df`\x98\x81\xe11Y\x9d\xce\xc4k\xa7\x8fY\
\xc5\xb1Q\xc5b`X\xb8Ip\x9b\x00\xf9b\x91\xe6\
\xba\x1a\x9e\xd8\xfacB\xa9z\x141;\x0a\xf9GE\
\xa7\xc3NtEg|t\xe8Q,\x95hmjd\
j:I\xb5\xe61{J\xabl8\xe2\xe4S\x18E\
\xbc9\x91\x80\x8a\xaaR\x1e?\xe4\x93\xc7Q\x15\x8br\
>/\x9f\xb9\xf7\xb3w1\xb5\xb9\x8e\xa1\xd11z3\
C>\xe4>\x0b\x16\xfc\xc0\xffj \xb4\x14\xff\x89\xc6\
\x227\xba\xe3V\x9a\xe6-\xa5\x5c(\x82\xaa\x11\x0c\x85\
}\xb22ny\xff\xc0\xce\x91V\x95B\x89P(\x14\
\x89F\xc347\xd4\x91\xcf\x17|X1>j\x9c\xc0\
X\x12\x0e)\x8a\xec\xe4b\x9f\x89on\x7f\xee\x0fT\
\x0aY\xd9#\xeak\xd2\x94&p\xbf\xea{Ixm\
\xe2\x92T\xf6\x83:\xf9\x1f\x11\xd9^\x93\x8cs\xf3M\
\xd7\xe3Ul\xf4\xf1\xb0\x11'.\xfe\x18\xc6W\xc0\x17\
N\x8cE\xc6\xd3I\x9e\x94\xfa5[\x0c\xb0\xc4\xb4c\
\x82_\x08%&\x8c8\xe1\xc5@  \xf7\x11\x06\x10\
\xd0\xbd\xfb\xf8q\x9e\xfc\xf9Oe\xef\x88\xc5\x13\xfe\x08\
]\xd7\xd1\xb4\x80\xec3\x93\x15\x10s\xa3\xb3* \xe2\
S8{\xe3\xbaKh\x9e\xb7\x00\xb7\x5c9e\xc1P\
(|\xea\xe3\x8e\xe3\x9e\xb6\xc4\xf8;\xd2s~\x9c\xf8\
\xf8_4\xc2\xf1*!:\xa9\xa8r\x13\xb0\xdd\xf3<\
\x02\x9aO\xa2$X\x16\x03\xdd\x96V2\xdd\xbd\xbc\xf0\
\xc7?\x91H\xc4\xfd\xf1\xa1\xa6\xfbI/.\xed\xf4%\
\xbf}6\x05&\xd6\x87V-\xc3S\x83\x12KND\
\x9b\xb0\x84\x80\x16\xe3v\xf4\xefIk\x88\xfb~,\x97\
M\x01\xb6N[XL\x17\xc4ob\x22W\xa9\x94O\
\x19Cx\xe6L\x92#\x94\x0a\x87C\xe4\xc7\xc6X4\
{\xb6<N\x92'1\xe3\x02\x9f\xe9\x81\xff\x05\x14\x89\
G\x88a\x83\x99\xb6\x00\x00\x00\x00IEND\xaeB\
`\x82\x89PNG\x0d\x0a\x1a\x0a\x00\x00\x00\x0dIH\
DR\x00\x00\x00@\x00\x00\x00@\x08\x06\x00\x00\x00\xaa\
iq\xde\x00\x00!-IDATx\x9c\xc5{\x07\
\x94]\xe5u\xeew\xea\xedu\xee\xf4\xde4\xaa\xa3\x8a\
$$!\x84\x04H`\x10\x08ajlb\x1bb\x13\
g\xbd<\xbf\x95\xf6\xe2\x18^b?\x1c;\xb1\xfd0\
\xc5\xc4\xef\xc5\x14\x83\x0d\x86\xd8\x18\xcbTQ\x84e!\
#\xabK\x8c\xa4Q\x99\x914\xa3\xe9s{9\xf5\xad\
\xbd\xcf\xbd\xa3\x19\x15\x0c$+\xf9\xb5\x8e\xe6\xce\x9dS\
\xfe\x7f\xff\xbb|\xfb\xdb\xfb\x08\x00l|\xc8P\x14\x19\
\x9d\xd3\x9a\x11\xf0\xfb\x90\xc9d\xf0\x99[\xd6\xe0\xae\xcf\
\xde\x0e_\xa8\x02\x96\x91\xc3w\xbf\xf3}\xbc\xf8\xeb\xed\
p\xbb\x14\xd8\x16 @\x80\x0d\x0b\x1fm\x08\xc5\x9f\x1f\
:\x85?x\x0b\xdb\xb2\xe1\xf3\xb8p\xffW\xef\xc5\x92\
\xcb\xaf@.\x99\xc4\xee\x9d\xef\xe1\x9f\xbe\xf7\x04\x86\x86\
S\x90\x15\x01\xc3\xc9\x14\x8e\x9e\x1c\x80\xae\x19\x10\x84\xd2\
s\x01\xf1\xa2\xf7-\x9eS]\x16B\xd0\xe7B>\x97\
GsC\x05\xd6_s9\xbc\xfe($E\xc2\x8e\xf7\
\xdf\xc7\x1b[vCV$X\xb6\x05K\xb0`\x0a&\
\xff\xb4\x04\xfb#\x1cf\xf1\xb0?\xf9\x01\x1b\x82$ \
\x9eJ\xe3GO>\x8f\x81\xde#\xf0\x04BX\xb6\xe6\
j\xfc\xaf\xaf\xfd)\xca\xcb\xfc0M\x1b!\x9f\x17\xb1\
p`\x8a\xd8?T\x00\xb6\x0d\xb8T\x15\xd5\x151@\
\x10a\x1a\x06\xae\xbfj\x19\xea\x1a\xda!\xabnd\xc6\
\x87\xf1\xc6\x1b\xef \x91\xc8A\x91d\xbe\x950qH\
\x93>\x7f\xd8!}\x8cs/t8\xffl[\x80\xdb\
\xe5\xc6\xde\xfdG\xf1\xc4S\xcfA\xcf\x8c\xc1*\xd8\x98\
\xbb\xecr\xfc\xed_\x7f\x01.U\x84\x22\x8a\xa8\x8c\x06\
YS-\xdb\x86]<\xc4\x0b-\xbe\xa4\x22\xd5\xe5\x11\
x\xdcn\xe4s\x06\x1a\xebcX\xb9\xf2\x12H\x9e\x10\
,C\xc3\xe1\x0f\xf6a\xe7\xee\xa3\xf0\xa8\xa4\xfa&\x04\
\xdb\xfeO?`\xd90u\x03\x22}\xb4,x|^\
\xbc\xfe\xe6\x0el\xdd\xb6\x15\xa2l\xc1\xcc\x14\xb0x\xe5\
\xe5\xd8\xb0~\x15\x0ay\x0d\x01\xcfY-(\x0d\xf1\xc2\
\xbboCU\x14\xc4\xa2a\x16\x86\xaekX\xbet6\
j\x9bZX\xda\x85\xcc\x08\xb6\xbd\xb7\x03\x83CI\xc8\
\xb2\xc8\xda\xf2_1DQ\x84e\xd9\xb0l\x13\x96\x09\
x\x83\x22\xdcQ\x1d\xbf|\xf1m$\x86\xce@\x12%\
\xd8\x96\x8a\x9bo\xb8\x1aUU\x11\x98\x16\x10\x0d\x04\xa0\
\xc8\xe2\xc5\x05 \x14w?\x16\x09\xc2\xebvA\xd3\x0d\
D#~\xacY\xb9\x18\x92\x1a\x04\x04\x13\xc7\x8e\x1e\xc1\
\xe6w\xf7\xc1\xe5\xa2\x07\xfc\x17\xad\x9e\x87\x0dY\x96X\
\x08\xa2\x04\xe4\xd2\x06\x1a\xda}8\xd4s\x0c{v\xed\
\x01\x14\x01\xb6a\xa2\xaa\xa1\x05\xb3g\xb5 oh\xf0\
\xf9=\xf0z\xdd\xc5\xb5\xe2|\x01\xd0\xee\xcb\x92\x88\xca\
X\x18\x92(\x22\x9f+`Ag\x0b\xa6\xcf\x9c\x0d\xdb\
\x22\x8b\xd3\xf1\xbb\xf7\xf7\xe0\xf4\x991\x88\xa2\x00\xc34\
\xcfq+\xffy\x834\x8f\xb4\xc04-^L!c\
\xc3\xe5\x12\xd00\xd7\xc2\xb6\xdf\xed\x06\xac\x1cl\x0aM\
n\x1fV,\x99\x07\xd16\xa1\xaa2|nW\xf1\x0e\
\xc2T\x01L\xde\xfd\x80\xc7\x0d\xd30\xe1\xf7\xaa\xb8\xf6\
\xeaeP\xfc\x11\x96x>>\x8c\x0f\x8e\xf4@\x92D\
\x14\x0a\x05\x08\x029\xa3\x8b\x8f\xc9!\xe7\xdf\xbf\xe0\x0b\
k\x9b\xa1\xeb\x1c\x85 H\xd05\x1b\x0dm*\x0e\x1f\
\xefE|h\x88\xa3\x15L\x1b3\xa6OG4\xec\x87\
eZ\x08\x07|\x10\x05\xe1|'H_\xd0t\xcb\xc2\
AH\x92\x82|AG{k\x0d\x16\xcc\xeftv_\
\x02\x8e\x1d;\x86\xfd\x87N\x03\xa2\xc0\x8e\x87\xb4\xc0\xa6\
\x7f\xc5\xc9\xd1O\xda\x91\xb3\x9fIC>|\x90\x90\xfe\
\x90\xa0\xe8Y\xd9ln\xeau\xc5\xef\x05Ef3 \
\xfdL\xc4\x0d\xf8\xc32\x86\x12\x03\xd8\xbb\xf7\x10\xa0\xca\
l\x065\xd5\x15hi\xacFA\xd7\x11\xf0y\xa1\xa8\
\x14\xb9pV\x00\xa5\xc7{\xbd.\x84\xfc^\xfe\xc64\
u\xb46W\xc2\xe3\x0f\xb2\xf3\x03\x0c\xec\xdc}\x10c\
\xe3iZ?dE\xe1\x89\xd3BuM\xe7\xcf\xa4\x15\
\xed\xedm\x10\x05\x11\xba\xae\xa3\xb6\xa6v\xe2\x1c\xc30\
&\x843y\x90\x90h!\x17ZtI\x90\xb2,\xf3\
}\xe9\x9e%a\xb1\xc8\x05\x11\xb3;;a\x18&\xfb\
\x81\xf8\xb0\x05\xafOF\xa0\xc2\xc6\xf1\xee^\xc068\
\xec\xa9>/;B\xdd\xb2\xd8\xc1{\xdd\x8e\x1f\x10\xa7\
\x88\x93\xd5\x9f\xbc$I\xd4d5\xefh\xad\x83\xe8\xf2\
\xf0C\x8dL\x02\xbb\xf6tA\x16D\x0eA\xb2$\x15\
\x17`\xc1\xb4,\xe4\xf3\x05\xd4\xd4\xd4b\xc9\x92\xa5\x18\
\x8f\xc7\xa1\xaa*\xe6\xcd\x9f\xcf\x0bw\xa2\x89\xc9\x02*\
i\x8b\xf3\x9d\x8ep(\x8cX,6q^\xe9od\
\x82\xbc0\xd11\xb7\x0d7\xdd\x84P(4\xe9~:\
\xa2\xd1\x08\xd6\x7f\xea:\x18\xba\x06Q\x12\x90MZ\xb0\
L\x13\xcd3\xdc8v\xbc\x17v6\xc5\x9a\x01\x97\x1b\
~\xbf\x0f\x14.l\xdb\x84\xc7\xa5L\x15\x00\xcdI\x10\
\x05\x84\x02~v(\xa6e#\xe0s\xa3\xb5\xb5\x01\x10\
U\x08\x8a\x88\xde\xe3=\xf8\xe0H\x1f\x03$\x07\xed\x8a\
\x13;E\x8bM\xa5R\xd8\xb8q#\x5c.7\x12\x89\
8\xca\xcb+\xd1\xd1\xd1\x01M\xd3x\x97c\xb12\x84\
\xc3\xa1\x89]\xa4#\x9f\xcf\xa3\xa5\xb5\x15\xeb\xd6\xaeC\
6\x9b\xe1\xc5\xd2\x91\xcdf1{\xce\x1c\xd4\xd7\xd5\xf1\
\xf9\xf4{SS3\x16/Y\xca\xcfQ\x14\x05\xb9\x5c\
\x0e\x9ds\xe6`\xd5\xaaUp\xa9\xe4\xb3\x0c\x88\xa2\x84\
L\xcaB\xd34\x05}\xe3\xa71><\x04Q\x94\x01\
AEuy\x19D\xd0\xa6\x09\x90Eg\xee\xe2\x14\xf5\
w\xbb\xd9C\xd2\xfe\x90\xe4+\xca\xc2\xa8\xaa\xa8d\xfb\
'\xb4\xf1\xfb\x9d\xfb1\x92\xc8A\x94%6\x09\xde%\
\xd3\xe4\xc9P\xce\x10\xf0\xfb\xb1\xfe\x86\x1b06:\x0a\
M\xd31c\xe6\x0c\xb4\xb5Oc\x01\xd1B[[\xdb\
\xb0p\xe1\x22\xa4\xd3i^d\xc94<\x1e\x0fn\xbe\
\xf5vD\x22e\xbcX\xfa[.\x97\xc7\xf2\xe5\xcbq\
\xc9\xe2\xc5H\xa73\x90%\x19\x82(\xe2\xfa\x1bo`\
{wL\xd4\xc0\xfc\xf9\x0b\x10\xaa\xa8D8\x1c\x86a\
\xea\xb0M\x11\xd9\xa4\x88@X\x81\x14J\xa0\xe7\xd8I\
@\xa4\xdd\x92Q]Y\x0eURh\xf9\xc5{\xa0\xb8\
\x85E\xb5\x0b\xfa<P\xf8\x04\x91\x05\xd0P\x17C\xc0\
\xef\x01\xc8\xfe\xf3\x19\x9c\xe89\x0dQr\xc0\x07]N\
\x13\xa5\xddmii\xe1\x1dZ~\xd9e\x08T\xd7#\
\x9eJ\xb0J\xce\x993\x07\xe5U\x95\x90dr8\x02\
R\xa9$f\xcd\x9a9\x01CK\xf6\xed\xf1\xb8\x11\xa9\
k\xc4\xb5\xd7]\x87t\xca\x11\x0ey\xe9\xfa\xfaz\x5c\
\xb6r%\x9b#\xcdq|l\x1c\x0b/]\x81\x96\xb6\
V\xbe\x97\xd7\xe3\xc3\xf4\xd9\xb3@\xc6\x1f\x8d\x95\xf1f\
\x98\x1a\x90\x8a\x1b\xf0\xfa\x14\x94\xd5\xeb\xd8\xd7u\x08\xb0\
M\xca\x98PYU\x01\xb7\x876\x8f\xee\x87I\x02(\
N\x86\x80\x8fH\xae\xbe\xf8]C}\x05\x14\xb7\x07\x82\
,clx\x08{\xf6w\xc3%\xcb\x13\xd1\x82w_\
u\xe1\xca\xb5kQ\xc8\xe7q\xdd\xa7\xae\xa3\xd4\x84w\
\xac\xbc\xaa\x0a\xcbV\xac@\xc0\x1f\x80?\x10`\x19\x8f\
\x8e\x8eb\xd6\xac\xd9\x88D\x22E3 \x14i\xa3\xac\
,\xc6?\xef\xb8\xe3ND\xcb\xca\xa0\x154\xa8.\x15\
^\x9f\x0f\x8b\x96_\x86\xf6i\x1dl\x1e\x96i\x00\x92\
\x8a\xdbo\xbd\x0d\x83\x83\x83\x98^\xd40\x12@[\x1b\
9H\x0d\xb0D\x8c\x0f\x19\xb0L\x1buM^\x14\xec\
Q\x98\x994o@4\x12\x86\xcf\xab\xc0\xb4L^\xc7\
\x84\x00X\xa1\x04\x01>\xaf\xe7lj*\x08\xf0zT\
\x08\xb2\x1b\x90e\x1c<x\x04'\xfb\x87\x1d\x01\x14\xc3\
_.\x9bCM}-\x1aZ\x9a\xd0\xd61\x1dK\x96\
/\x87\x00\x0b\x89D\x82\x1dam\xfbL\xb8\xbd\x1e4\
66\xb2\xa6\xd0\x981s\x16\xda\xdb\xdbYc8\x84\
\xda6\xaakj \x08&\xaa\xdb\xda\xd8\xd1%\x92\x09\
\xb8\xc9\x1c}>\x08\xaa\x07\xf7\xdc\xf3'H%\x93P\
].\xde\xcd\x1bo\xbd\x1d3\xe9>m\xedP\x02\x84\
O,466;aY\x100zF@:\xa9!\
V%#'\xf7cld\x881\x82\xc7\x17\xe4\xdc\x86\
\x04 \x89\xec\x1a1\xe1\x04\x15Y\x82J\xb8\xbe\xa8\x10\
\x14\x01\x02>\x0f$\x89\x1e\xaa\xe3\xd8\x89\xe3\xc8\x1b&\
\xfb\x02\x0b&l\xc1F2\x9b\xc4\xd5\xd7\xae\x83\xa6\x15\
0s\xcel\xb8\x22e0\x0d\x8dw|\xdd\xbak`\
[:D\xaf\x8f'J\x11\x82\x16\xec\x0e\x85\xb0f\xcd\
\x95\xec\xd5y\x07D\x11\xb1X\xb9\xf3PM\xc3\xfa\xeb\
\xd7\xc3\xe3\xa6\xe7J\xac=\xd0sX\xb7~=>w\
\xf7\xdd\xac9\xb0\x0c\xb8<\x1e<\xf8\xfd\x87p\xe3\xc6\
\x8d\xb0t\x07\x1b455\xf25\x82h#9b\x22\
9nB\x95%h\xee\x04\x86F\xfa9\x84\xfb\xfc\x01\
\x94\x85\x02\xb0\x0d\x0b\x92$\xb0\x19L\x08\x80&B\xb8\
\x9a\x06\xd98\xa5\x8d\xd5Ue\x80\xa8\x10\xc8Fo\xef\
ivB\x14S\xe9\x5c\xdd\xd0\xe1\xf1z\xb0\xf1\xa6O\
\xa3\xb2\xbc\x0akV\xafa\xf3\x91\x04\x11\xf7\xdd\x7f\x1f\
n\xdc\xb8\x01f:\x05[\xd3q\xcb\xad\xb7\x22\x12\x09\
\xb3#\xd4\xb3\x19\xac\xbd\xee:\x94\x97W\xb0\x17\xa7\xf8\
\x1e\x088\x19\x9a\x99\xcf\xa3\xae\xad\x15s:;\xe1R\
]\xa8\xa9\xad\x85\xa5i\xb0\x0a\x05\xfc\xfd?\x7f\x17\xf3\
.]\xc6B23)\xb4vt`\xe6\xdcNX\x85\
<M\x18UUUp\xb9\xc8\x81[\xd0\xb2\xc0\xd8\x80\
\x093o@\xf1\xe88\xd8}\xc0\x09\xdb\x8a\x0a\xbf\xcf\
\x07\xc2\x7f\x129UA \x8dq\xbc\x81\xdb\xed\xe2\xc9\
\x90\x09\x90Z\xba\x15\x01\x81\xa0\x17\x90](d\xd28\
\xd57\x0aY\x90!\x092\x0a\x05\x03\xb7\xdcz;\xfe\
\xf5\xc9\xa7\x11.\x8f\xb1\x03\x22?\xfb\xa3\xc7\x1e\xc1#\
\x0f=\x88\xb7\xde\xdd\x8a\x9c\xa6C\x0eF!h:Z\
\xe6,\xc0=w\xdf\x8b\xfe\xbe!\xc4\xe3\x09\x94\xd56\
a\xed\xbau\xec\x13\xc2\xe1\x08\xea\x1a\xeb\x01Sw,\
O\x92\xf1\xd9\xbb>\x83\x8e\xe9\xd3\xa1\xa8*D\xb7\x1b\
\xa2\xd7\x8b\xe3]\x07qh\xff>d3\x19H\x81 \
M\x180l\x86\xb9\x96\xae\xc3\xef\x0f@\x96\x14\xc6\xfe\
\xa6!bl\xd8\x82\x9e3\xe0q\x03\xa7\x06N\xc3\xce\
\xe7y-\xbe\xa0\x1b\xb6H!\xdf\xd9{y\xc2\x04$\
\x0ak\xf4\xa5\x03m)ip{|\x04\xf702:\
\x84\xe1\xe18T\x02>\xb6\xf3\xc0K\x97,\x83n\x89\
\xf8\xd67\xbf\xcd\xea<88\xc4\xc0cxt\x18\xa3\
#\xa3\xb8\xef\xeb\xdf\xc4U\xab\xd7\xe0\x81o\xfc\x03\xbc\
\xd94\xfe\xf8K_\xc2;\xef\xbc\x83]\xbbvcm\
c+n\xbb\xf5\x0e<\xfd\xd4\x8f1c\xc6L\x94\xd7\
6\xc0\xcaeX\x85\x91\xcfc\xd9\xf2\xcb0\xa7s\x1e\
lY\xc0\xb1\xc3\x87 )\x0a\x0e\x1e:\x82\xae\xaeC\
\xf0z\xbd\x08\x04\xfc\xa8\xad\xae\xc6\xfc\xb9\xf3QV[\
\xe7\xc4uY-\xce\xdf\xe6\xa8UHS\x98\xb4\xe1\xf6\
\xca\x18\x15\x92\xc8d\xb2\xf0\xd7V2%V\xd0\x0a\x0e\
\x9f\x80I\x02 \xe8Z\xc2\x03d\x02y\x8dT<\xc8\
\x08\xea\xcc\x99~\x8c\xc5\x09|\xb8\xd9\xf3{\xbc^\xbc\
\xbdu+R\xd9,\x8e\x9d8\x89\xfd\xfb\xf7\xe3D\xef\
)\x98\x86\xb3\x8be\x01?\xc4B\x01O\xfd\xeb\xffC\
y$\x84\xaf}\xfd\x1b\xbc\xc0\xef<\xfc \xc6\x13q\
\xfe\xdc4k6\x16-Z\x82\xd9\xb3:\xd9\xb3\xdbV\
\x1a\x8cQ\xf8\xf9@\xb0\xba\x0e/\xfd\xfc\x05\xdc\xf1\xd9\
\xcf#_(\xa0\xb5\xb9\x19m\xad-\x88E\xa3\x88\x95\
\xc7\xf0\xe6\x9bo\xe1\x85\x7f\xfb\x05V\xacX\x81\xce\xce\
\xb9\x88\x85B\x90U\x15\x86\x91\xe7u\xe4r\x06tM\
\x84\xe2\xb2\x10\x8bz\x91\x8e\x0fCt\x9b\x98\xd9^\x87\
\xae\xc3\xbd8r\xa2\xaf$\x00G\x12\xe4\x199\xa9\xb1\
\xd8\xe9\xe3\xb2\xa53!\xc2\x84\x1e\xefg\x0fl\xdb\x06\
\x87\x19\x97\xcb\x83T&\x8b\x97_\xdf\x8c\xae\x0f\x0e!\
\x99\xc9\xf0\xf5\x8d\x95\x15h\xa8\xaaD]u\x05\x02n\
\x17\x02\xb2\x8a\xc1\xd1Q\x14rY\x8e(\xb6\xae32\
,\xaf\xaa\x86\x95\xcb\x03\xa2\x8eo<\xf0\x00;[\x14\
(\x22L\x22)D\x01f*\x89\xd5W\xad\xc3_\xfe\
\xf9\x97\xf1\xf3\x9f\xbd\x80\x81\xd1a\xbc\xdc\xdd=q\x8e\
KQP[[\x83\xae\xc3Gp\xe9\x92\xa5\x98\xde\xd1\
\x06\xdd\xd6!8!\x0d\xf9,\x903M,\x88\xde\x80\
\xd6\xce+9\xca\x98\xd94n\xff\xccm\xb8b\xf5r\
\xdcr\xd7Wy\xa3\x09#\x16\x89\x05\x91\xb1}*\x9b\
\xc3]\xb7^\x81?\xfb\xca\x171><\x8e\xf4\xf0\x00\
f\xb4\xb7\xe3\xf1G\xef\xc3\xb3?\x7f\x03\x8f<\xf9*\
\x06GFy\x12\xb1P\x10\xab\x16\xcdEMY\x14A\
\xb7\x8b\xefd\x98\x06\x8cB\x01Y\xc3B^\xd3\xd8\x99\
\x15U\x0c\x16\xc5i\x9d\xc2\xb6\x08\xdb(\xa0\xae\xb5\xd9\
1)\xa3\xc0\xe1\xab4\x18&[&\xfc\xc10<\xb2\
\x849\xcduX\xbe`6\x92\xa9,\x86\x13q$R\
9$\x92I\x1c;u\x0a\xc7{zq\xb0\xeb0\xe6\
\xcf\x9d\x03AR\xe0RT\x142\x1arY\x0b\xb2-\
\xa3\xbeb.\x82\x15\xad\x80\x91f\x07i\x0b2\xaa\xaa\
E\x84\xa3\xfes|\x80(1x\xf0{\x14\xac\xbe|\
),%\x80@\xc4q*\xc12\x19U\xd1\x08\xda?\
8\xca\x8bon\xac\xc7\x9d\xb7\xdc\x8c\xd3\x07\xf7\xc3\xeb\
\x96`\x14\xcc\x898O\xeb`\x8e\xa0\xb8\xa3\xaa\xcbq\
\xac\xc4\x14\xb3\x8ds\xd4f\xfe\x1c\x96\x9e\x9fX\xf0\xb9\
\xcc8_\xaf\xe5q\xe2\xc4\x09\x08\x86\x0d=\x9b\x87O\
\x12\x11\x8a\xc5\x80\x0a\xe7\xde\xcbf\xcf\xc0\xb1\x81A\x1c\
8\xde\x8b\xcdo\xbf\xc3\xf7i\xaa\xabAmY\x04z\
\xde\x86h\xbb \x12a+\xdb\x14\xc9\xd97\x88\x94\x04\
\xa9.\xc4\xa2\xa1\xb3@\x88\x1f\xc8\x04; \xc9\x22$\
\xc5\x05QUX#\x08\x1aK\x14\x1e\xb5\x02\xaaBA\
t4\xd7\xe3\xd2E\x9d\x98?o6r\xc94L\x8d\
\xa2\x068\xfc\xd1\xe1\xfcs\x06\x01\xa6\xfa\xc6\xc6\xa9+\
\xfb\x88<\x00\x09\xc0\xd0\x0a\xc8\xa43P%\x19\x12\xc1\
q\x0b\x9cQ\xea\x05\x9d\x0f\xb7$\xa1!\x14\xc0W\xee\
\xfd\x22z\x8f\x1f\xc5\xbc\xce\x99\x18O$\xa0\x93\x1fd\
\xa4\xea@\x9d#{>\x80\xa1\x9b\x10\x14\x17\xba\x0ft\
\xc1\xccg\xe1.j\xa6Xz \xf1\xeb\xb43\x94M\
\x11\x0a\x1b<q\x8ak\x01\xb6$s\xe8I\x0c\x0e\xc1\
\xe7q\xc3\xaf\x10@\xf2C7m\xe8\xa6\x01I\x94/\
BY\x9f%W?\x11eFxC\x96\x18I2\xad\
%L\x15\x9a\x93H\x81\x09\x0e\xcb2\xd0\xd0\xd4\x8c\xda\
\xf2\x08fw\xb4\xb0\xc0\x08\x93\x90\x10\xbc>/\x0e\xed\
\xdb\x87\xc3\x07\xba\x90\x1a\x8f\xe3\xbdw\xde\xe5\xd0J\xc0\
\x8c\x86X\xd2=\xdd\xb4\x98]\xa5\xdf]\x1e\x05\x07v\
\xec\xc1\xce\xed\xbb!\xf8\xa3x\xed\xa5\xd7q\xa6\xe7$\
'5\x94\x81\x11\x0d\x1d\xa6\xbc\x9c\xd8\x98\x0f\xa9\xeb\x10\
M%\xb2\xda\x7f\x02\xe2\x943M\x8b7\x81\xc3\xdbE\
nA\x9aK\xa6e\x174\xe8\xba\x01\x9d\x80\x11m\xa7\
E[J9\x5c\x02\x8b\x96,D&\x9b\xc3\xc9\xe3=\
X\xb8d\x09\x04\x97\x82\x82\xa1M\xd5\x80\x5cNs\xb2\
<\xdbF&\x9d\xc4\xfc\xc5\x0b\xd1{\xa2\x07\x89\xbe\x13\
\x18\x1e\x1aB\xfb\xdc9H\xa7\xb2\xac\x9a\xa6NTY\
\x1b\xdc~\x9fCH\x9e3\xa9\xd2\x5cM\xdbF$\x1a\
\xfd\xd8\x02prM'\xdd%\xc4yQ3q81\
\x04\xc3a\x166-\x9a8\x0d\x1a\x0eb\xb5\x90\xcb\xa6\
Q\xd3\xdc\x80%W\xad\xc0\xac\xf9\xb30ka'\x8c\
\xc48\xb2%\x0d\xb0\x8bs#'\xa6\x1b\x14;M\x8c\
\x8e\x8f#ZW\x89UW]\x01[\xb7\xb0\xe1\xf6\x9b\
!\xb9\xdd\x8c\xf9\x09/P*Z[W\x8b\xca\xba:\
d\x0b\xb9\x0bN\x90\x12\x13\x7f0\x80\xfa\x86:\xf2v\
S\xc2\xdc\x1f\x1a\x8e?\xb2\xa1\xc8\x0a\xb3S\xc46]\
\xf8<\x11\x9a\xa1\xb3\xa9\xa4\xc7\xc7166\xce\xbc\x01\
c!K\xe0Z\x01\x85T\x02n}\xdd'0:<\
\xc6\xd7eR)$\x13YG\x00\xa5\x9b\x11\x03D\xb7\
\xcc\xeb\x1a\x86\x87\xc69l\xd5\xcc\xec@\xb8\xb1\x1e\xe5\
\xcdM\x80\xa196\xad\xaa8u\xfa4F\x06\x06\xb1\
f\xed\xd5\x18M\xc4\xe1v90\x9a\x9c&\xa9#1\
F\x1aQT\x1e7jjj`S\xf8\xfb\x98~\x80\
)9\x8f\x17\x0du\xf5\x1cZ/,@g\xce\x84X\
)S\xa4\x5c\x86\xfc\x05m\x88e\x090-\x11~_\
\x08[\xdf\xdd\x8e?\xfe\xa3\xff\x86\xcf\x7f\xf6\xcf\xb0m\
\xcbV\xe4s9\xc4\xe3\x99\xa9a\x90\x0b\x1c\x0c\xadm\
\x8c\x8d$`\x16\x0ax\xfdW/\xa3\xf7x/\xda\xa6\
\xb5\xe1\xca\xebWCc\xe2QbX\xf9\xd2\x8b/\xe2\
\xde\xbf\xfck\xbc\xf5\xe6\x9b\xe8\xde\xbd\x0f>\xaf\x17\xa2\
\x83B\xf8^\xa3\xd94\xfe\xea\xeb\x7f\x0fo0\x04\xa3\
Hu}\x9c\xe1\x10&\x22.[\xbd\x1a;\xb7\xbe\x8b\
p$\x5c\x14\x8c\xe5\x10*4yY\x86fZ\xe8h\
o\xe7d\xc7\x81\xc2Nb)+\x94\xd1\xd2\xc6\x1a\x08\
\x06\x83\xe8\x9c;\x13\xaa\xaa\xa0\xac,\x8a\x81\x813\x88\
\xc7S\x0e\x84\x9e\xd0\x00\xdbb\xafN\x5c\x19\x99\xc3x\
_\x1f\x1ez\xf01\x8c\x0c\x8d\xa3\xa9\xb9\x01W\xae\xb9\
\x14\x05]cB\x922\xaa\xcd\x9b7\xe3\xae\xbb\xef\xc1\
\x03\xdf\xfd\x1e\xde\xdc\xfc\x1a\xfaN\xf6!\x9b\xca@\xd3\
\xf2\x08\x85CX\xb6r\x15\xe6-Z\x08#\x97\x85(\
\x90Z~<?@\xd9\x1a\x11\x9aW]\xf3)\xec\xdd\
\xb3\x17\xef\xbc\xbc\x09\x11\xaf\x0f\x1eU\xe5\xc8B\xa6x\
\xf4\xc4q\xd4\xce\x9e\x85\xa5+.\xc7\x8e-\xefr\xf9\
>\x12\x09\xc2,\xd8\x90=\xe0D(\x93Ic\xde\xc2\
\xa5\x98w\xc9\x5cf\x90\x09n?\xf1\xe8f\xa4\xf3\x05\
65\x16\x00\xe3\x10\x1b\xc8\x17L\x84|\x0aF\x13I\
\x84#A\xfc\xcd\xdf|\x05=='QSS\xc7\xf8\
\x98\xd2Y\xa6\xb0\xbc\x1e\x1c?q\x02\xafmz\x09\x1b\
\xee\xba\x07\xebo\xba\x85\xa0\xd4\x14\xb5$:\xda\xc8\xd0\
\xce\x17\x01\xfe'\x08\x85|\x85\xae\xe3\xaf\xbev?V\
\xae^\x85\x9f=\xfb\x0c\xe2C\xa383<\xc6\x8er\
\xe5\x8d\xeb\xf1\x85{\xbf\xcc\xc5\xda\x87\x1f}\xd8\x09\x9d\
D\xc7\xdb\xc4S\x12\x0e\xd0\xd8\x0fpJO\xf9?}\
\xce\x8cc\xff\xc1\xa3\xd0(\x93\xc4\x84\x098\xc1,\x9d\
\xce\x22\x1a\xf0\xe1d\xcf\x00\x8cB\x1e+\xaf\xbd\x0a+\
\x05\x0b\xb0$X\xf98SU\xe4\xf5)\x8f\xa7\x8c\xec\
\xc7O?\x835k\xaf\x81\x97\xf2y\xa6\xaaK\x8bu\
\xe253\xaf\xff\xce\xd2!\xcf,\x93\xe6]^\xba\xe2\
2d3)\x0c\x0c\x0c2\x11\xeb\x80,\x05O\xff\xcb\
\xa3x\x7f\xc76\xf67Lv\xda\x0e\x02\xb5D\x03\x83\
\xc9\x83(\x1cV\x08\xc71\xc9;84\x88\x03\x87O\
r\x81\xd4\xa6\x14\xc0\xd94g\x96\x89T\x1aBM\x05\
N\xf4\x9e\xc1\xe8\xd8 j+\xab\x01J\x5c,\x11\xa2\
l\x22\x9b\xc9\xa1\xb2\xb2\x125U\xd5\xd8\xbd{7\x8e\
\xc6\xbb\xf1o\xcf=\x8b\xcf\xfd\xf9_\xc0L\x8eM@\
\xdd\xff\xe8\xc1DL\x9a\xb0<\xe0\x91U\xb44\xb7p\
\xf83\xb2yd\xd2#x\xfc\x89'\x11\x0a\x85'\xc0\
\x17-\xc7\xe7'?.c\xdf\xf0+\xd8\xfd\xca\xab\xd8\
\xf5\x9a\x89\xdaJ?\xed\x13RiJ\xc6\x8a9\x10\xce\
*-\xfb\x00\xc2\x83\xa9\x9c\x8e\x87\xfe\xe5Y\xcc\x9c\xf6\
\x1e\xefbe9\x15#lly\xef\x00beQ|\
\xff\xb1\x1f\xe0\xe9'\x7f\x8c\x9f>\xf3c\xfc\xe0\xb1\xc7\
\xb0\xe6\xea\xab\xd1\xd0\xd6\xce`\xa4\xe4\x88\xfe\xa3G\xc9\
\x89\x92\x83\xb5r\x05.~\xc8\xa1\x08^{\xeeg8\
\xd3\x7f\x0a\xd5\xd5\x95\xccd\xb39\x0b\x80/D\xe6n\
rr$\xcb\x02\xf2Z\x06\xa7\x07\x93\x10\xe9\x8f\x93J\
vr\xa9\x10A\xce\x8d\xd4\x87b.\xa5\x9aon\xd9\
\x83\xcdo\xefa B\x15\x17J\x83\xb5\x5c\x0es\xe7\
\x94\xc1\xe3\xf3\xe1\x9e\xff\xfe?p\xc3\x86\x9b\xf0\xc3G\
\x1f\xc6\xfe}\xfb\xd00}\x16\xec<\x09\xe0\xe3/\x8e\
\xeb{\x1f\xa1>H\x83\xce\xe0sI\xdb\xf4\x02\xdex\
c3\x83\x1e\xc3p\xee\xc1~@\xb2\xe1\xe7\xa0aA\
R%\xe89\x8d\xf1\x80J\x85R\xca'\xf2Tur\
\xb0\x85L\xff\x91Z\x1b\xba\x81\xb1\xd1\x91\x09\xc9P\x8d\
\x90\xf04\xc5\xe0B\xbe\x00\xaf[e,\xc0\xc3 \xbe\
-\x8e\x8a\xea*\xfc\xdd\xb7\xbe\xcd6\x8a\xac\xc3\xe7\x7f\
\xecA\xbc\x9c\xdf\xcf\x5c\x1f9\xbc\x8f\x22AFy.\
\x17\xce\xf4\xf4`\xcb\x96-X\xbcx!\x96\xafX\x81\
\xc7\x1f\xff\x11\xbc\x1e\x0fT\x97\x00\x9f\xdfba\x90\x00\
rYj!)Bs\xdb)\xe6P\xdf\x03\x0d\x91l\
\x86\xb9\xb9P\x08\xb55uL\x88\xd0\x85\xf4\x93N$\
\x95+Uy\xc9\xa3\x13\xe5\x9d\xcbf\x99\xa6\x22\xb2\xd2\
J\x15ko\x1f7\xc6\xab\x0a^|e\x13\x1e\xf8\xce\
?\xe1{\xdf\xf96N\xf7\x9d\x06\x14\xf5\xa2%\xf0\xc9\
\x83\x9f&\x08\xd0t\x1d\x1b7\xde\x84\xc7~\xf4\x14\x9b\
(\x85A\xc2\x0e.\xaf\x00\x9fG\x80(\x13R\x140\
>L9\xc9\x04\xff\xcf\x09\x14\xe5>\x80\x08\x99\x8a\x92\
\x84\xee\xe2\xf18\x97\x97\x14\xd5\xa1\xc6'\x1eV\xca\xbc\
\xb8eN\xe1\xb2W&\x9d\x82;\x14\xa1\xc2\xfc'\xda\
u\xbe\x9f\xaec\xed\xda\xb5Xs\xd5\x95\x18\x1b\x1b\xe3\
\xa8B\xc9\xd8db\xe4\xc3\xaeG\xa1\xc0\xf5\x86o>\
\xf8 /l\xe7\xefw\xc0\xebq\xc32lxB\x22\
\x88\xce\xf4\xf8\xddH\xa5L\xc4\x075.\xf7\xf3\xba\xc8\
\x5cL\x07L\x81\xc0\xf4\xf8\xf88#*\xf2\xa2T\xdd\
\xb9P\x99\x9a\x87\xed\x10\x1a\x94U\xfd\xfaW\xbf\x80`\
\xe5!\xf2\x8e9\xc5\x8d\x8f-\x04\xdb\xf1\xe8~\xb7\x1b\
\x8d\x0d\x8d\x08R(\xbd\xd8\xb3/4\x1db\x92\xe8t\
]\xc3\xc8\x89.\x0c\x0f\x9e\x84KU\xb8\x01\xc2\xef\xa3\
D\xc8\x84;\xa4\x221n\xa0\x90\x93\x9c\xac\xd4\xa6J\
\x94\x80l^/V\xb7\x04\x88\xe4\xfc\xfa\xfa\xfa\x18{\
\xfb\xc9\x16/$\xed\x89HI9\xba\x82\xbf\xf8\xda\x03\
\xf8\xc7\x7f\xf8*\x86N\x1d\xe1\xaa1;$nW;\
[\xf3\xfbH\x83\xcc\xcb\x00\xac\xbc\x06\xdbp\xcam\x1f\
i\xe1T\xc9\x96\xc9y\xe7pt\xefV\xdcw\xff\xdf\
a`p\x08j\xd1\x84|!\x1b.\xb7\xc4\xf6?2\
`\xc10\xa4\xa2k\xa1\x0b\x85\xa2\xfa;\xeeF\xa6\x0f\
$\x84\x93'O\xa2\xaa\xaa\x1a\xde\x88\xb7X+?+\
\x00\xae\x02[\x16dQ\x82\xaa\xc8(+\xaf\xc6\xff}\
\xfa\x97\xd8\xf1\xfb}\xb8\xe5\xe6\x1bp\xf5\x95k\x11\x89\
UCp\xf9\x09|\xc3fGj_\xc4v'\xfe\x9b\
\x5c\x9d-\xaen\xcaR'\xa6Q\xaaV\x11\x1e\xa0:\
\xa5@i\xeeX\x1f^\xfd\xf5&<\xf5\xcc\xb3\xe8\x1f\
\x18\x99X<U\x86|a\x01\x812\x0f\xd7\x07\x06{\
\xc8\x99\xd9E\xa0\xea\xdcm\xb2\x96\xcb\xa5\xaf)\xdc\x91\
&D\xbc\x8d\xf0\xba|\x5cA\x15\xce\x0bU\xceOE\
U \xa8A\xec:\xd2\x8b}\xff\xf8\x10\xb6\xed\xdc\x8f\
kW\xafDKC#\xea\xea\x1b\xe0)\xab\x00\xa8\xa4\
Feu\xe7\xe2bG\xd3$\xee\x8f~\xe7UMn\
\x97u\xc2\x18ykn\x81$LA\x1b \xd3\xc2\x89\
=\xcea\xb0\xa7\x0b\x87\x8f\x1e\xc5\x0b\xbfz\x03\xaf\xbf\
\xb9\x05\xaa\x22\x22\xe2\xf3\xa2\x90\xa3\x86(\xf2\xa36\x02\
!\x01\xb2[Fr\x5c\xc3H?e\x92\x02\xd7\x01\xe8\
\x09d\x22\x14\xf1\xa6\x08\xc0.\xf6y:*lpi\
\xa4\xe4\xda\xe8\xfblN\xe3\xb0X\x9aw\x9e\x0a\x0b\x12\
11N\x92\xb3\xf97\xef\xc3\x90<\x98==\x09\xfd\
\x9d\xad\x88D\x02\xe8hi\x81\xdf\xeb\xe1:aeu\
\x1dW\x91\x89t!\xc2\x82Y\x1cUf\xbb\xb4\x88\xab\
\x13\x8a\xac\x0e\x85-Y\xe64\x9aB\xa2]H1\xc3\
<0|\x06\xc7O\x1c\xc7\xc1\xaec\xe8\xee\xed\xc7\x07\
GN\xe0\xe4\xa9>H\xaa\x877\x8e\xd8gZ$!\
 Y\x05<\x01\x91;\xdc2)\x1d\xb9\x0c\x81\xa8\xb3\
`\x8f2ZM/\xf6-\xd9\x93\xd2\xe1\x92M\xd0\xc9\
\x8e\x00\x1c\xcf/\x09\x02ry\x8d\xfb\x81\x02^\x01\xba\
\xa6\xe1\xf4\xa9~\xcc\x9a\xd6\x04[Q\x91.\x90\x11[\
\xd8\xfe\xdev\xd4\xd66\xa1\xb5u&\x8e\x1f;\x8a\x03\
\xdd\xbf\xc5@\x7f\x1f\x92\xe3C\xf0{%4\xd6T\xe2\
\x8bw\x7f\x1e\x81P\x84=\xbd\xa9I\xb0\x89\x863\x1d\
\xbf\x91L\xa7\xa1x<\x18:\xd3\x87w\xb6\xbc\x0b\x93\
\x9e\x9b+\x10\xe4\x80\x06\x15\xb2\xdb\x03\xaf/\x88\xa1\xf1\
,\xc6G\xc7\xa0\x88\x14\xce\x0c(\x229g\x11\x96\xee\
\xdcG\xf5\x02\xbe\xa0\xcc\xc5\xcft\xc2D>Oi\xf2\
Y\xcd+h\x8e\xc0J\xa1[>\xc7\xc5\xb0\xb7\x9f0\
E\xd6P\xc7\xfe\xa9c\x8c2-\xc3\xa6\xcf\x1a,*\
\x8ez<H\xd2\xae*\x0a\x97\xbb\x7f\xf1\xc2\xf3\xb8\xed\
\xb6\xdb\xb0\xf8\x92\xc5\x0cKIp\x14\xe2v\xee\xda\x81\
\xa3\xfd\xfdxn\xd3o\xb9\x9a4\x1e\x1fc\xc2$\x9d\
\xcap\xdf\x0e\xed~\xac\xb2\x02^_\x08\xc9\xb1a\x0c\
\x9c\x19\x84?X\x8e`\xb4\x02\x9e\x80\x0a\xaf\xaaB/\
\xe4p\xf0\xc0\x01\xec\xdb\xb7\x07\x96\xe14U\xd9\x86\x86\
P\xd4\x0b\x9bi3\x91Y \xafO\x84?(\xf1v\
\x8f\x0d\x1b\xd0\x0aT\xe7<ka\xe9\x5c\x9e\x99\xafR\
\x87\xa0|\xce\xf2\x8b\xca\xef4.8\xedo\x04\x83]\
\xc8Qq\x91l\xa8\xe8M\x93\xe9\x1c\x22\xe1\x10T)\
\xc7\x80\x84r\xf4T:\x8d_\xbe\xf4\x12\x86\x86\x87\xd9\
T\xa8\xf1\x81\xc6\xd2\xc5K\xb9.\x9fMg\xe1I%\
\xd1C\xdcA>\xc3e\xf0\xc1\xe11\xf8\xfc>Db\
\x16\x86\x07\x07\xb9}\xa6\xac\xac\x02\xa3#c\xe8\xee\xee\
\xe2f\x8bt&\x03\xaf\xc7\x8bd*\xc9\xbd\xc1\x5c\xd1\
\x11\x0c\xc4\xc2n\xa6\xe25\xd2W\xf6O6\xbc!\xea\
\x12s\xfa\x05\x07z\x0d\x88%?Tl\xe6\x1aK\xa4\
\xb8\x90[\xc2E\xf2\x14\x01\x10\xe23\xce\x16H\xc9\xa6\
\xd8\x0c\xb8\x94\x5c`\x08Z\xf2\xa0\x99<u{Y\x08\
\xfb\xdc\xac\x05\x04-\x15Y\xe5\x1d'xJ\xb43\xb1\
\xb4w\xdey'\x9ey\xe6\x19&R\x1b\xea\x1b\x9cF\
\x0c\x8f\x17e\x91(\xfa\xfb\xfa\xd1T\xdf\x84\xa1\xc1A\
\x0e\x87\xd9t\x06\xa9D\x12\xc9\xf1\x04\x1a\x1a\x1a\xf1\xea\
\xeb/#\x1c)\xe3\xde!\x22<\xb9\xd7_\x04<\xaa\
\x85\x10u{R<$M0\x9dz\xbf\x96\xd7\xe0\x0b\
\xabp\xb9\xa9\xa3E\xc7\xd0i\xa7\x11\x82\x96J\xcf\xcd\
\xe6\xf3Hf\xb2S\x98l\xf1\x5c\x0d \xc8[\x0a\x99\
\x13\xa1\x90\xd2F\x85\xfa\x82)\xa6:\x02\xa0\xd4X3\
,\xe6\x01C~\x0f\xfc\xaa\x08\xad\x90c\xe2\x94\xea\x08\
\xd4\x0f@\xaaM5\x06n\xa7\x15\x04,X\xb0\x80\xe9\
\xa9\xbe\xd3}l\x83\xdd\xdd\xdd\xdc\x041::\x06\xaf\
\xdb\x8bc\xdd\xc7\x90Ie\xb0o\xdf~\xbc\xf1\xd6[\
\xb8\xed\xb6?\xe2\xd0La\x9a\xe2\xbc$\xd8\xf0\xaa6\
\x82n\xaaEL\x8a\x9a\xd4\x19B\xad9\xb9\x1c\xc2\xd5\
\x22\x5cn\x01\xbd\xdd9\xa4\x88\xdad?\xed8\xf8\x91\
\xb1\x044\x82\xf4\xe7\x85a\x9c\x05<9\xa3\x00\x93`\
\x9a\x93\x5c\xf3\xa2\xa90T\xe2\xe2JP5\x93\xcb\xb3\
z\xb2'7-\xb8]\x22\xa67\xd7bzS#R\
\x994\x86\x86\x86\x11\x8dF\xf1\xc3\x1f\xfe\x90\x13\x14j\
\x8b\xd9\xb4i\x13\x97\xbaZ[[\xb1s\xe7Ntv\
v\xe2\xad\xb7\xde\xc2\xfc\x05\x0bp\xe8\xd0attL\
\xc7\xb4i\x1d\xf8\xdf\x0f<\xc0\x8b\xe6\x1eC\xd3B<\
\x91\xc0\xe2y3p\xed\xca%\x5c\x84%\xc7\xc9\x9d\xa1\
\xa5\x10Z\xecA\xccjY\x84c\x0a\xce\xf4\x17pd\
\x9f\x06-K\xa1\xd4Y\x1b!\xd8\xa1\xb1\xf8yu\x0c\
y\xaa\x13\x04\xf2\x14~\x8a*C\xb6\x9d\xe3\x0e-\x19\
\xe9\x8c\xc6\xb4\x12a\x7f\x0a1\xe4\x18G\x13\x09\x84\x82\
~f\x81k++\xd1\xd4X\x87\x8ah9\xca\xcb\xa3\
\xd8\xb6k/\x06\x86\x069\xcfX\xbdf5\xae\xbd\xe6\
\x1a<\xf7\x93g\xd1\xd6\xde\xc6&E\xd9[uu5\
\x0euu\xa1\xb9\xb5\x05\x0d\x0d\x0dH%S\xd8\xba\xf5\
7\x9c\x9c\xc5\x22Q\xfc\xe0\x91G`\x9b\x1a\xae_u\
)Z\xea\xaaQ(h\x88\x06\x8389\xd0\x8fcG\
\x8f#W\xc8\xc3\x16E$\xf3Y\x06i\x86\xa8AQ\
,\xf4\x1e)\xe0t7\x85\xd6\x12\x98\xb20\x1aO \
\xaf\x1b\xec3&\xa3U\xf9\x5c\x01\x18\x1ae\x80L\x14\
`\x9cl2\x93AMe%\xd7\xe8\x0d\xee\x1b\xd0&\
P\xe1\xe93\xa3hm\xac\xc5\xcc\xf66\xd4\xc4*\xe1\
\xf5\xbb\xd9\xbb\xcf\x9f1\x0du\x95\x15xw\xe7\x1e\xf4\
\x9e:\x83\xf7\xb7m\x87E\xe9\xf6\xd8\x18\x8ev\x1fe\
\xa7\xea\xf3\xfb\xd1C\x85OQ\xc4\xeb\xaf\xbe\xc6\xb4v\
\x8a\xeaz\x86\x89\xbd\xfb\xf6\x22\xe8W\xb1x\xce\x5ch\
\xf9\x1c<.\x89C\x1e\x99'\x09\xb4\xad\xa9\x19~\x8f\
\x0f\xfb\xf6\x1f\xc0\xe1\xde\x93\xdc\x10\x9d\xa4y\xc9TQ\
Vq`[\x16\xb9\xb4\xc5\x9d\xe3\xe4\xf1\xb2y\x0dC\
\xf1\xe4\x04c4y\x88S=\x00!B\xea\xaduZ\
_\x89|\x1c\x8d;T\x14\xa9\x18\x85Bn,\xa2\xb6\
Y\xcb\xc4\xdc\x19m\xd8x\xed:\x04\xfd\x01\xf8\x02>\
\x06|\xa49\xb9B\x01e\x91 \xd6._\x8a\xa6\xda\
J\xfc\xeew\xdb\xb1\xe9W\x9b\xd0\xdc\xd4\xc4\x1d\x1e4\
FGF\xd8\xac\x08W\xd0\xf7\x1d3\xa6\xa3\xac\xaa\x0a\
\x83g\xfa\xe0Sl,\x9a5\x0d-\xf5\xd5\xd0\xb5<\
#7\x06PE\xc2\x83P]eY\x0c\xcb\x97.B\
[k#\xfa\x87\xc600\x1cGu\x9d\x9b\xbbD{\
\xbb\x0c\xa8D\x82\x161\xf4\xd0x\x12\xd9\x5ca\x8a\xed\
\x9f'\x00\xbbT!\x22R\x026\xe2\xe9\x0c\x12\xe9,\
w\x8a\xd0\x0bI&,$S\x19.\x82P4\x98\xd1\
\x5c\x8f\x97_|\x06s\xe6\xceg\xa6\x85\x0b\x98%\x7f\
BJg\xd9\x5cA\x9a\xd6X\x87\xdb7\xac\x83\xa9\xe7\
\xb0m\xfbv\xb4uL\xc3\xfcE\x0b1w\xc1|^\
\xf4\xc2\xc5\x97 \x1a\x8b\xe1\xd5W^\xc1\xd6\xb7^\xc7\
\xcc\xe6*\xc4|\x1e\x08\xd4\xe6\xa2\xe9N\xc2T\xecK\
,\xdd\x9b\xefo\x9a\xf0\x06\xfc\xd8\xf4\xe2Oq\xe3\xba\
+`X\x84M$\xec\xd8\x92D|\xc4\x80$\x13\xfc\
u|\xd5\xd0\xf0h\xf1m\xb6\xf3\x878\xf9\x17~\x1d\
B3\xa1\xe5u\x0c\x8f%&\xbeO$\xd3\xdc\xe80\
<\x9ed\x8d(\x8f\x86\xf1\xfcS\x8f\xa1f\xda%\xc8\
jN\x09k*\xedM\xe9\xa8\x83\x1a\xa9\xcb\xab\xb6\xb2\
\x1c\x1b\xd6^\x01hI<\xf8\x7f\xfe\x19]\x87\xba\xf8\
\xefT\xd2\xda\xf1\xfb\x1dx\xf8\xfb\xdf\x83\x9d\x1b\xc5\x0d\
k\x96!\xe8\xf5\xc0\xe5R\xe1\xf3\xf8\x18\xf0P\x94\xa1\
R\xb6\xf3f\x8a\xd3\xdaF\x02\xa1\xd6\x5c*\x9dgM\
\x05O\xff\xe4)|\xfa\xba+\xb1w\xe70~\xfd\xfc\
)\x88\xd4\x0f\xc0\xaf\x14\xd9\x18\x18\x89#\xaf\x13\xcfp\
\x81\xd5\xe3\x5c(L>\xc0\xb60\x9a\xca\xf0\xae\x97\xbe\
K\xd1\xce\xbb=\x88'S\xacF\xaf\xfc\xf41\xcc\xba\
t\x15l\xbd\xc0\xbe\xe2B\x190!3\xa2\xd2\xc8\xe1\
\x11\x1e\xa0t{\xd1\xec\x19\xd8\xb1k\x176\xbf\xf2K\
t^r)\x06\xcf\x0c ;:\x88\xba\x98\x1f-\x0d\
u\x8c\xd3\xb3\xb9\x9cS\xbf\x90\x9c\xf7\x118\xf9R\x94\
\x89\xfc\xbdd\xaaN\x04\x10\x90\x8c'\x10)\xaf\xc6O\
\x9e{\x06\xa9\xebn\xc2\xabo\xffv\x82\xa4\x19O\xa4\
04\x96(\xe69\x17\x16\x80x\xfe\x17\x02\xfa\x06F\
\x90c\xbc\xech\x05\x81\x1cBy\xf4\xec\xc7\xbe\xf5\xb7\
\xb8r\xc3\xa7Q\xc8\xe6!H\xe2\xd9\xc9MbrJ\
\x13'>\xb1\x14\x86h\xd0\xe2\x22\xc1 \xae^\xb6\x14\
G\xf7\xef\x81\x91\x18\xc5\x8a\x85sy\x12\x92-:|\
]\x91\x98\xe5\xdc\xa6Hq\x13\x15\xc7\xef\x1b\x14[\xe9\
X\x00$x\xd3\x82\x96\xcer\xf1Sv\x87\xf1\xc0\xfd\
\xff\x13nUa\x08N\x9dk\xbd\xfd\xc3\x1cF?\x8c\
g\x10/\xf4%qf\x93_\x86\x225\xa4\xd2\xd9\x86\
u\xab\xf1\x85/\x7f\x09\x9a\xe6T`\x98\x7f\xa3\xf6\xd5\
I\xde\xb5\xd4\x02_z\x09\xa2\xd4*3\xf17\x8a&\
\xa6\x81K\xe7\xcd\xc6\xc2\xd93\xb8\xdd\x96\xda\xdcI\x90\
\xa4\xb2\xec\xe4\x1c\xa99\xf7\xe4\x04\xad\x88Q8\xe5=\
;/\xba\xae\xa7\xa7\x07\xa2\xcb\x0b+\x9b\xc5\xf4\xe93\
\xd0\xdeT\xcb0=\x95\xcb\xb3\xe3\xa3d\x8e-gR\
c\xc5\xe4C\xbc\xb0T\xce\xbe\x96\xc8\x0f*\xf6\xe0~\
\xe5K\x9f\x83\xad\x86 \xf1\xbb6\xce\xdf<\x1e\xe7\xed\
\x92)\x02,P[\xac\xf3\xc6\xc8d\xf2a\xf2+4\
T\x7f\xa4\x83P\x22\x9d\xe3t\x94\x17':I]\x9d\
9\x08\x1c\x05\xe8\xda\xd2\xbb\x06t/\xaf\xd7\xc7\xa4\xc8\
\xfe\xed\xbf\x81\xe8\x0f\xb3\x80\xc2\x81\xa0s\x0f\x08P\x14\
j\x9du\xde\x83 TZ*\x018\x87#\x00\x19\x7f\
`P\xaa\xa9\x9b&\xaeX\xba\x00K\x96-\x05\xf2\x16\
$P\xcb\xac\x13:\xbc\xbe\xc0\x84\xcd\xf1[%\x86\xe1\
\xe4\xf5\xd4\xb7[\xca\xf3\x8b\xc0\xaat\xce\xc4B\xf9\xbd\
?\x82\xd7\x94\x9d\x15\xdfY\xe2\x1d;\xbb/\xce\x8e;\
\xf6\xcf\xd5`]gx]z\x86*+\xf8\xe9\x13\x8f\
s\xff0\xbd\x10A5\x8bR\x1f0\x9doO@{\
\x07\xc4M\x16-&W\x87/:\x8a\xbb\xf1\x85;n\
\x84\x1c\xad\x80\x99\xa1\xbe\xa0\xe2\xfe[\x96\x13\xd7K\xea\
Z\xcc%J\xd2\xa6\x17\x17\xcf\x1d\x17k\xa6\x980!\
\xea '\x15p^\x08\x9ah\xdd\xe5\xcdPdNx\
J\x82\xa1\xcd\xa1J\x15]\xff\xf2\xf3\xcfc\xe9\x8a\xe5\
\x9ck\x90o\xe2~`z\xf5\xa7(<\x22D\xcf}\
\xb6M\x04\xca\x87\xad\x9dw\xd42\x11\xf0z\xb1l\xe9\
b\xc0,\xb5\xbf\x15\xbd1\x87\xa3bU\x98\xf98\xb1\
X?p\xfeN\xfd\x80\xd4\xe1\xe1\x9c\xea\xec\x98S\x81\
b\xc44!`\x87\xfer\x84H\x1d\x1e\xb4k\xdc\xd2\
^\x14d\xc9l\xc8\xef\x9c\x8b7H\x08\x92\xa2\xf2o\
{w\xefF,\x12\xe2\x0dr\xdag\xe9\xcd\x10:\x9f\
\xf9\xdf\xf3\xf7\xd6\xbe\x88\x0f(\x0d~\xb7\x0e\xc0\xcci\
Mhhjd8\xeb\x5c\xe2\xa8\x0f\x0d\xee0?\x8f\
\x0dv\xc2N\xa9c\xe4\xec\x8eI\xec\x1f\xc8\xf6\x9d\xf7\
\xf6\x1c\xdb'\x13!\xdb\xa6Qr\x86\x05\xa6\xb9\x9c]\
+\x09\xa0\x14\xfa&?\xcb\xf1\x9b\x0e\xee \xbb\x9c\xdf\
1\x03\xb3Z\xdb\xf8\x9a\xd2\xf3'\xdb\x7f\xe9w\x0a\xcf\
$\xa0\xff\x0f\xbfO\x02\x11\x9e\xd7\xfb\xa7\x00\x00\x00\x00\
IEND\xaeB`\x82\x89PNG\x0d\x0a\x1a\x0a\
\x00\x00\x00\x0dIHDR\x00\x00\x00\x80\x00\x00\x00\x80\
\x08\x06\x00\x00\x00\xc3>a\xcb\x00\x00`\x81IDA\
Tx\x9c\xe5\xbd\x07\x9c%\xd5u&\xfe\xd5\xab\x97\xf3\
\xeb\x9c'\xe7\xc8\x0c0\x01\x86\x9c\x83\x10\x08P0 \
\x94,\xe4\xbfmi%kW^\xd9ky%\x87\xff\
\xae\xd6\x96d\xc9\xca\x12\x16 \x10 \x94%\x90H\x03\
\x08\x93\x06\x98a\x18&2\xa9\xa7{:\xbf\x9c\xabj\
\x7f\xdf\xb9U\xaf_\xa7I \xe4\xb5\xae\xdd\x02\xba\xdf\
\xabp\xef\xb9\xe7\x9e\xf0\x9d\xefh\x00,\xbc\xc1\xa1i\
\x1a\x16\xce\xee@<\x1a\x81\xd7\xeb\x05,\xfb\x92\x16\xe0\
\xd55\xbc\xf7=W\xe0\x9cs\xce@\xb4\xa1\x05\xc1`\
\x04^\x8f\x0f\x9a\xcb\x8d|j\x08\x07\xf7\xef\xc0\xb7\xef\
\xf8\x05^\xd8\xb2\x0f\x9a\x8b_5\xeb\xaf\x0c\x0d.\xfb\
_-Xr\xdd7\xfc\xb8S\xaf\x0d^\xd5|\x13\xaf\
}\x8aO\xa4ip\xe9\xc0\xfc\xd9\xdd\xb8\xed\x03\xd7c\
\xe1\xd2\xa5\x08E\x12\xf2\xdeF\xd5\xc4\xce\xd7\xb6bd\
\xf006?\xf5\x02\x1e~\xf4\x15\xb8|:4\xce\x09\
\xff\xdf\xb2\x90\xc9\xe7P\xd5\x80d\xa6\x80\xc3}\x83\xf2\
\x8e\xc7{%\xf7\x1b{`\xb5\xd6\xf1X\x04\xe1P\x00\
n]\x97\x97\xe0\xc3\xb8\x5c\x1a\x8a\xf9\x22\xae\xb8\xfc\x0c\
\x9c\xb5q1\xfc\xfe\x18\xfc~?\xdcn74\x97\x0b\
\x86Q\xc6hr\x08\xff\xbee\x1b^\xda\xbe\x07\x9a\xdb\
\x05\xcb\xa8_|g\xa8EW\x8b\xfff\x0e\x0b\x16\x0c\
\xfcG\x1a|G\xd3\xd0\xb0{\xef~<\xf6\xc4sh\
h\x88\xc2\xe3\xf6\xc0\x1b\x08\xc2\xed\xd6\xb1|\xf5Z\xe4\
\xd2s\xd1\xd2\xd6\x02M\xd3\xf1\xf0\xa3[e\xde4\x8d\
s\xa3\xc1\xe7\xf3\xc1,\x97\x10\x0d\x86\x10\x8f\x841\x96\
\xce\x8a\x98\xff\xce\x04\x80k\xe2\xd6]hk\x8a\xc2\xe7\
vA\xe7\x0e6*pinT\xcae4\xb7\xc4p\
\xc9\x85g\x22\xe0\x8b \x10\x8a\xc0\xe7\xf1\xc3\xe5r\x81\
\x1b/=2\x84\x03\x07\x0f\xe3\x91\xcd/\xa2P\xb6\xe0\
\xd5\x01S\x9bN\x00\xfe\xb0\x86K\xd3\xa0Y.<\xfc\
\xd83\x98=\xab\x15\xeb\xbd>\xb4vtC\xf7\xf8A\
%\x15\x8a6`\xe1\xe2\x95x\xff\xfb\x82\x08\x06\x83\xf8\
\xc9O\x9f\x86\xdb\xa7\x8b@{\xddn\x94\xcbe\x99\xdf\
\xa6\x86\x182\xd9<\xaa\xa6uL\x11p\xbf\xd1\xdd\xdf\
\x14\x0f#\xea\xf7\xc1\xad\xbbk\xbb\x94\x7f3*\x16.\
:g-\xda[\x1b\xe0\xf1\xc6\x11\x0a\x85\xe1\xd25P\
\xcf\x97\x0a\x05\x0c\x0e\xf6a\xcb\x96\xed8tp\x04\x1e\
\xaf\x17\x96\xa9\xa4\xf8\x0f~X\x9c\x22\x172\xf9\x02~\
\xf4\xf3\xc7\xd0\xd4\x92\x80\xdb\xe7FK\xdb\x1c55\xa6\
\x09\xcd\x1bDk\xc7B\xbc\xf7\x8f\xbc0\xabU\xfc\xf8\
\x17\xcf\xc0\xe7\xf7\xc8\x9f\x03~?r\x85<\x82~\x0f\
\xe2\xd1\x10\x86\xc72jA\xdel\x01\x90\xdd\xefv\xa3\
\xa1!\x0e\xb7\xdb#\x0fm\xf1\xe14\x0d\xe5r\x15\xdd\
\x1d\x8d8w\xc3*@\x0b\x22\x12o\x80\xeev\xc3\xd2\
\x0c\xf9\xfb`\x7f/Rc\xc3x\xfe\xa5Wa\x9a.\
\xe8\xa6)\xd7\xab?\x93\xffP\x87e\x01\xa6e\xc1\xe7\
\xf1\xe0\xe0\x81#x\xf0\xa1\xa7\x10\x8b\x87\x11\x0c\xc4\x10\
\x8e7\x03\x96\x09\x97\xa9\xc1\xe5\x0e \xde\xd0\x85\x9bo\
\xba\x1a\xc3\xc9\x14\x9ezz;\x02\x81\x80\xa8|\x9f\xc7\
\x8bR\xa5\x82\xe6D\x0c\xe9l\x0e\xe5\xca\xcc\x9a\xf5\x0d\
\xcdxc\x22\x8eP (\x8b\xab\x8c\x0dM\xed\xfej\
\x05\xe7l\x5c\x81\x96\xe6F\xf8B-\xf0\x05\x02b\xdc\
i.\x1d\xd9T\x06\xa5l\x12\x07\xf7\x1f\xc2\xa1C\xc3\
\xf0z\xf5\x9a\xcd\xf8\x876,\x9e\xf9\x13\x8c\xde\xf1A\
!\xf0\xfa\xfcx\xe6\xf9\xedx\xe6\xb9m\x18\x1d:\x0c\
\xa3\x5c\xb4\x95\xa4\x9a0w \x8cDs7n\xbd\xf9\
:\xcc\x99\xdd\x82R\xa5,\x7f\xf6z\xbc\xb4\x99\xe1\xf7\
y\x91\x88\x85\x8f\xf9\x0c\xa7,\x00>\x8f\x1b\xcd\x89\x08\
\xdc<\xd3\xe1\x82eipi:*U\x13\xad\xcdQ\
l<c\x09\x5c\xba\x17\xb1D\x03\xe0\xb2\xe4\x87\x1ab\
x\xa0\x17\xe5j\x01\x9b\x7f\xfb\x0a\x0c\x83\xf2\xca3\xcf\
\xfa\x83\xfd\xa9\x96\xcaJ\xad;\xbf\xb3\x17\xd745T\
\x0d\x17\xaa\x15\x0d\x8f>\xf2<\xf6\x1d8\x84\x91\xd1>\
\xb5\xf8Z\x9d\x97\xe5\x0b`\xf6\xacY\xb8\xe1\xda\xcb\xc4\
~0LC\xfe\x19\xf0\xf9\xe4Z\x0d\xf1\x18\xbc\x1e\x1a\
\x8ao\x92\x008\xd7iJD\x11\xf0y\xa1\x8b\xe57\
~\xf6W+U\x9cy\xfa2\xb4\xb67 \x10K@\
\xf7\xf1|\xe7\xb9\xe6Fzd\x0cFq\x04{\xf6\xed\
\xc7\x8e\x9dG\xe0\xf5x`\x9a\x7f\xb8\x86\x9fK6\x0f\
`\x18<:i\xc8\x8d\x0fN\xa9\xcb\x0bx\x03\x1e\x1c\
\xe9K\xe1\xa9g\xb7ah\xb8\x0f\x85|V\xec(G\
\x0bh.\x0f<\xbe(\xd6\xaf_\x8e\xb3\xd6-G\xb9\
\x5c\x11\x0f\xcc\xedq\xc3\xc5\xe3\xc0\xedE,\x1cRG\
\xec4Rp\xd2\x02\xc0\xdb\xf2\xec\x8f\xc7c\xb2\xf8.\
y\x18\xe5UW\x0d\x03\xb1\x90\x0fg\xac]\x0c\xcd\x17\
A8\xde\xa8\xec\x02j\x08\xc3\xc2\xd8H?\x80\x0a\x9e\
xz;\x8a\xc5\x0a\xe5\xfc\xf7\xee{\xff~\x87\x06]\
w\xa3R)O\x88\x7fp\x9dL\xc3B(\x0e\xb4\xcc\
2`\xe9\x15\xbc\xf8\xd2k\xe8=t\x14C\xfdG`\
U\xab\xf6V\xa4%\xae\xc1\xed\x0b\x22\x1aI\xe0m\x97\
\x9d\x8dx<\x04\xc3\xb6\xc5\xc4\xe5\xb6\x80X0\x08\xb7\
K\xb9\xe7oL\x00l\x01JD#j\xf7\xd3\xf0\xab\
I\x22\xc4\xf5[\xb2d\x16z\xba\x9b\x10\x0e6@\xd7\
\x19\x142A\xff0\x93J\xc20\x93\xe8\xeb\x1b\xc4\xf6\
\x1d\x87\xe0\xf5\xd1j\xfd\xc3\xdd\xfd\x1c\x5ct\xc6N\xb8\
0\xd5ju\xc2\x0e\xd5\x5c\x16\xaa\x15\x13\xcd\x1d^D\
\x1bu\x0c\x1eMc\xebK{\x90I\x0e \x95L\x02\
\xa21\xc6='\x8f7\x86\xb9\xb3\xda\xb0pa\x0f\x0a\
\xe52\xe5\x02\x1e\x8fG\xb4A \xe0G0\xe8\xc3t\
\xe3\xe4\x04\x80jI\xd3\xc4\xb0\xe0?\x1d\x15\xc6a\x9a\
\x16\xbc^\x0f6\x9d\xb9\x1c\x91P\x14\xe1X\x83:\xdb\
(\x82\xa6\x81Bn\x04\xa6Y\xc1\xe6\xa7w \x9f+\
@\x9f\xa8\xf1N\xee1\xac\xdfE`\xe8\xf734\xaa\
k\xb7\x1b\xa691(\xc5\xf5-d\x0d\xf0\xff\xba\x16\
\x84\x18p\x11\xafix(\x89r>\xc3\x80\xcb\xf8\x8e\
\xa4G\xe6\x0d#\xde\xd4\x86E\xf3:aR\x83\xf0\xf7\
\xf6Q\xa0\xbb5\x04\xde\xa8\x008\xc2\x19\x0d\x07kQ\
\xbf\xfa\x97\xa0\xeb7wv\x07\x96\xce\xefB8\xdc\x08\
\xdd\xe7\xb3}{\x97x\x05:Jx\xf1\xf9=xh\
\xf3V\xb8\xbd\x1e\xb1r\xd5B\x9e\xbc\x16\xe0N\x99\xee\
<{\xab\x86\xf5&\x0a\x1f\xaf%\xaaZ\xd3j\xf6\x90\
\x9c\xff\xb4\xa7\x8a@n\x14h\x9bm\xa1\xb9G\xc7\xe1\
\xa3\xa3x\xfe\xe5\x1d\xa8T2\xb0L\x1e\xa1\xces(\
#\xdb\xed\x0f\xe3\xb4\xe5\x8bd\x8d\xc4\xeb\xd2,\xb8u\
M\xbc\xb4\x10]\xc47b\x038\xef\xdc\x98\x88\xc1\xe3\
\xd6\x95\xf1W74\x18X\xb7v!\x1a\x9a\x9a\xe4\xec\
g\x94U\x85!]0*%\xe4\xb3)<\xf3\xe2N\
\x94\xcaeu\xf2S1\x98\xa6\x18@\xff\xaf\xedf\xed\
M\x16>\xbd\xee\x18pv\xb5\x13\xc2M\x0eW\xe0\xf5\
\xba\xb0b]\x00\xe1\x06\x0b\xcf\xbf\xbc\x0b\x03\x03\xbd\xb0\
\xaa\xf9I\x01\x1e\x13\xa6\xe5\xc1\xb2Es\xb1ba7\
J\xc5\xa2\x8a*2\xf0\xear!\xe8\xf5\x88\x1dpj\
\x02`\x7f/\x16\x0a\x22\x16\x0e\xc0M\xf5o\xd1}S\
\x17\xa8V\x0c47E\xb1z\xf9lx\xc2\x0d\xd0}\
!\xa5\xa2\xf8\x80\x9a\x86R>\x89\xe4h\x12}\x83\xa3\
\x12\xe0\x90\xd3\xcb2m\xe3\xc7\x82f\x1b\x92\x7f\xa8\xc3\
b<\xc04m\x01\xb0\xea\xb4\x80\x0b\xa5\x22U\xbd\x85\
\xd6n\x0d\xb3\x16\x0404R@j,\x83J!\x0d\
H\xe8|\xdc-t\xe9>\x04B!\xcc\x9b\xdd!\xc6\
7\xffF!\xe0\xc2\xd3\x16\xf0zU\xdc\xaf^\x0cN\
l\xe6%J\x0747\xc6\xe0\xd1\x95\x1dP3\xfe4\
\x17*\xe5\x12V/\x9f\x85\x8e\xf66Q\xff\xf5w0\
+E\x14\x0bi\x0c\x8e&1<<&\xd2\xce\xafV\
Je\x18\x86!\xd2\xa9\x22\x80\x7f\xd8a`\xcbb\x00\
\xcd\xb0\x8f\x81\xf1\xb9pi\x1e\x09\xa1[\xa8\xa2\xb5\xcb\
\x8b|!\x87Ww\x1fA*\x97\x12\x03\xdbY\x07N\
*\x8fb\xdd\x9f\xc0\xd2\x85s\x10\xf4y\xc5.\x93\x0c\
\xa3K\x93\xa4R,\x12RW\xd6NB\x00\x9c\xcf\x86\
\x83~DBA\xf1\xe7\x9d\x1d\xcb\x0d^\xa9\x1ahn\
\x8e\xe3m\x97\x9f\x83p0\x0a\xaf?,\xc6\x9f\xfa\x80\
\x0b\xe5BV\x84`\xdb\x8eC\xc8\x14\xca\x92\xbd\xaa\x18\
U\x94\xc5\xeae\x80\x82/\xa7\xa4\xfc\xb8\xcf\xf2{<\
\xf7OvGW*\x95\x93;\xdaT,\xdc\xd6\x88\xfc\
'\xdfUG\xa5\xac\xa1Z5Q5LD\xe2\x1ex\
\xfd\xc0\xb6W^\xc7\xc8h\xd2\x8e\x1f\x8c/\xa1Da\
57\xe6\xf4\xb4\xa3\xad\xa3\x05\x95*\xed\x04@\xd7\x5c\
\xd05M\xd6\x8f6A\xfdc\x1d_\x038\xc6_4\
,n\x1f\xa3}\xe37\xd4\xe4L_\xbed\x16fw\
\xb6\xc2\x13\x8c@\xf3\x8c\x07\x868*\x95,\x86\x06\x86\
\xf0\xc2\xb6\xbdpy\xdc\x12\xfa\xacT\xab\xf2\xa2r\xbd\
i\xce\xa5\x99\x065\x86\x18\x8e\xff\xc1c\x07\x96\x08@\
U\x9e\xf7xo\xc79\xa4\xea\xe7^\xa6\xcaW\xc7\x80\
\x5cE\xe5UJ&\x8a\x05C\x84\xc0\x1b4\x10k\xd1\
\xb0\xef\xe0\x00\xf6\xee\xdb\x0f\xa3\x94\xb5\x17\xc8\x9e\x0f\x0a\
\x80e\xa11\x11\xc1\xc2y\xdd\xa8VU\xee\x85\x92A\
\x9b\xcd\xe7\xf5\xc0\xe7\x9f\xe8\x0d\x1cW\x00\xe4,r\xb9\
\x10\xa5\xe5\xefr\x89*\x998\xaaX0\xbf\x9b\x1f\x82\
7\x18\xa9I\xb2<\x8cQF\xb5\x92\xc7\x9e\xfdGp\
\xa8o\x08\x1e\x97[\x02BJ\xcdQe)\x0d0\xe1\
~\xa6\xf3\xf7\x89\x13J\xd7\xd1\xe7\xf3\xcb\x11BU\xe9\
\x18I\x93\xfd\xe7\xdf\xf7\xd0lk\x9e6\x0e\x839\xf4\
v\x8e7\xca\x86\x81P4\x06o0(A\x1c\xfbJ\
\x12\x0b\xa8T\x0c\x14\xb2&4\xdd\x05\xaf_Ck[\
\x18\xa9l\x1e;v\xeeG)\x9f\x17\xe3\xcf>\x8ce\
\xee\xdd\xba\x17\x1e\x9f\x17\x0b\xba[e\xd1\x0d\x02i4\
\xb5\x86.]\x87\xc7\xeb9q\x01p\xe65\x1c\xf2#\
\xe0\xa7?\xc9\xdd?~^\xf3a\x83~\x1fz:\x9b\
`\xb9ux\xbd\x01\x15\xf8\xb1\xbfl\x94K\xa8\x14\x0b\
\xd8\xb2\xfduT\x0a\xc4\x090g`\xc9\xce`\x04L\
Y\xbf\x13\xefI\xb5E\xa3\xb2~\x94\x8a%\x09j\xac\
^\xbd\x0a\xa5RI\x9dm.W\xed\xf7\x1d\x1d\x1d\xf2\
\xfb\xfa\xc1EP\x0bq\xe21\x03\xed$\x04i\xa6\xeb\
:\xbfkkk\x83Kw\x89\xb6;\xde\xe0\xb3/[\
\xb1\x02M\xcdM(W*\xf5W\x83i\xb8\x90\x1ec\
\xa6\x95>\xbd\x0bM]\xd4\xe9\x06z\x0f\x0f!\x97I\
\xc32\xaa\xe3\xa0\x0f\x8b\xea^\x87\xa6{\xd0\xde\x1a\x86\
\xc7K\x8d\xab\x005|7\x1e\x05t\x07q\xb2F`\
\x22\x1a\x82\xcf\xedQ\x91?KY\xaa\xf41\xb9\xc3[\
\x1achk\x89\x02z\x00.\xb7w\x5c\x1dY\x1a\xac\
j\x01\xa3\xc3\xa3\xd8\xb5\xfb\x90 Z\x04\x85c/\x8a\
\xcf\xe7\x9d\x10Kp\x86aTmx\xd6\xf8Hg2\
8\xeb\xec\x8dhllD6\x93\xb3]P\x0b\xd9\x5c\
\x16\x0b\x17.\xc2\x9c9sP*\x95k\x0b\xc8\x7f\xf2\
\x0c\xe6\xe4S\xd8DK\x1cG\x19[\xe2\x86\x9d\x1cB\
\xc8\xf1b\xea\x07\xef](\x14p\xd1E\x17a\xe5\xca\
\x15\xc8\xe7r\xc7\x14,~\xbbP(b\xf5\xca\x95\xe8\
\xe8\xe8D\x99\xc9\xa1\xfa#N\xd3\x90\x1e\xaeH>-\
\x18\xd1\x11o\xd5\x10\x08\xb9Q\xadX(\x14\x92\xa8\x96\
\x0b\xe3\xb9\x01q\xcbLh\x1e/\x82\x11\xe2/\xea\xed\
\x03\x0d:4\x84\xfc>\xe8\xc4e\x9c\x88\x00\xf0\xdd|\
^\x1d\xd1H`\xaa\x91.g\x97!y\xffh\xc4'\
jGY/\xf2GQ\x04\x86Y\xc0\xce\xd7\x0fap\
0\x09\xafG\xa5\x8c\x1d\xf5.\xda`\xd2\xc4q\xa1\xb8\
\xfb\xeb\x03=\xa5r\x09\x01\x7f\x00o\x7f\xfbu\x18\x1c\
\x1c\x94\xefP\x9d\x89\xdbT\xa9b\xd5\xaa\x95\x08\x06\xc3\
\xb2\xd0\xf5\x83Z\x828:\x0a\x82\x9c\xb1\xc7\x088i\
\x5c\xb4|\x11\xb1h\x14\x89D\xe2\x84\x8f\x15\xbe?\x9f\
\xa3\x1e\xc7 \xc2W.#\x91h\xc0\xb5\xd7^'\x02\
-\x9f\x99\xe6z\xfc\x0d\x9f\xdb\xe7\xf5\xe2\xac\x0d\x1b\xd0\
\xd5\xd1!\x11Au\x8a\xaa\xb3\x9d\x9b.5RE>\
[\x85\xd7g!\xde\xe8Akg\x00\x87\x8e$14\
4\x82j%7\xc5\x83\xf2\xf8B\xa2aU\xe6X!\
\x82$\xe6\x02\x03^\xb7\x0b\x1e\xae\xc5\xf1\x04\xc0y\xde\
X4\x0c\x9f\xae\xd7\x92>\xe3\x0f\xcf\xb3N\xc3\xec\xd9\
\x9d\x08x\xc3\xf0z\x83u\xc6\x88\x06\xd3(\xa3T\xc8\
\xe2\x95\x1d\xfbQ*UD\xfdP\x8a\x89\xfb\xa3$N\
\xe7\xf6\xa9\xa0P\xdd\x1d4\x0d\xc9d\x0a\xe7\x9cw.\
\x16-^\x84\xfe\xfe~\x81\xa09\xbb\x95\x7f\x9f?\x7f\
~\x0d\x87X\xbb\xa4\x80$M\x01\xa8RX\x1c\xe3q\
\xe6w\xd5\x90/\xe4\xb1h\xf1b\x9cq\xc6\x19\xc8\xe7\
\xf3\x13\xc2\xdc\xd3\x0d>+\x05O\x8e\x1a\x09\xcb\xda\xb7\
\x16#\x15H\xa6\x92\xd8t\xee9\xe8\xe9\x99%\x1aa\
Z\x01\xd0u\xd1\x10K\x17-\xc2\xd2\xb5g\xa0\xb3\xa3\
]\x22\x80\xb2Ij\x1f\xb7\xa0\xe9&\xcae\xe6\x06,\
Db@G\xb7\x1b\xc3#c\xd8w\xe00\xca\xe5\x82\
\xf2\xf9-\xba\xd7j^u\xdd\x8fh$\x8ch8 \
\x89#:\xdab\x93\x98\xd4\x84\x80\xa7N3\xcc\xf8\x96\
\xce|\x85CA9\xab9!\xf5S\xc8\x1d\xe5\xf3\xba\
0\xbb\xbb\x09n\x9f\x17^\x7f\x84\xbf\xac-\x9eY-\
 3\x9c\xc2\xce\xdd\xbdp{\xbc\xf6\x029*zj\
~Z$\xd4^T\xf9\x81\xb2\x88\xb9\x03n\xbd\xe5V\
\x14\x0b\x05d\xb3Y\x18&\xcf^\x08\xf6-\x12\x8da\
\xd9\xb2\xe5\xb5\xacb\xbd\x9a\xe7\x02577\x22\x1c\x0e\
\xd5\xec\x81\x99v\xb5F{\xc5\xa8\xca\x19|\xe9\xa5\x97\
\x88]q\xac4\xb5x?\xc5\x126lX\x8f\x86\x86\
\xc4\x84\xe3\xc7y\x97L:\x03\x7fc;\xce;\xef<\
y\xee\x994\x00\xcf\xffM\xe7\x9c\x03\xb8<r\x94y\
\xbd>\xd1Z\xf5\xeb\xe0u+\xe3\xb7P(\xc3\x1f\xd4\
\xd1\xb3P\x83/\xe4\xc2\x8e\xbdGQ.\xd1\x1d,\xd5\
\x96RV@\xf7 \x1a\xf4!.\xefn\xcf\x0c\xe7\x9c\
\x9f\x99\x94\xc39\xa6\x98SU\x04hyO\xda\x0d\x0a\
\xf5\x03$b\x11t\xb6%\xe0\x22\x02E\xbc\x83q_\
\xd6\xed\xaa\xe0\xa5\xed\xbb\xb1\xff\xf00\xdc^\x1f\x04\xf0\
K\xbb\x80p&\xcd]\x03\x91\xd4O\x1a\xbf\x1b\x928\
6\xefa!\x99Lb\xc3\xc6\x0dX\xb5\xf1,\x0c\x0f\
\x0f\xa3X(\x89\xdb\xc8\x9fB!\x8f\x05\x0b\x16\xa0s\
\xae\xd2\x00\xf5\xc3\xd2,\x94K%\xcc\x9d3\x0f\xf3\xe6\
\xcd?A\x9f\x5c\x13\x90\xe5\xea37`\xe9\x92\xa5\xb2\
kg\xd2\x02\x8e!{\xfe\xf9\xe7c\xdd\xba\xf5\xb2\xc0\
\xf5\x9fu6\x0c\x05\xf3\xd2\xcb.G\xc0\x1f\x94\xd0\xec\
\xe4\xe7\x14\xf5\xef\xf3a\xc3\x86\x0d2w\xb3g\xcfE\
,\x9a\x90\xbcJm\x81\xe4]y\xdc\xd1V\xa8\xc0\xaa\
z\x10n\xd0\xd06\xd7\x83\x83\x87\x87P\xce\xe7Q-\
\x11)\xe4\x18\x82*\xfc\x1e\xf4\x07\xd0\xd0\x10\x83er\
\xe1\x89\xd6\xd6\xe1\x02\x7f\x9c\xc0\x9b\xfa\xca\xb4o\xe8\x5c\
\x8b\x16\xa3\xdf\xc3/;9\x7f\xd4\xe5\xfe\xabhi\x8e\
\xa11\x1a\x85\xee\x0a\xca\xef\x94\xf2\xe3\x22WQ\xcc\xa4\
\xf1\xd4\x0b\xaf\xa1$\x11aM\x9e\x8b\x7f\x17\xa7e\xd2\
fPF[U\xd2\x96\xe1pXT\x9a\xa3\x11n\xb8\
\xfe\x06X\xba\x07\xc5BQv\x9a#\x8c\xdc\x81\xa7\x9f\
q:\x11\x13\xf0\xfb\x820\x8c\xf1\x9a\x01\xa5=\x0ct\
tv\xe2\xf4\xd3\xd7\x8e\xc7\x0ff\x14\x02K\x9e\xa1!\
\xd1\x08=\x18\xc5\xd5W\xbf\xad\xb6\xd0S\xe7F\x93\xe7\
\xe2\xb3\xce\x9f?\x0f\x1b6l\x94s\x9b6G\xbd\x00\
P\x8b0\x9b\xb3l\xd5j\xac>m\x0d2\xd9\x89\xc6\
 \x05\x84B\xd6\xd1\xd1\x8e%K\x97\x02\xe5<\xda;\
\xda1k\x16\xfdw[\xa3\xd8\x1b\x81y\x1f\xab\xaa\xc3\
\xa8\xe8\xf2.\x86UE\xf7|\x1dG\x8f\x0ebp8\
\x09\xb3\x9c\x9dP\x8b\x01\xcb\x0d_0\x80\x96\xc6\x88\xd2\
\x8a\x0c\xdbK<\xc0\x8e\x1a\xd4\xbd\xd715@$\xe4\
\x97\xc8\xd1\x94`\x8d\x9c\xf1&fu\xb4\xc3\xeb\xf3B\
\xd3<\xe3P5\xf9[\x09#C\xc3\xe8\xef\x1b\x84\xc7\
\xa3\xdb\x8b\xae\x81\xe6\x12\x17\x8a\xa1\xe4\xe9\x02'\x5c\x00\
\x0a\x09\xad\xd7\x5c>\x8f\xae\xaen\xac_\xbf\x1eZ\xb5\
$\x02'\xaaQs\x89\x7fM\xed\xb4r\xd5j\xf9~\
Cc\x02:\x01\x0fuI\x14\x0aP,\x16\xc5\xbau\
\x1bd\x979\x06\xdbt\xc34U\x1dC\x22\x11\x93\x1c\
\xc6E\x97\x5c\x8aE\x8b\x16Ok\x0b\x88\xb0V+h\
ljDCc#\x16,X\x88`0\x84r\xb9T\
\x8bl\xf2>D\xe6\x80\xeen(\x88\xab\xae}\x1b*\
\x16\x13_\xe3\xf1\x0bex\x16\xb0x\xf1\x12\x04\x1b\x9b\
`U*\xf2}9j%7\xa0\x84\x92\xc2lV]\
\xa8\x94\xe8\xc6)\xd7\xd9\xe3\xd1\xd0\xd4\xee\x81\x1e\xc9c\
\xe7\xee>\xa0Z\x86%\xc7\xc0x\x5cH\xf7\x06\xd1\x1c\
\x0b\xc2m\x1b\xdbr%\x97K@;\xe5Jy<\xc6\
3\xdd\x84\xf0\x0f\x9c\xd0p0 \x91\xbf\xa9\xb1z\x15\
\xb5\x9a\xdd\xd3\x06\x97\xc7\x94\x00C\xfd\xa8\x96K\xe2\xba\
\x15\xca\xd5\x09\x8b=Se\x0f\x17\x96\xcb\xd7\xd5\xd9\x8d\
R\xa1$>~.\x9b\xc5\xa5\x97_\x86h{\xbb,\
\x0a\x05\xa0\x5c-\x8b\x0bX,\x16\x91hh\xc4\xe2E\
\x8b\xe4\xfbM--\xb0(\x00\xdc\x854\xa2\x08\xb4p\
\xbbq\xe4H/\xba\xbb\xbb\xe5\x87\x0b4\x9d\x1d\xa0\xd9\
\x0b\xc6\xc9\xa1\xe5\xce\xed\x16mm\xc1u\xefx\x87m\
oL}^\x0aSkk\x1b\xfc\xbe\x00\xba\xe6\xcd\x97\
##\x93\xc9\x8c\xdb5\x16\xcfv\xaae\x17\xacR\x09\
\x17^p!z\xba{\x90\xc9fk\xe9o.0\xdd\
\xd4\xe5+Wr\xb5$\xa6\xe2\xf2z\x10\x8eF&d\
H\xc5S\xa8X\xc8\xa4\xcab\xc4U\xcaUDb\x01\
\x04\xc2\x06:\x17z\xb0\xe5\xe5\xddHe\xd3\xa8\x1aj\
s\xa8U5\xa0{\x03hin\x86\xcb\xcd\xf9\xa0W\
3.\x1f\xce\x9a\xccx\x04p0l\xe8\xf7\x10RD\
\xf51Q\x08\xf8\xf0\x0c\x0cut%\xc4\xa2\xa7\xb08\
W\xa7Al\x96s8p\xf0(FF\xb3\xb2\x10\xb5\
I\xaca\x07'\xe6\xf3s\xb9\x1c\xe6\xcd\x9f\x87\x15\xab\
\x96\x8bo\xcfDQ\xa2!\x81\xb7_{-,\x02%\
\xdc\xbaD\xcb\xc4(\xd4i\xb1\xe7\xb0t\xe9Rt\xcc\
\x9a\xc58\x1a\x1a\x9b\x9a\x05q<\x1eE\xa3+\xe4\xc5\
\xcb/\xbf,\x8b\xbbz\xf5\xea\x9a\x1d0\xdd\x82\x1a\x86\
!x\xfaDC\x83Jl\x97\x8b\xb8\xf8\xf2\xcb\xb1x\
\xe92y6\x9d\xb38\xe9\xf3---\xe2\xbe\xb9\xfc\
\x01\x5cq\xd5UrD\xc9\x0e\x97\xf7\x1a\x0f\xe9\x1a\xc5\
\x12\xa2\xad\x1d\xb8\xf8\xe2\x8bE\xa8\x95\x92$F\xa2*\
\xdf_\xb1r\x15`\x95a\xc0\x84+\x10\xc2\xaa\xd5\xab\
\xeb\xaa\xa1\xc4\x9c\x96#1\x97\xa6\xe0\xd1\xf8\xe5Q\xe9\
\x86?\x04\xc4\xa3.\x1c\xee\x1f\xc4Hr\x04Fu\xdc\
\x10t*\xc2\xda\xda\x9a\xe1\x0dp\xfe\x8dZ\xe9\x1b7\
\x97\xa0\xb8\xed1E\x00\x9ce\xa1\x8a\x95P\xad\xa8V\
k\xa2\x01hX\x88E\xc2hj\x8a\xd0\xb3\x84\xee\xf5\
I\x04\x90\x15-\x96UA\xb9\x98\xc5\x8b\xdbv\xa3T\
,\xd3\xd4S\xd9\xca\xbay\xaf_\x02\xee\xda|\xbe\x80\
\x0b/\xbd\x14m\xed\xed\xb2Pt\xc9N;m\x0d\xe6\
\xce_\x00\xa3P\x12xL\xa5\x5c\x11\xf5\xc5c\x84\x02\
\xb8t\xe9\x12\x80u\x88\xe52:;:\x10\x0dG\x94\
kX\xa7i\xb8\xf8n\x8f\x07\xa7\x9f~\xa6\x04\x9d&\
\xc7\x0a\xc6\xddY\x0b>\xbf\x1f\x91\x08=\x19\x13f\xa5\
\x8a`C#nz\xcf{TL\xdf\x1cW\xdd\x0e\x88\
\xa5\xb9\xb9\x09\x1a\x01\xaf\xc5<.\xbd\xec2t\xf6t\
\xcb\xb1\xc5\xc1SC\xe4@\x8e\x16b\xe5J\xb8\xf1\xc6\
\x1b\xe5\xd8\xa0\xd5\xcf\x1dHA_\xb9j%V\x9ev\
\x1a\xacbI\xcc3e\x08\xce\x96gu\xb4\x95\xf2m\
\x5c\xc8%\x0dT\xe9\x0aV\x95a\x18\x0e\x85\x10i\xd4\
\xd1\xd4\xee\x83U5P.\xa6'hi\x0b:\x9a\x1a\
\xa2\x08\x07\x95G\xa3\x04S\xa1\x8e\x19\xd4S\x9f\x99N\
\x03\xd8\xd7`\x91\x01\xd5-\x03\x0a\xca\xb2\x1c\xff\x00\xd5\
q\x82\x15A\xc1 \x93\xd0pI]\x80\xb3\xbbM\xf4\
\x0d&\xb1u\xc7>\x89\xfei\xf6\xae\x14Uk\x171\
:\x83\x13\xcf\xd0\xa7\xd7\xef\xc7\xc6Mg\xcb\x0e6\xed\
\x14\xf19\xe7\x9c\x03-\xe0\xb7\xeb\x05\xd5\xb9\xcb\x91\xcb\
\x17\xb0|\xc5\x0a|\xe8\xb6\x8f\xc0*\x16\x80\xaa)\x11\
\xc2XC\x5c\x22s5]g\xa7\xcay\xad\x95+W\
\x8a\x8b\xc7\xc5\x9c>|k\xcan\x0c\x85U&\x931\
\x0b+\x9f\xc7\x05\x97\x5c\x82U\xabV+7\xce\xd6r\
\xce\xf7yO\xb8=\xa8\x94\x8bHt\xf5\xe0\x1d\xd7_\
\x8fL\x86\xc6\x98:\x82\xec\x0f\xcb&2\x0b\x05t/\
Z\x22\xc6e*\x99\x92\x0d\xc5#\xe2\xac\xb3\xce\x86;\
\x14\x15\x81\xa3mN\xe8\x5cWg'<\x1eoM\x9b\
\x88\xd7\xe4\xd2\x90\x1b3\x90\xcf\xb8\x94&\xab\x02>\xdd\
B{w\x00\xdex\x16\x83\x83c0+y1\xbe\x9d\
\xf5\xd3t/|n\xb7hq>\x8f\x9a\x16\xd6fh\
\xf0JT\xd6\x9e\x9f\xa9\x93\xa1\xfe\x19\x0c\xf8m\xcc\xbf\
#+\xf6\x85\xe5\x8c\xb5\x10\x8a\x06%\xaaDp\x9fK\
c\x08X\xc9\x17*el\xdf\xb1\x0f\x03#i1\x00\
e\x12\xea~\xea\x9d\x00\xaa6\xbaG\x9d=]X\xbc\
l9J\xd52\xf2\xa52\xba\xba{p\xf6\xa6\xb3\x99\
\x18\xa8\x1d\x15UQ\xe1<\x0f\x0d\xf1\xadC\xcd\xadR\
\x16\xc5k\x04bQ\xc1\xc6swI\xfe\xdb\x0e\x0c\xf9\
\x03~\xb1U\xbazz\xb0h\xd1\x22\x11\x90q5=\
.\xf0\x8c)465!\x16\x8b\x89\xe1&\x13oT\
\xe1\x8dFq\xf3\xcd7)\xcb\xdbN\xbdJ\x16S\xd7\
\xd5g\x9d\x88f\xa9\x80\xf7\xfc\xd1\xcd\xa2\x89\xb8\xb3u\
'\xe9\xe2DFy\xbdr\x19\xb7\xdc\xfa>\x11D\xda\
\x0b,\x94=\xed\xb4\xd5rf\xd6\x8e\xc4j\x15-\xad\
\xed\x88\xc7\x13u\xb1\x00\xa5E\x0ay\x1d\xc9\x11C\x22\
\xac\xdc\x80\xc5R\x0e\x8d\x8d\x01\x84ZK\xe8\xed\xebE\
\xb5T\x92\xc4\x9bxl\x5cX\xb7\x0f\x1e\xaf_4\x9b\
ZS\xfb\xf8\xb3L\xe8,A\xb6\xc7\xb46\x00_\xc0\
/Y\xa3i\x8c6\x1b\x18Z*\x14%n\xedf\x82\
\xda\xb9 \xad\xf9B\x06\xbbw\xefG\x9eV\xf0d\xe7\
A^\xc6I\x5c\xa9\x83\xa5X*a\xc1\x92\xc5p\xfb\
\x22\xb2\x80\xa5J\x15\xd7\xdfp#\xda\xe7\xcc\x95I\x9b\
\x1c`\x09\x04\x03X\xbd\xe649\xd7\xe4\x8a|)\x8f\
\x17k\xd7\xac\x95\xe3\xc4\xd9\xa1\xe2M0\xfe\xed\xd6\xe1\
\x8eFq\xe6\xba\xf5\xca\x0a\xaeN\x8c\x0ajv\xde\xa0\
\xad\xb5\x0dz X+o\x93R\xb7|\x1e\xe7^t\
\xb1,T&\x9d\x96\x9d\xc8g\xa0\x8b\x17\x89F\xed\x09\
\xd4`\x96Jh\xe8\xec\xc1m\x1f\xf9\x88,.'8\
\xcc\xcc\xa8\x18\xc7j\x01\xa9\xad:\xe7/\xc0\xdf\xfc\xcd\
g\x90\x1cK\xa3\xa5\xb9\x0d\xcb\x96\xaf\xa4\xb5h[\xfb\
\x14\x00\x03\xf1DB\xdcW\x1ey\xe3\xcf\xc8\xb0\xb6\x0b\
\xa9a\x15\x11d\x9c\x83\xb8\x0c~%\xda\xe8\xc2\xe1\xb1\
C\xc8\x16\x0a\xa8VT^@i\x0d\xb7\xa0\x83\x22R\
\x13\xa0\xb4\xa8c\x83;\xdalF\x01\xf0{<\x12.\
T\xe0\x84)\xab(\x17b\x82\xc8\xedv\xc1\xed\xf6\xd7\
\xd4.\x17%\x95K\xa3\xf7\xe8\x80\x849\xa9)\xe8\x02\
\x9a\xf4e\xeb\xffO3aX\x06*f\x19\x96\xc7\x85\
\x0b.\xbc@\xbe\x9fN\xa7\x11\x8e\x84q\xc1\xc5\x17\xaa\
\x17\xa9[(\x0a%\x0d\xab\xf6\xf6v\xcc\x9f\xb7\x00\x1a\
\x0b j\xc1\x0f\x0b\xf3\x17,\x14\xbb\x85\xc6Um\x17\
P;q\x11\x0c\x03gm\xd8\x88\xe6\xe6\xe6i\x83B\
\xa6i\xa2\xa1\x81*\xbd\xae\xc0U\xa2\x99U\xb8\xc3\x11\
\x5cs\xcd55- v\x85\xdb\x03\x0f\x13_\xf6g\
\xf9lf6\x85\x1bn\xbaY\x5c\xc8\xfe\x81\xa3b\xc4\
\xa2\xae`\x96\xcfaf\xb3\xb8\xe8\xda\x1bq\xcb-7\
c\xc5\xaaU\x08\xb5\xb6\x08`\x96\xf1_\x8b\x8f\xcc\xe3\
'\x10@Wwg\x1d.@\x893\x9f'9TA\
\x91Haj\x0d\x93'\x86\x81h\x83\x1b\x19#\x83\xd1\
T\x0a&q\x82\xe01\xa0\x92u\x9e@\x00M\xf1(\
4j/\x22\x87%\x9eC\x8fg|oN[\x1cJ\
\x08\x12\x85d\xb2\xbfn?\x8b\x5c\xbc\xa3\xadIj\xcf\
(i\x8e\x1c\x99F\x1a\x99\xd4\x08R\x99\xa2J\xf5\x8e\
#\xdc\x94\x1a$\xf6\xc7T\xd6<wE&\x9b\xc1\x86\
M\x9bp\xd5\x15W\x89%\xcc\xf8y0\x14\x14\xbf\xdd\
Q\xc5\xce\x02757\x8b\xea\xfb\xc8\x9f\xfc\x09Zg\
\xcd\x92\xdd)\xbbT\xce\x05\x03\xedmm\x88F\xa3\xe2\
\x22\x86\xc3LL9\x84\x0b.\xd1$\xf3\x17/\xc1\xda\
\xb5k\xf1\xcb_\xfe\x12\x86\xa1x\x0a8\x1c\x9f;J\
\x95\xae)p\xa63\xe4\xfe\x95\xb2\xc4\x1b\x9a\x9b[\xc4\
#\xe0L2\xce\x1e\x0a\x05l\xd8\xbb\xedR\xd9\x9b\xe5\
\xd3\x7f\xf5Wb\x17\x88zg\xaa\xb6>\xf8\xc39\xc8\
\xa7\xf1\xe9\xbf\xfek\xa42i\x98\xa5\x82\xc0\xbf\xe5\x94\
\xb0\xed#\xcd\xad\xa3\xab\xabK\xe6\xaa\xa6\xcdD\x98\x81\
\x5cR\x03\x11\xe1,\x17\xa3\xb63\xca\x15\x84c\x01h\
\xe1<F\x86G`\xcea^\x80\xf1~\x0a\x1e\xa3\xcb\
^\xb45\xc6jAr\x01\x89\xda5\x1c\xb5g\xc2t\
C\x08\x1e\x14\x80`\xf2n\x91\xca ]GsK\x14\
\x96f\x1b\x89\x02\xe9\xd2`T\x8a\x18\x19\x19Fr4\
]C\xbaN\xc8\x1f\xd0\xdd\x0a\x04j\xc1\x95j\xb9\x82\
k\xaf\xba\x06\xde`X1\x80\x98D\x1d7\xa8h`\
]\xf4\xce,\xe4\xb1x\xc9\x12\xfc\xf3\x97\xfe\x19\x97^\
q\x99,\x0a\x17_^@\xd4k\x11\xf3\x17-\xc2\xbb\
\xdf\xfdn9\xcf\x1d\xac!\x85\x81\x01+\xf1P\x82\x01\
\x5cv\xc5\x15\xf0\x06\xfc\xf2\x99\x89\xc6\xa8\x81@\x80H\
\x99\x89\x02/\xcfY.\xa3{\xf6l\xac=}\x8d\x04\
w\x98\xad\xec\xec\xea\xc4\x9c\xd9sT<\xdc\x11\x16~\
\xb6TBk{\x07\xbe\xfa\xad\xef\xe2\xb4\xd3\xcf\x94\xef\
N\xb4741\x8a9\xaf\x8cc\xd0z\x9f\xb0\x04\xf6\
#\x11\xdf\xe0d<\x9d\xef\xd3\x9b\xaa\x14\x0dd\xd3\x16\
\xac\xb2[\xe6\xb2\x5c\xac\xc2\xef\xf6\xc2\x1f1\xf0\xd2\xf6\
W\x90\xcf\xe4k\xd1XI\x0a\xb9t\x09\x093\x18`\
J$\x90N\xbb[J\xf9\xa7\x15\x00\xe7f\xf4\xa1%\
\x9e=\x8d\x06\xa0Q\xef\xf5\xe8R\x82\xc4\x17\x12Uh\
\xff\xc1\xa8\x14p\xb87\x89l\x96\xbe\xb3S\xe68~\
m\x06>\x9a\x9a\x9a\x11\x0eG0pt@\xce\xf2\xf3\
/\xbe\x04\x06\xady\x0b8\xff\xbc\xf3q\xd3M7!\
\x18\x8d\xaa\x89\xf2\xf9\xa0\x87\xc3p\x05\x83h\xea\x9a\x8b\
k\xdfu+\xdc\x01\x12%L\x8d\xe8q\x01\xfe\xe8\xa6\
[$>\x90N\xa7\xe4\xf9\xb9\xd0\x12d\xa2\xfa-\x16\
\xb1~\xe3\xd9X\xb6t\xb9\x12\x0c\xfb\x1a&\xd5\xae\xae\
\xa3\xad\xa3c\xda \x95\xa8|\x9f\x17W^y\xa5\xe4\
)h\xa7\xb4\xd1Pc\xf0\xc9\x8e\xd6\xd5/\xb0Y\xa9\
\xc0(\x95\xe4(\x9a6\xf4\xec\x1c\x97\xd4p\x93s\x0d\
v\x14\xaf\xb9\xa9\xd9.\x16\x99X.\xc6Ppj\xd4\
\x12LD\xb5\xac\x22\xa3|\x86h\xd4\x83}\xc3\x87\xd0\
\xdb?\x00\x177R\xed;\x1e\xf8\x02^\x95\xc9\xb5\xe8\
\xd2+\xff\xb4>\x197\xe1\x08p\x1e8\x1c\x0cM\x8b\
\xd5\x13\xa3\xd64\x85\x0d$\x1c\xf6\xc8C2\xf5(\x13\
\xc5Pg\xa9\x84\xbe\xfe\x11\x89\xff\x07\x19\x13\x98\xb0\xa3\
T\xfa\x98)\xd4U\xab\xd6 \x14\x8e\xe2=7\xdf\x82\
p\xa2\x09\x85\xe4\x08\xbc\xa6\x89M\x97\x5c\x8cMP\x02\
e\x94\x92\x18\xee\xebG\xdf\xd1~Q\xbdt\xc5FG\
G\xb0n\xe3\x06\xf4t\xcf\x92\x09t\xd3\x05\x95\x17b\
\xf0\xa9\x8aHs+n\xfb\xf0\x9f\xe2c\x1f\xfb\x98h\
\xb1L:\x8fT2\x83`\x22\x0e\xa3P\x80?\x91\xc0\
\xd5W]\x8d\x17_xN\x8cA\xdd\x8e\x0d0m<\
w\xfe|\xa9[\xb4t\x0d&\xb1\xf45\x5c\xab\x86j\
\xb1(\xc7\xc7\xc6\x8d\x1b\xf0\xc3\x1f>\xa0\xe2\x09\xd3\xc4\
\x148\x5c\x14P\xfa\xd94RK\x15\x11\x08\xc7\x96\xaa\
\x0f\x80\xc9\xbfO\x92ce\xac[b\x08r\xf7\xd6\xe7\
\x17\x94\x01\xe7B&]\xa5\xa2Q\x1e\x1a\xc1\x1ff\x15\
\xc1\x90\x07U\xab\x88\x91\xc1!@\x5cA\xbfZp&\
\x85B\x1eX.\x95?\xd0\x08\x04\x91\xac\xae\xed\x16\xd2\
.\x98\xee%h\xdcY\xc7\xacdqI]?}M\
\x95\x05\xe4\xef\xab\x12\xa89:2\x06Kn>1\x80\
D\xa8\x12%v\xf9\xf2\xe5\xf8\x8b\xbf\xfcK\x14\xf39\
\x1b_h!\x10o\x91c\xe4\xb5\xad/\xe2'?\xf9\
\x09\x9e}\xf69\x1c\xec\xed\x97p\xb2\xee\x01f\xcd\x9a\
\x83\xc5K\x16cVw\x0f\xe2\xb1\x04<Ae\x81\xa3\
\x90\x13CM\x8e+\xe6\xfd\x0b\x05l\xba\xf4\x12\x5c{\
\xed\xb5\xb8\xe3\x8e;E;\x8d\x8c\x8c\xa2}\xfe\x1c5\
\xf1\xc5\x22.\xb9\xf4R\xdc\xf1\xbd\xdbq\xf0\xe0!)\
e+\x16K\xe8\xe8\xe8B\xcf\xac\xd9S\xbc\x0e%\xb6\
\xca\x95\xa3mr\xeb\xfb\xde\x87#G\x8e`\xee\xfc\xb9\
j\x91+\x95\x1a\xecL>\xab\xeb8\xb8\x7f\x1f\x06\x07\
\x06\x91\x88\xc5\xd0\xd9\xde\x81P\x13\xdf\x8d\xde\x80\x09\x94\
\x0b\xa8\xf2\x1e6\xa4mZ\x1bK\x8e\x1e.~M$\
\xc6\x9f\x85\xee`Z\x87U\xf5\xc2\xf2\x14\xc5n`j\
\xdf\xebgX9\x87\xa1\xd1\x94\xaa\x18\xd2\xed\xe8\xbfK\
G\x22\x1e\x85>a=\x95+\xeeH\xc0\x14\x01\xa0R\
r\xdb\xa4C*\x90<\x91\xb5\x8b\x7f\x11\xd7JR\x9e\
^\xf5\x04\xe2\xd3W$E;6\x9a\x95\xa8\x96&\x91\
\xc1:\x83J\xc1\x81\x10\x09\x06\x11\x8c5#\x18k\x12\
\x8b\xf5\x85\xa7\x7f\x8b\x07\x1e\xf8\x11^|\xe9%\xd9\xe5\
\xb3g\xf7`\xfd\xfa\x0d\xb8\xa6\xbd\x0bc\xc9$\x88c\
\xf1z\xfdxy\xeb\xcbx\xe8\xc1\x87\xf1\xfc\xbf?\x0f\
\x7f0\x80\xb5k\xd6\xe0\x03\xb7\xbe\x1f\xc1H\x04V!\
W\x9bP\x02 \xfe\xec\xe3\x1f\xc7+\xdb\xb6\xe1\xf9\x17\
^\xc0\x91\xde^,_\xbf\x01\x9a\xe9\x12-\x11m\xef\
\xc45\xd7\x5c\x8f\xcf\x7f\xfe\x7f\xc9N\xa6v9\xfb\xec\
\x8d\x88\xb5\xb6\xc1\x10\x17Ny\x10\x137\x84\x07\x86Y\
\xc5\xfc\x85\x0b\xf0\x99\xcf|\x06\x91XB\xa0\xecU\xab\
\x0aO(\xac\xea\xb8i}\xc3\x8b\xcdO\xdc\x8d/\x7f\
\xf9_162$\x91\xd0y\xf3\xe6\xe1\x9ak\xde\x86\
\xd3\xd6\xac\xc1\xaa\x95+\xd1\xd0FP\x1f\x95MQ\x8e\
%\xc9]\xd6\x1f\x05\xb2\xa8,\xea\x9c\xe8\x05\xa9\xb5\xd1\
P\xc9\x13\xe5\x040\xf4\x22\xcf`0\x88\xe5A\xac\xd9\
\x8b\xe1T\x0a\xe5J\x09\x1e7\x0dA\x17\x91\x1f\xa8\x96\
*bx\xeb>\x0f\xac\x8ai\x87\x85\xc7\xaf;E\x00\
x\x5cL7\x09\xb5\xe7#s\x05\xe1\xc5^\x0f<^\
\xd6\x9b\xf1A\x19\x5c\x00\x0e\xf5\xf6\xe2\xc0\xa1^\x81\x7f\
Mw\xfe\xd1 \x8bK\xc2\xc5\xc0w\xbe\xf95\xdc~\
\xd7\x1d\xe8=\xdc\x8f\xf5\x1b\xce\xc2\x07>\xf4\xc7\xe8\xee\
\xea\xc4\xc0\xc0 \x1ey\xf41\xfc\xf4\x97\x0f\xe1\xc0\xfe\
\xfd8:88\x8e3\xa9\x1b\xffv\xe7\xf7q\xef}\
?\xc4\x9dw\xde\x89Y\xdd]0\x8b*\x7fo\x94\xcb\
\x88\xb5\xb6\xe2\xcf?\xf61|\xe0\x83\x1f\xc0\xaf\x1ez\
\x10\x97^wm\x0d\x1eM\xc3\xec\xca+\xae\xc0=w\
\xdf\x85\x91\xd1aQ\xb5\x1b6\x9cU\x83N\xcd4\x98\
\x0f\xe0\xf17o\xd1\xe2\x1a\xe2\xc8\x13i\xc2\xae\xed/\
a\xcf\x9e\xbd\x88'\xe2hlh\xc4\xbb\xdf\xf5.\xdc\
z\xcb-\x12\xf1{u\xc7\x0e\xd14O<\xb9\x19\xf7\
\xdc{\xaf`\x14f\xf5\xf4\xe0\xea+\xaf\xc4\x95W^\
\x85\xf69\xf3%\xf9d\xe4\x15\xaaG\xf6\x9d\x1d\x96f\
\x08{\x02\xd2\xc8\x8e\x070 V)\xf9`1hi\
\x00\xd5\x92\x09\xdd\xaf#\xd6\xa2\xa3\x9a\xae \x97-!\
Al.\xdf\xc7\xefS5\x98\x86). \x11\xc2\xdc\
\x884 \x9d\xd0\xf04G\x80\x92H\xb1\x01\xa6\xc1\xd1\
\x09B\xc5\xe3\x15\xf5\xed\xa6\x00H\xba\x82\x12\x9d\xc7\xd0\
\xe00R\xb9\x22\xbcn\x9f-\x00\x13\x838\x04\x5c<\
\xfd\xecs\xf8\xd1//C2\x93\xc7M\x7ft\x13N\
?\xf3L\xbc\xf6\xda.|\xef\x8e\xbb\xf0\xd8\xe3\x9bk\
\xf1\xf4\xda\xc4\xdbi\xa8\x1a\xf8\x99\x80\x10\x82\x1b\x5c:\
\x9e\xfa\xf7\x7f\xc7\x95W^\x81\xa7\x9fxR\x05<\x0c\
&\x8btX\xb9,\xd6m\x5c\x8f\xbb\xee\xfb\x01\x9ex\
j3\xb2\xa3\xc3\x08\x87\xa3\xa2\x1d\x18\xb4i\x9d=\x0b\
\x1b7\x9e\x85\xbb\xef\xbe\x07s\xe7\xce\xc5\x9a5g\x10\
|x\x5c\x1c\xa0\xb8\x9d\xcc\xd4\x91\x02\xafl\xe0\x1b\xff\
\xfa\xbf\xf1\xb9\xbf\xfbG\x8c\x8c\x8e\xca\xdf\x99P\xea\xea\
\xeaDKS\x13\xce<\xe3\x0c,Z\xb4P\xe2\x0b\x9f\
\xfc\x8b\xff\x8a\xf6\xd6V\xec}\xfdu<\xf1\xc4\x13\xf8\
\x97\xaf~\x0d\x7f\xf5\x99\xcf\xe2\xbak\xde\x86?\xff\xe8\
G\xb1x\xc5r\x80 \x19\xa3\x02\x93\xf9\x0c\xda6r\
\x0c\xd4\xd9\x196\xa0\x8a\x99\xc1bI\xd5\x10\xca\xb1Z\
\xac \x14\xf1\xc2\xeb\xd30\x96\x1aS5\x99.\x1e\x13\
\xa6\xa0\x8cH3\xc3\x84T\xder\xc1mg\xffj\xa9\
\xfbi5\x80\x1dE\x9bv\x02$B\xa6\xaaM\xdd\xa2\
\xfe\xc7\xbf^.\xe7Q.\x1b\xb2[\xebJ\x15&\x0c\
.\xa2\xd7\x1f\xc0\xff\xfc\xdc\xdf\xa1X*\xe2\xfbw\xdd\
\x83\xbf\xfd\xec\xdf\xa1\xaf\xffh\xed\xde\x14.\x89\x17T\
T\xb1\x04\x15VS,*T'\xf1P\x08\x8d\x91\xa8\
\x9d$\xb1\x04i\xf4\xf0S\xbf\xc5\xb6\x97_\xc6\xd9\x17\
_\x0cC\xac\x7f\xb5\x88tO\xd7\xae[\x875k\xd7\
Hv\xd1\x89\xf0\x89e\xad\xbb\xc5\x16\xf8\xb7\x7f\xfb\x9e\
\xa4\x8a\xa3\x0d\x09\x95\x8f?\xc1\x22\x15\x97\xdb\x83\x91\xfe\
~\xdc\x7f\xff\x03\xb5\xc5\xe7(\x14\x8b\xd8\xb3w\x9f\xfc\
\xfc\xf6\x99g\xc7?\x0f`\xc9\xa2\x85hmi\x96\xe7\
y\xdf\xfbnU\xc4\x8f;w\xe2\xe6\x9boAcc\
\x036m:Gl\x97\xa5\xabOC4\x11U\xf1\x81\
\xc9\xfbO\x12q:J\xc5**\xa6\x06\x9fK\x17\xc6\
\x90`9\x80\xb9\xadsP\xca5\xa2RL\x229P\
\x92\xb4:_\xa7\xb5-\x82\xbf\xfc\xe8{\xf0\xca\xceC\
\xd8\xf3z?v\xef;4\xc1\xdb\x9d\x22\x00\x5c\xc0\x8a\
\xa9\x8c\x9b\xfa\x22~\x09U\x1b\x15\xd9\xa1D\xac\x10\x80\
#iR\xd6\x0a\x9a*\xa364\x96\x16\xeb\xdaE\xd2\
?\x01@8\x81\x0ce\xf4\xd0\xbds\xfb}\xf8\x97/\
\xff+n\xbf\xfd\xdfj\xe0o\xaf\xdb\xa3@!\xcc\xf9\
\xdb`\x05\xd9MMM\x987\xbb[\xe8h\x98\xd8 \
\xec\xc4]\xb5\x8d.\x22L=^\xcc\xealS\x0bW\
\x07\x0a\xad\xe5\x0f\xf2\x0a\x8cIm%\xcf\xe0T\xe2\x16\
\xf2X\x7f\xee\xb9r\x9e3_@\x83\xce\x12\x82\xa5\xe3\
\x0b\x80\x08_\xb9\x82\xae\x8e.l~\xec7\xf8\xc5/\
\x1f\xc4\xa7>\xf5i9\x8b\x8f\x0e\xf4\x8b\x0b\xec \x97\
U%\x95J\xe0\xbc\xbak\xb7\xfc<\xfa\xe4o\xe5:\
\x0b\xe6\xcc\xc1\xc6\x0d\x1bp\xfd;\xdf)\xf6\xd4+\xdb\
^\xc1-\xef\xbd\x15\xabW\xae\xc2\xe5W\x5c\x08\x8f\xdf\
#\x88\xe8\x1a\x1f\x9f-\x01\x82\x87,\x92\x0b\xc8\x8d\xb2\
f\xa0=\xb4\x10\x8b\xc3\x9b\x10llF`I\x18\xa6\
\xdc\xaf\x0a\xdd\xab`i\x0d-m\xb8\xf2\xaa\xf9\xb8\xf0\
\xd2,\xf6\xbe~\x10\x9f\xf9\x9f\xdf\xc5pj\x1c\xbb0\
E\x00\x9c\x08\xd4\x04\xb6\x0a\xf1\xe1\xcb\xe2\xfb\x7f\xf0\xa6\
\xcb\xb0dn;\x02\x01\x1d#\xfd\xfb$\x17\xe0a:\
\xd8(\x22\x9d\xcdK\x02([\xca\x8a7\xe2\xf7\xfa\xd5\
\xae\xf6\x07\x90,\x14p\xa4\x7f\x10\xbf}\xe1\xeb\xf6\x8d\
5\x04<\x1e\x14+e\x94\xedL\x1f\xd9-{\xdaZ\
\xd1\xd9\xd8 $\x14\x84\xa4I\x15q\xb5\x8aJ\x89\x1a\
A\x13\xc1S\xa8\x0f\xee\x86\x92\x045\x08\xa4\xb4\x7f;\
a\xd4l\x99I\xe7\xbb\x84IL\x13\xef\xbd\xed\xc3@\
\xb9\x02\x8bh\x1eF\x0ci&\x9c@\x0d\x89\x02\x91\x9a\
\xd0\xbd\x1e\x9cw\xceY\x98\xd7\xde\x8c\xce\xa6\x06\xe4J\
\xf314\x9a\xc4\x81\xa3}8<8\x84|\xb60\xf1\
\x9e\x22\x804\x90\x81=\xfb\xf7\xcb\x0f\xc7\xb2\xc5\x8bE\
+|\xf2\x93\x9f\xc4\xf0\xc8\x08\xee\xbf\x8f\xf6\xc9\x88\xca\
'L0\xa4\x95M^,\xa8\xe3\xb5\x8a2:\x1a\xe7\
a~\xfb\xb9\xb0\xfc~)\xbdSU\xd9LX\x91\x9f\
\xa1\x02\xc3\xaa\xc0EPi)\x8f\xee\x96\x82\xa4\x88\xcb\
\xbbml\xd8t\x02 \xe5\xc4n\x07\xd4h\x0b\x85\xdc\
\xaf\x8a?y\xefU\xb8\xf4\xe2M\x80/\x88\xd1\xa1a\
\x04}~\x14\x8b9\x14\xb3\xc4\xa5\x95\xf1GW]\x8c\
\x0b7\x9e\x86\x81\xe1Ql\x7fm?~\xf9\xc8Kp\
\xfb\xa2x\xbd\xb7\x0f\x07{\xfb$\xdd\xcb\xdd.\xa8\xda\
\x0a\xcb\xc6\xca\xe2\x15\xcc\xe9lGGs\x13Z\x1bb\
\x08\xd2\x80\x94\xb8\xbb\x01CP5JXj\x93X\x17\
\xc7t\xa2\x8d\xe5\x0a}\xdf\xa9\xbc\xb8\xb5\xc5\x9c\xf6<\
\xb2$\x0fO\xed!G\x96\xe0\x16m;\xe3D\x84\x80\
\xc6\x95\xcb\x8b\xd7^\xdd\x89\xa3\xfd}h#\xad\xabf\
\xa2\xa7\xad\x11=\x9d\xcd\x82\xe0\x1dMg\xd1?:\x8c\
\xfe\xc1a\xe4\xf3E9\x0a\x88e,\xd8\x11D\x9e\xf3\
<\xcc^\xdd\xb9\x13\x7f\xf1\xdf>\x85/\xfc\xf3\x17\xf0\
\x91?\xf9\x086l<\x0b;^y\x05\xc5|\xdef\
\xfd\xaa\xe3K6\x80B^e\xf5|.?\x82\xee\x08\
\x5c~\x1f\x5c\x01\xdb*\xd4t\x81\xe4W+$\x93\xd2\
\xa1\xb9\x89\xd5`UQ\x08\x81`\x0c\x91\xa8\x0f\x86\xd8\
\x02\x02\x16\x9fF\x00\x98/v\xb9\xed2.\xb5\x8b\xf8\
\xf0\x9b\xceZ\x86\xf5\xa7-A\x09\x01\x04\x83Mp\x07\
\x0c\x86M\xd0\xd0\xd5\x8e\xf4\xd80\x8cb\x1eqr\xd4\
\xb6w`\xb9fa\xd3\xa6u\xd8\xd5;\x8a\xfb\x7f\xfe\
4\xd2\xe9\x8c]\xa1\xea\xaa\xed\xf6\xe6\x86\x06\xccjk\
\xc6\x92\xd9]\xc2jI\xa3\x85\x8b\xce\xf3\xedDX@\
\x1c;\x85\xc2J\xdc\xa2\x10$H\xa0\xeb\xc4\xca\xc0\xc6\
\xab\xa9\xac\xda\x15Of\x08\x1f\xb2\xa6\xe3\xd0\x91\xc3\xb2\
Y8gy\xb3*\x96>\x07I\xdaz\x1ab\x98\xd5\
\x9c\x801\x7f\x1e\xca\x86\x85\x225Y\xb5\x82d&\x8b\
=\x87\x8e\xe0\xc8\xd1\x01\x1b\xc5\xa4\xc1\xa3\xbb\xd1{\xf4\
(>\xfd?\xfeF\x8e\xbb\xe5\xcb\x97\xa2\x95\x00\x92|\
\x01\x95RE\xb9\xd5v\xc8\xbdTT\x9e\x97O\x0f \
\xe0V(&\xba\xcb\x0au\xc9\xfc\x87O~\x1c\x10\xae\
\x02\xc9h\xf0\xfb\x83hn\x8dM(\x92\x99\x22\x00B\
\xfe`\xa7Y\x19\xce\x15\xee\x1f\x9f\x1b\x17\x9f\xbd\x06\xc1\
H\x1c\xbep\x5cb\xe0\x0dM\xcd\xc8eR\xc8e2\
\xf0x\x02\x88\x93\xc5\x12L\x001Qa\xc0\xcc\xf7\xe1\
P_\x9f,\xbe\x97aY\xc6\xe75\x17\xce\xda\xb8\x1e\
\x8b\xe7\xceAax\x08\xd1\x90\x17\xd5JQ\x92'0\
\x14\xa0\xf2d\x0b=\xf9y>\x9f2\x7fM\xc9O\xbc\
\x15\xc3\xb2U\xf3\x91\xbe>1G\xdc\xa6&\xf1\x17j\
\x12\x0eN\xb1\xe0\x02\xed\xe3\x94\xe5\xd9a\xaa\x7f\xb7\x07\
M\xa1f,hk\xc5H6\x8b=G\x07p\xf0P\
\x1f\xc6\xd2D\xf4\xa8Q5,lyy\x9b\x90p\xcf\
\x995\x0b\x0d\x91\x08*\x05e[pu\x8c\x22\xf1\x0a\
D;y\xe1\x11\xe6u\x11\x7f\x95\x05\xac\x9f\x1b\xdb\x8b\
Rt1du\xd1\x85\xe4C\xc2\xf46'\xe14\x88\
 ;cT\xcbDY\xf0\xbb\x15\xbb\x84;\x14\xb3\x0d\
.u\x18\x85\x221D\x22q\x84\x22\x8c\xcc\xf1\xbcU\
D\xc7\x94+\xcb(c\xc1<\x15\xf4\xe0\xa4\xcc\xea\xea\
\xc4\xe9k\x96\xe1g?\xbe\x0f\xebO_\x8dBrL\
\x023\x96A\xb6\x11;\xa4[wV\xce\xf4\xe3\x0c\x11\
R\x96Q\xe9\x1a\x22\xbc\xff$\x92\xa5\xdf\xed\xb0j1\
\xfd\xde\xde^\x99H5g\xb4M\x15{\x8aN\xb5\xab\
\xe9p\xbb\xdc\xe2\xaeQ\xe5\xd2\x80\xb1\xaa\x16\x8cRY\
\xb0\xfc\x8d\x01?\xceZ8\x1f\xd7\x9e\x7f\x16\xda\xe21\
,\x98?\x0f\x0b\xe6\xcd\x95t/G2\x95\xc1K\xdb\
\xb6\xe3\x95\x1d\xafI\xba\xd8t\xf1>&*\x05\xa6\xd2\
-\x09nq\x09\xa9E$xd\xaf\x81C\x1f\xe7\xfc\
\xb0XT\x85\xe2+\x98\xd5\xd9)!t\x96\x91+q\
\x9a4\xc6w\xe1\xf8\x94\x0b\xbd\xbbT\xa7\xd2E\xab\x1b\
\xf45E\x18\x1c\xb8\xa9\x9a\x05\x060\xf4j\x15\x8b\xba\
\xbb\xd0\x98H`\xf5\x8a\xc5\x98\xdb\xdd\x0a\x8fN\xac\x7f\
\x05\xafl\x7f\x15\x1e\xcd\xcd\xbcT\x8dj\xe6d\x16\xdf\
y\xceJ\xb1\x8c\xa6\x96V\xc9\x9e)X\xf5\xc9i\x8f\
72\x9c:\x1c\x16\xaf\xf8=*\xee\xe1L\x81\xf3\xa3\
M\xfa?j@\xf5C\x81g\x99;\xf1\x909\xf8\xdd\
:\xe6tu\xe0\xdb_\xff*\xb6ly\x01_\xfd\xf2\
\x17\xb1h\xe1|\x09\xa8\xf1:\x83cId\x0bE\x81\
\xdeQ\xd5\xcb\x943\xa1c(\xc3\x95x\x8bR\xbe$\
\x88a\xc9\x1b\x9b\xe3\xb3F\xd5\x9f\x19K\xcb\x1aU\xab\
,\xacq\x109N\x96q\xd2\x98\x12\xc0a\xec\x9f\x91\
?\x16:L\x1e\x13\x91\xe2\xa2j\x1c\xd83\x8b'\x9a\
\x13\x09\xcc\xeb\xe9@\xc4\xe7F>\x9bC$\x1cC<\
\x16C:\x9f\x97\xf3Z]B\x81\x1eO\xec\xa7.\xb7\
.\xe9\xde\x02\xda\xdbZ\x11\x8cF\xea\xa2[o\xd1\xd0\
T\xb4#[\xc8\x8b\x1dr*\xa4\x15\xbc\x04#\x91L\
<\xe5rY\xc9R2\xcc|\xdb\xff\xf7\xe78{\xfd\
\xe9X\xbdb\x11\x96/]\x88Y\x9d\xad\xf0Q\xd5k\
j'\xd3\x96R\xe7\xbe\x14\x12\xc2\xeb\x0f\xe2\x85g^\
\xc0\xb7\xbf\xfe\xad\xda\xc6\x177>\x10\xc0+/o\xc5\
\xddw\xde\x09~\x95H!\x02p\xed\xc5\x9a^\x03\xf0\
\xcc\x1f\x07\x11*\x17\x80g\x87\xd3\xe8\xc19\xd3\xa6\x14\
\xf7\xf1\xf7\x1e\x0f4q\xdd\x14\x86\xc5d\xa9w\xa5$\
OD\x10HkS\x0b\xdc\xc1(\xf2L\xff\x8eO\xc3\
I\xfe\xd4\xddr\x82\xc0\x9e\xfc\x02\xbc\x91\xe1P\xe05\
\xb7\xb4L(\xf88\xf9\xa12t\x12\xda\x92\x0dd!\
72\x84\xc1\xfe>\xc1\xf855\xc50w\xcel\x09\
\xbf\x13\x0f)\x16\xbd\xd0\xca\xe9\x8a\xf8A\x82[\x06f\
\xf5tc\xd7\xb6\xedx\xed\xe5\xad\xb2\x06\xf2\x8c\xe5\x0a\
\x1e\xfd\xc5\xaf\xe0c\xbcF\x12B\x04\xe6\xaa\xb26u\
\xc2\xcf\xc0\xcfN\xf0\xb5R5v)\xb7\x83\xf9\xa3G\
\x90.\xe0\x8e\xef\xdc\x81\x5c&\xa7 O\x0er\xc5\xe7\
\xc3\xe1}\xaf\xe3\xa9\x07\x1f\x1a\xe7\xc0ePH\x02\x22\
\xc4\xb4\x95\x05\x92E\xfb\xc0\xc1\xd6\x9d\xf2\x9c\xd5\xa6N\
\x93\x04\x92\xa0\x87\xde\xe8\xc5Nv8~4Y\xcf\x08\
%\x9b\xa6\xe4\xedD/CK\xdd\xc3@\x17k,\xa5\
a\x84\xf2\xf7\xc9\xa6R\xc9\x17Q.\xe4\x15\xbaHl\
\x03\x82u\x14\x8c\xc80*\xc2\xc6\xcaB\x9c\xce\xd9\x1d\
\xe8\xe9\xea\xc6sO>+\xb6\x86\xcb\xef\xc7\x81\x9d\xbb\
p\xf8\xd0a\x9c\xbdiS]\xed\xa0bU\xe1\xf3\x0a\
bj\xf2\x03Q\xb0i \xd4'\x22d\xb8\xaa\x92\xb8\
\xe0W^}q\x1b^\xf8\xf7\x17\x00\x9f\x0d\xdbf`\
\xa4T\xc5=\xb7\xdf\x83]\xdbwK\x18V\x88 \xe4\
\x86\xb6\x1bb\x92\xbeD9\x1d\x84_\x17\xcbe\x9bm\
\xec\x14\x07\xf9\x04LC\x12'\x8cX\xbe\xb5\xfb\x7f|\
\xa4\x89\xc5s2\xa6\xa7\xf4\x10jaTe\xb4\xf3\x1b\
\x95\x8f\xe1\x1cJ1l}\xf0^\x82P\xc4\x04\xd2\x10\
$\x84]C)3\x0a\xcd\xef\xc6\xe9\x1b6`\xebK\
[1p\xe0\x10\xe0\x0f`\xf3#Ob\xf6\xbc\x05\x98\
\xb7r\xb9T()h\xfe\xe4\x0c\xe3\xa4Ga9\x94\
\xb8\xeau\x9f\xa3\x8aa<\xa0\x5c.\xc2\x1f\x0d\xa0\xa3\
\xb3\x0b\xcfl~\x06\xd5LV\x22h\xc4\xef\xef\xdc\xba\
\x03\x87\x0f\x1e\xc1\x99g\xaf\x97\x14\xb1S@a#\x92\
\xe5\xfb\x83\xfd$\x8b\x86\xe4\xf5\xd3\x05\xbb\xee\xee\x14H\
\x22E\xf9\xb2\xb6\xae\x5cB\x82\xf8|\xddc\xf3\xe2\xbd\
uC\xb3\xf7\xee\xe8\xd8\x98\xb2?NQ\x03iNP\
J<-\x85\x8f`\xba\x9d\xb0\xf1\xfaJ\xa7\xfa\xcf\x13\
\x1b)\xde\x1a\x91N\x06\x0bqJ\x92Z>\xf3\x9c\xb3\
p\xde\xa5\x17\xa2X)2\xe2$\xba\xfc\xb2\xab/\x97\
\xca*zL\x86\x91G\x81\x018\x89)\xa81\x05\x93\
\xc4\xf3\xbfP,\xd9\xa5\xdb\xca\xdd\x11\xfe:\x86d\xcb\
e\xe8\x01?\xce\xbd\xe8B\xf4\xf5\xf5\xe1\xc0\xee\xbd\xd0\
\x02A\xf1\x06\x9e}\xeai475b\xde\xc2\xb90\
$a\xad\x18D8\x9c\xd8\xb8t\x14\x03\xb0z\xd5*\
\x14J\xc5S\xa7\x8a\xb61\x8b\xac\xb8e\x86\xd1\xc1)\
\xbc\xa5C\x93\x07\x11\xc1\x0e\x04\x83*\xb8r\xaaF\xa8\
QA0\x1c\x11$\x10k\x03\x98\xc1\x0b\xf1\x9a\x93\xc9\
\xb2\xe4\xbe\xea\xf8dDT\xd7+\xa8\x9a%\x9b{\xd1\
\x942\xb0kn\xb9\x1e\xb3\xe6u\x0b\xf8\xe5\xd6\x0f\xbf\
\x1f\x0b\x96/\x04J\xb4\xb9\xb8)\x0d\xe4\x1c\x9c\xa4\x1d\
\xeb\x99L\xfb!\x83e\xd8|!\x87c\x9e\xd1+\x16\
WJ(\xb2P\xc2\x8a\xd3W\xa3gv\x17\x9e\xda\xfc\
\x04\x03\xfd\xe8\xddw\x00[\xb7\xbe\x88\x0dg\xafC0\
\xd1\x84jU5\x8e\xca\xe7\xca\x0e\x96I\xe6F\xaai\
`\x0ab\xb6\xa1\xb9IX\xad'@TOj\xfeU\
~\xa2\xab\xbb\xbb~z\xde\xf2a\xb0\x5cM\xe0a\xf5\
I\x9b\x93\x18RM\xadl%\xf6U\xa2\x9du\xb4\xaf\
\x0f\xfd\xfdG%:8\xed%\xc9\xb3 \x1e7\xf3#\
\x0a\xc4!\xc7\x04\x11\xd7\xd9\xbcT\x1a\x89\x0d\xc7\xc0\x98\
\x08\x91\xc3\xaaRE&]\x98@\xa51q\xf6\xed\x9b\
\xd1\x1dq\xb8\xfcx\x061\xcd\x9b\xa1\xd1g\x1b|.\
\xaf\x86+\xaf\xbb\x0a\x1d\x9c\xfcR\x19.\xb7\x8e\xeb\xde\
\xf3nl\xba\xe4\x02\x81I9\xe9Z'\xa9\xa4\xae\xa3\
#\x99\x1cCqd\x10\x9d\xb3\xe6b\xce\xc2\xf9\xc8f\
36\x0b\xe6\xc9O\x1a\xe1g\xac\xe5#\x11\x93\x94<\
\xfd^\xe8f]\x12Uc\x86\xf4d\xf8\x0e\xa7\x1e\xbb\
\xa6\x5cC\x0cI\x97\x8e\xc3\x87\x0ea`\xe0\xa8\x18\x98\
\xd3\x09\xb6\xe2Y\xe6\xff\xa8(\x9fc\xac\xd3Ks\x07\
\x83p\x11H\x1b\x08\x09Y\x94\x13\xd2a77\xa6\xab\
Y\x94b\xfb\x1c\xf2\x87I\xa1`e\xb01\xb5\xa9\x0a\
!\x0c\xb8u\x0f*%\x03\xa9lQ\x01\x0b\xf9\x81R\
\x19\x8bW\xad\xc0\xe2\xd3N#m\x85\x08B\xc7\xdc\xb9\
\x02\x8bv d\x8c:YPieG\x08\x184\x19\
\x1b\x1bE{\xa3\xaa\x8a\xf9\xd1\xd6mR\xdb_6\xaa\
\xf4\x0dN\xf8\x14\x95g\xa4\x91\xea\xf5\xa0\xa3\xad\x0d\xb0\
\xea\xa9\xd5\xde\x9aa\xd9]\xce\x16\xcc\x9a\x83\x83/o\
;e\xfd#\x9a\xcc\xacJ\x82Fl\x00\xcb\x92cM\
\x19\xd2\x13\xdfK\xb5\xd7a\xb1g\x19U\x1a\x88Z@\
\xf1-I\x9d\xb7\x8er\xb1\x8c\x83;\xf7\xa2\xef\xc8Q\
\xb4\xb4\xb4\xa2\xb1\xb9\x11--,P\xd1a\x94\x99S\
`\xedE\xc1\x8e#\xa81-(\x94\x86\xa0\xec({\
E\xb8\xf0}GG\xa1\xd9\xb9xY\xd0*!\xc9v\
\x16NR\xaae\xc5\xfb+1\x82q\xb2C\x99,\x89\
%\xb81::*\xa5S\xedV\x05\x97^r\x19\xee\
\xf8\xce\xed(\xd3N\x98&\x93w\xccI\xa3\x01HK\
U\xd7\xd1\xd9\xd9\xa1\xee\xfd\x96\x92Ej\xb5\x9d9o\
\xce\x5c<\xc5\xd8\xc74\xd1\xca\x13\xbd\x14\xf7\x8c\xdb\xe3\
\xb3\xab\x8dL\xa9\x9d\xa0\xafO|\xdf\x94y\xb1\x0bF\
U\xd76\x0a\x8c\xf2\x16\x88\x8d\xf8\xde\xd7\xbe\x83\x9f\xff\
\xec!\xd9\xd7>\xbf\x1b\xa1P\x10\x97^~\x1enx\
\xcf;Q.\xe6\x85\x8e.\x99\xca\xd7\xbc/'r9\
e\xd0\x9eQ\x8d>\x94\xffo\xba4\xf4\x0f\x8e\xc8B\
K\xb9\xb8t\x00s\xc1\xc5\xfax\x9f\x0f\xaepH\xfa\
\x03\xa8\xc5\xb7\x1b\x1fI\xad\x93\xddI\xd4\xb4\xe0\xf7\xfb\
\xc4p\xdc\xfc\xd8c\xb0\xf2Y,Z\xb5\x06\xd7\xdd\xf0\
\x0e\x1c:\xd2\x0b\xbf\x97\xa1\xd4\x133\x09\xa56/\xe0\
\xc7\xee\xfd\xafc\xe5\xea\xd5\x885\xb5\x09N\xee\x94\x0d\
\xb0S\x1c\x0a=d\x0a9D\xb1\xc6\xedw\xf2\xcf\xc0\
\xc5`\x08\xb7\xad\xb5C\x95\xa7\xdbp\xf5z\xb7o\xca\
\xf9o1\x0aH\xea;\xfe7\xc9\xa4u\xd2\x8db\xcf\
\xee\xfd0\x0c\x17\x02\x81\x90p\x03%\x93i<\xff\xdc\
\x16\x14\x19+\xb1\xaa\x18K\xb2\x84\x8c\xc0\xd7\xba\x88\xea\
\xb4Oe\xa9\xeeS\x8e\x0bG\x0b#\x9f/\x89\x8aQ\
\x05&$*40:0\x8c\xd7w\xec\xc6\x96'~\
\x8b\xa1\xbe\x81q&0f\x03\x99\xa7\x97BL\xdb\x15\
\x94\x16&><\xfc\x9bG\x90\x1a\x1d\x15\xbf\xf4\xc3\x7f\
\xf6gpGB\xc8\xa4\xd2\x08\x86\xc2\xaa\xff\xa0h\x9e\
\xf1\xa8\x9fS^\xe6\xf8\xc6\x9c\xa4\x83\xbd\x87\x11H\xc4\
\xf1\xd1O\xfe7\x98\xe5\xa9\xe4Ko\xc5p\xd9%\xe4\
k\xce8\x13\xf1\xb66\xa4\xb2\x19\x05\xbf>\x89G\x11\
\xdbHw!\x99\xce\xa0\xb5\xad\x0d\xfe\x10\xf9\x09\x94\xe7\
T_\xd3?\xe1;\xac\xef'\x88I\xe6Y\x90-*\
\x05.|\xc0n\x14\xf29\xa43Idsi9\xc2\
\x13\x89\xb8*\xb53-\x8c\x0eg\x91\xcb)\x8c\x85\x04\
\x82\xa6\xc7\x04*WP\x11 \xaa[RJs\x99\x82\
\x18\x82\x8d.\x1d#CC\xf8\xce7\xbf\x87\xbd\xbb\x0f\
\x08\xcf\x1d\xabexn]t\xf1\x05\xb8\xe9C\xef\x85\
\x95O\xc1\xb0L\x94\xe4e\xec\xab\x98,9\x0f\xe2\xe0\
\xa1C8x\xf0 V\xb6\xb4\xa2\xa1\xb1\x15\xff\xf5\xaf\
\xfe\x1a\xff\xed\xbf|\x02\x81\xc1A4\xc7\xe2\x08E\xc3\
\xd2\xe6\xc4C\xc3\x8e\x01\x1e\x87^VH\x10J\xd8\xb6\
{7FKy|\xff\xfe\xfb\xa4d\xab\x9aM\xc1U\
\x87M|\xcb\x86\xc6\xe0M\x15\xfeh\x1c\xef{\xff\xfb\
\xf0\x85\xbf\xff\x1c6\xae]\x8b\x0a\x11\xbe\x86))\xe2\
\x13\xed\x16\x92,\x16p\xe3\xa6\xb3j\x1e\x91S\xba6\
\x1dK\x99|'\xa88\x03\xa4\xe4\xd6\xc5\x12y\x95\x91\
\xbb\xfam\x97a\xe9\xb2\x85R\x19\xc5\xbd8k\xd6l\
\xcc\x99\xdb#\xf3S1\xca820\x84b\xb1\xac\xf8\
\x8b\x8ei\x03X\xa6D\xd9\x1c^nJ\x22\x0b(\xc8\
\xd5G\x0c\xe0\xde]{\xf0\xd2\x96\xad\xa0g(\x96\xa4\
\xee\xc7\xf0p\x1a\xcf=\xbb\x05\xef\xbe\xe9\x9d\x0a2e\
\x1a\x02\xfe\x18O)(\xb6\x8eT\xba\x88\x9f\xfe\xf4\xa7\
X\xb5~\x03\x8cL\x0a\xe7\x9d\x7f!~\xf0\xc0\xfd\xb8\
\xef\xbe{\xf1\xf4\xd3\xcf`w\x7f?<<^,\x17\
\x86\x86\x06\x11\x12\x06R\x97d\xbc\xda;:\xb1\xf1\xb2\
\xcbq\xdb\x9f\xde\x86y\xf3\xe7\xa3\x9cc\x0d\xa2{\x86\
|\xe1\xef~\xe84\xaeri\xbc\xfb\xa6[\xb0\xf9\xb1\
\xc7\xf1\xf0o\x1e\xc5\x86\xb5\xabD\x80\xa5}\x9b\xad\x10\
\xa7\x0b\x12q\xd1\x02\xe1 \xf6\x1d9\x02\x7fC#\xae\
\xbf\xe1\x9d0\xb2\x19\x09\x03\x0b%\x9el*b\x19\xa7\
|\x13\xba\xdf\x82\xc7\xab\xc1#\xe9\xe1q\x9bl\xc3\xf9\
\x1b\xb0\xe1\xa2s\xd5ns\xb4\xa2a\xa2\x9cI\xa2T\
\xcab\xf7\xfe#\xb6{?C]\x80\xad\xed\xe5l!\
\x9f\x7f\xed\xf7bq\xa8E`P\x81\x85\x1ab\x1fX\
\xb4\xf4\xe9\xf9\x8d3|\x13\x9a\xed\x00!\xc9\x9b\xa3\xce\
J\xab\x16Q\x8cD\xc2x\xe4\xe1Gp\xeb-;\xd1\
\xbd`\xa1\xf8\xad\xb3\xe7\xcc\xc3'\xff\xf2o\x013\x8f\
\xd1\xe1\x11\x14\xb2\xac\xa01182$\x943$\xab\
 \x8bHOO\x0f\xfc\x91f\xc0(\xa0\x9cg\x1d\x00\
c\xf0\xea\xc8z\xd3r\x01\xd6\x89\x7fT\x8c(~\xbe\
\x5c\xc5?}\xe1_\xf0\x0f\xff\xf0\xf7\xf8\xcd\xcf\x7f\x8c\
\xd6x\x1c\x1dm\xed\xf0\x08\x8e\x9bs\xa3\x18\xcaT\x92\
L%\xd7<A/v\x1d\xd8\x8fm\xfb\x0f\xe0'?\
\xfb\x19\xc2\xd1(r\x03\x03\xf0\x07C\xb8\xf7\xde{%\
\xe8\xe6\x0a\xfb&\xd9\x16\xca}c\x0b\x19\xdd\xcd\xfap\
\xa2\x9d\x95\xbb\xcd\xe8\xa0N/\xcc*Ox\x19\xf2\x08\
XF\x11#\xc3\xc3\xd8s\xe0(4\x0f\x9b{\xaa\xb5\
\x15d\xf5L\xb3\xc0V%\x04`r\x8a\xe9j\x10v\
\x97#\xfbw>/\xc5\x0dgoZ\x8f\x03\xfb\x8f\xe0\
\xc0\x81\x83r\xb6\xb7\xb46`\xc1\x82\xf9\xd0=^T\
\x8b,t\xa0\xdaf\xd2\xc1~t\x9b\x14\x82\xae\x0e\xcb\
\xb5\x1e\xf8\xd1\x8f\xf0\xd1\xff\xfe\xdf\xe1*+\x22%\xc3\
T$\xd0\x0d\xec7\x94\xa0\xea\xd31k\xd1B'V\
*\x92L\xdca93\xa6\xa0\xe9vB\xc4Y\x88\xdf\
\xd7\xd0\x84M\xc4\x10M\xf5\xb9\xff\xf5y\xbc\xf3\xdd\xef\
\xc4\x97\xbe\xf8O\xa2\xcd\xc2n\x1d\xb1`\x08\xb1`X\
\x087\xc9_@\x8d\x95J\xa7\xb1\xf3\xe0~t/\x9c\
\x8f\xfb\xfe\xe9\x9fp\xc6\x86\xb3P\x1a\x1bA\xa8\xb1\x11\
\x8f>\xf8\x10~\xfd\xeb_#\x12\x8e\xd8\xe0\x1a\x95\x1c\
R\x83*\xa5*D\xdb\x1a!f\xe5\xb2,\xbcs\x5c\
\xab\xd0\xfa\xf8G\x9d\x08)A\xafGz\x870 e\
{\xdc\xb0\xe3\xa1\xebiP\xc1\xea\x8blT\xc0\xd6\xae\
|\x06\xc1\x05fJ\xd2\x8f\xbeP\xca\xa0\xa1\xa1\x13\x1f\
\xfc\xe3\xf7\xcb\xb9<:2*R\x16\x8e\x84d\xe7\x8f\
\xf3\xf4\x19\x22i\x93\x0d4\x060Hp\xf4\xb3\x9f\xff\
\x0c7\xdex\x03\xdaf\xcd\x16\xcbW\x5c\x1a;\x85\xa9\
\x06\xcb\xbeI.aO\xb4\xd4\xba\xf1\xb8\xb1\x1f\xf9\xf7\
\x95\xfd\x99f\x88g\xc4\xea\xe8L\x12+V\x9f\x86o\
~\xf7v<\xb5\x99\xd5M\xbf\x10\xfb\xe8\xf0\xeb\xbd8\
\xd4\x7fT\x02a\xe4\x06\x5c\xb2|\x19>\xfc\xa9O\xe2\
\x83\xef{?\x5c^?*\xd9$\xdc~?\x92\xc3C\
\xf8\xfc\xe7\xff7\x5cn\xbe\xa7\x02\xe6N\x848*D\
\x10\xfb\x08\x08\x12\xc8\x22\xc6P\xedx\xa1\xf2\x17\x0dc\
\xaf\x81\xc3\x08n\x90\x5c+\x87]\xaf\xb3\xeb(5\x04\
\xa3\x8b\xe3\x0e\xe0T\x0d`\x13\x07\xb1p\x83\x96\xbe\xe5\
!\xacI\xf1\xd4\x1e\xedOJ~_\x5cD\x12Hy\
t\xb4\xcd\xee\xb4-\x22\xfa\x8e\xdc\x0d\xfcO\xc5\xacU\
*Tl\x8a\xf9:\x22K\x82\x19\xfd>\x0c\x0e\x0e\xe1\
\xee{\xee\xc1\xc7?\xfdiX\xe5j\xad(c\x5c`\
\x1c\xce\xe0\x89\xcf\xf6\xbb\x1e\xda\xa9~\x8fhj\xa2|\
\xc8\x08\x0a\xe0\xecs/\xc6\xd9\xe7]*\x7f\xab\x14\xf3\
\xc2t\xce\x1f\xb2\x83\xb2\xae\xd1\x17\x8a\xc2($Q\xc9\
e%l\xae\x07\xc2\xf8\xd7\xcf\xfd\x03\xf6\xec\xdd\x8d\xc6\
\xc6\x84\xcd\xf21\x05\x07%\xb4\xaf:q\x17:=\xad\
\x12\x0a\x951\xc9\xf7W2\x19\xb8}e\xc1dp\xee\
E\xcd3F`\x14\x90N\x8da\xcb\xf6}5\x8a\x9c\
\xfa\x89\x9c\xf6\x08\xe0\x8di\x892\xd9\x12\xb1\x1b\x0eR\
\x9d\x1f:p\x14\x95R^\xfa\x04\xe8.\xd6\x02\xf0\x1c\
\xe2\xc2;\x189\xb7B\xf6\x968\x09V\x8d\xf3VU\
\xe5(u\xe6t\xc8\x22\x9b\x07\x8bB/\xb9\xf8b,\
?\xfdL)\xd9\x9a\xce\xea\xfd}\xaa\xf7S\x19\x0e\x95\
-\xe9`$\xeb\xae)\xfe\x81\xce\x8eVt\xf6p\xb3\
\x10\xd4\x99C)3\xa2\xd8\xd5\xf8\x9d@\x18\xaf<\xf7\
,\xee\xbf\xff>DcaaZ\xd3m\xf8\xfcT\xb7\
\xd1B0\xcc$\x94\x22\xe0:\x9c\xda\x0a\xb7\x9feq\
n\x0c\xf5\xa9:\xc0\xc6X\x18\x0d\xd1\x88\xc4\x07|\xe1\
\x10\xb6\xbc\xbc\x13\xfb\xf6\xf7\xc3\xe3\xf3\xa0P,\xd49\
\xd8SB\xc1\xe3\x83>\x00\xa3vfs\x5c\xe1\xf64\
]u\xb0N\xa6\x10k\x22\xe9BpB5\x8e\xf3/\
\xb4\x80Y\xdfFC\x92 E.~,\xde\x88\xb1\xb1\
\x94P\xbc\xb2e,\x99\xb9i\x0b\x8c\x8d\x8d\xe1\xeb\xdf\
\xf8\x06\xbe\xb0r\xf5q\xe9\xd9\xff_\x1b.\xc6\xe5\xc5\
\xdfV\xe72\xabt\xadby\xfco\x04j:\x01\x12\
\xcb\xc4\xb7\xbe\xf9M\xe4r\x05$\x1a\xa2\xaa\xd7\x9f\x1c\
\xa7\x13\x07U\xb7\xdb\xab\xc1\xe7W\xb1\x16B\xbf\x07\xb3\
\xfd8\x9c\xbf\x0b\x95J\x00\x8f\xfd\xc8\xc4\xd0A\x13\x8d\
\x89 \x9a\x121\x81\x97\x87C>\xf4\x0d\x0c\xa9\x83\xc1\
\xb4\xf1\x1e\x8a\xb9I\xb0\x1d\xd3\x0b\x80M\xedRb\xfd\
\xbb\xe8o\x06\x19t\xf4\x1e\x1dE\xff\xe0\x10\x16.\xac\
\xa2Z\xccL\xe0\x0d\x96p\xa4\xc4\xfcMTJ%\xa4\
\xd29\x14J\x159\x03\x97/_\x86\xb5\xa7\xaf\xc3W\
\xbe\xf4\x15\xa4\xd2)\xa1p\xa7t\xc7\xa21<\xfb\xcc\
sx\xf6\xb7Oa\xe3%\x97\xc0\xcc\xe6\xfe\xd3\x09\x82\
\xe6\x00km\xb2\xe6)\xec#\xc1\x10\xb6oy\x01O\
\xb0\xc0\x95]>\x88\xa0\x22\xc6b\xf2\x87EN\xd87\
\xc8\x0010\xe2]\x08[\x18\xfb9\xc5\x90\xca\xb8\xe0\
\xf6\xf0x\xb6\x90Jg16\x9a\xac\xb1\xb3{\xbc\x8c\
\xa7\xa85R\xa4\xdd\xce\x98\xc1\x0bp\x1c\x0f\x0a@\xd5\
\xac\xc2\xeb\xf2A\xd3-\xe4\x8a\x15lyq\xb7\x80=\
\xbd~\x0f\x82lGj\xa7A\x03,\x18\xd5\x15\xe1\x92\
\xcb\xf4`\xd7\xde#b\xed*\xe8\x92\x89ko\xbe\x19\
K\x97.\xc77\xbf\xfe\x0dl\xde\xfc\xb8\x22[\x22\xd5\
\x9a\x06|\xf7;\xdf\x91BN\x96x9\xe8\xda\xff\x0c\
\xc3u<\x9bE&\xda\x85\x07~\xf8\x00\xb2\xd94\x9a\
\x9b\xd8p[\xc1_'\x0f\x09<3\x96\x12T\x04\xa9\
dqs\xb9\x0cY\x1f\x9fG\x91z\xd2\x93R@S\
7\xdc>\x9b\xe6\xd7\xaew+\xb1p\xd7N\xf2\xa9\xc0\
\x91\x1a\xc7\x0c\xa1q\xf3\x0b\xfa\xc4.\xf7&\xf6\xed\x17\
\x8f\xbc\x88\x877oE4\xe8GC\x22\x22\x8d\x8c\x18\
\x8b_\xb4h\x8e\xb0mS\xf2\xfa\xfa\xc7\xb0}\xd7a\
q\x1d\x05MD8s\xa9\x88E\xcb\x96\xe2\xf3_\xfc\
\x02\x1e}\xf8a\xdc\xf1o\xb7c\xeb\xd6\x97\xa4\xcb\xd5\
\x8b/\xbe\x88\xdf\xfc\xea\x17\xb8\xea\xc6w\xc1dA\xe7\
\x7f2-0\xdd\x90\xf3\xdc\xe7\xc3\xe0\xc1\x03x\xf4\xe1\
G$qC\xeb^\x95\xe5O\xfb\x15U\xa3\x11\xe2\x8e\
f&\x90\x1c\xf2\xca\xa8\xe6w$\x82\xcb\xba\x03{\xdd\
\xe4t\x96\x13\xda\xdePb\xa69H\xad\x13\x14\x80q\
\xc8\xa2\xc3XK\x82.\x03\xe5R\x15\xe9t\x09\x87\x8e\
\x8c\xc9\xdfr\xc5\x02\x1e\x7f\xee5\xc9b\x09\xd2T\xd3\
\x04+\xef\xf3(\x0e\x1e\xfa\xbf\xa4,\xabds\xe2\xc6\
]p\xf5\xd5\xd2N\xe5\x91_\xff\x06\xdf\xbf\xf3N<\
\xff\xc2s\xb8\xeb\xae\xef\xe3\xe2\xcb\xaf\x84\x8fZ@\x8c\
F\xfc\xa7\x1e&\xf1|^?\x9e\xd8\xbcYZ\xe1$\
\x1a\xe2v|\xc3#\x00\x91\xa90s\x1e\xaf\x86t\x0c\
a70h\x8a J0\x00~\x1f\xca\xa5\x02\xcc\x92\
)\xd8\x0c\x9bP\xa16j\x02!}\x09'^\xd9]\
\xdf\xe0\x80\xd1;\x85nq\xbe\xa8\x9a;O|\x0c\x9b\
?\x90n\xbbWu\xbd\xa6\xe42T\x1c\x22\xb3\x85N\
nZ\xc2\x97U\x1aG<VZ\xac\x94R\xd2\x88\xd0\
~I\xa7\xa5d\xfb\xb2\xeb\xaf\xc7\xf9\xe7\x9d\x83\xcdO\
<\x81\x1d;^E\xa5P\x80\x8f\xb4fo1\xbe\xef\
\xf71D\xc0+%!\x8cP\xa4\x17*\x95\xce\x1e\x05\
\x5c\x8b\xe9I\xbaLD\x13:4\x97\x0d\xb5c\xf75\
\xbf\x17.\x8f\x85b\x81\xd5F\x8a0k\xfa\xbc\xa4\xfa\
-\xbd;\xb9V\xbd\x00\x10\xab\xd7\xda\xda\xaah\xd5J\
e\xa4\xc85\xc3|\xffL\xbd\xf1\x9c\xff\xb1\xbd\x00'\
kE.^\xf1\xfb)\x99\x02Y\x1a\xe7\xe3\x17\xe6l\
\xda\x89\x94\x01&yh\x90\xa4\xd3\xf0\x05\x82\xb8\xe4\xaa\
\xabp\xc9UW\x0b7\xf0\x04\x82\xc8\xdf\xe1p\xda\xbe\
h\x93\xca\xe0\xdf\x0a#T\xa1\xaa|\x18\xe9\xeb\xc3k\
\xaf)\xcdY1*\x18\x1bJ\xe3\x83\x1f\xfa\x10r\xd9\
\x1c~\xf4\xc0\x03\x88'b6~OM5\x8f\xdbh\
\xdc+\xfe\xbf\xc0\xf3,M\xa2\x82\x04\x86V\x84\xff\x87\
$\x0ejU'8h\xe3w\x96\x0e\xa4\x1c\x0a\x15d\
\x87\x83\x18\x9c\xa0\xcb'\x9c\xf9\x89\x84\x08\x033w\x04\
\x86\x88\x85\x7f\x1c\xac\x9b3\x89\xce\xc3\xd6\xfdA\xc5\x14\
\x18\xa3\xa6f\x99<\xd9\x92\xf7&\xd7.\x01%o!\
\xaaG\xf8s\xfcp\xc7\x12\xd0\xa3\xf1\xda\x0f\xf9\x08\xdf\
\x8a\xb3G6\x84\xc7\x83\xdd{\xf6`ddD~\xc7\
\xcd\xf7\x97\xff\xfd\xd3\xf8\xc4\xa7\xff\x0a}}GT\xd9\
z\xdd\xb4sSy|\x06\x88\xc1\xa5\x86\x14cY'\
\xe3\x0a\xf3.T&n\x18\x15\xa5\x01\xa6\xb3!\x9c~\
\xc6\xcc\x06*\x06\xb7I6\x00\xe1ZT=\xe4\xdd\xa7\
D\xb2\xdbD&\x9d\x85i\xa8\x1d<\xb9qT\xfd\x85\
kH\xa0\xba\xaaYg\xf0\xf7LO\x12\xed:3-\
\xda[g\xf4\x89v\xf2\xf9\xb0\xed\xa5\x17%\x1c\xcdt\
,\x99I{f\xf5H\xfb\x969\xb3f\xcbs\x9eH\
:\xf7T\x87SY\xc5\xac\x1fY\xca\xe8\x0d\xfd\xed\xdf\
\xfe\x1d\xae\xb8\xe1\x9d\xe8\xdd\xb5\x03\xdb\xb6\xbd\xaa\xba\x87\
\xd9\x895\xc5\xd0\xaeI\xa3\x08&Gy\x02\xc85\xdc\
\xe4\x16v#\x9b!\x83(\x85H\x01u\xa6\x1b\xaaC\
IE\xaa\xb4m\xc8\x8eh\x01\xf78\xe3\x85\x81\xa1\xa1\
!\xf8<^\x81$\xb3\xd2'\x16c\xd8\xd1\x06w\x9e\
B$V%\x7f\xbc\x82\x04\xca\xa5\xd3\x08\x91^\xed\xf7\
\xdc\xebWL \xdd\x85\xd1l\x0a{\x0e2\x91\xe5\x96\
\xba\xbc\x1f\xfd\xf2\xe7\xe8\xef;\x8a\x8f\xff\xf9\x9f\xe1\x03\
\x1f\xba\x0dFN\xc5$~\x17O*\xef_*a\xcd\
\x9a5\xf8\xecg?+\xec\xa6\xcbO?\x1df\xb5\x8c\
}\xfb^G:\x95\x96f\xdd\x8e\x15\xa50\x1a\x80/\
\x02\x04\x22t\x01\xc9\x22ZQ\xb6\x82[G.\x9d\xc7\
\xe8\xd1\x0a\x8c*s\x08\xf5\x0b\xa5\xce}\xa7\xe1\xf6t\
\xad\xac\xdd\xf1x\xdcn\x0e\xa1\x0b[7q{B\x17\
\xef\xf7C\xf7\x93\x0d\x9cF\xc3\xb1\xa7\xc19;'\xef\
d\xde\x98\x0f\xd9\xd7\xd7/q\xf09\x8d\xcdoy\x15\
\xef\x94g\xb5\xa9\xdb\xd9s\xe0\xbc\xf3U\xac^\x8d\x0a\
\xfa\xfb\xfa$\xc2F\xca[\xa1\x8c\xb1\xed\x987\xfd\x19\
T\xdb\x15tvv\xe2\xc6[o\x95\x7fg,\xdf\x13\
O`\xff\x81\x03\x0a\x8c\xcb\x8e-\xf5!\x1bR\xe5\xc7\
\xd9\xa0[\x83\xa7\xaa\xa1*\xaddy\x1e\x00\xc5\x9c\x89\
\xd4 C\xbcv;\xbe:\x8eV\x15?P<\xcc\x0c\
\x0a\x8dK\x87\x1d\xb9%V\x9cj\x90B\xc0\x9ft2\
\xa5\xea\xedH\x1b/\xad`N\xfc\xc5\xa6\xb3\x15\x98\xa5\
*f\x8b\xa2]\xe6,\xd7\xdfr\xec\xdeL\x0bP\xcd\
\x13\xe5l\xb7]\xb5\xfb\x03\xb4\xb5\xb6\x0a/\x02\xa9k\
f(\x9b|S\x87`\x04\xa4\xd9\x94\xca\xfeQ\x10\xb6\
m}\x19.R\xc0N\xe1\xbb\x01\xc2Qr\x00\x98\x82\
\xef\xe7\xc6\x0a\x84=\xa2\xd6\x0b9 \x97Q\xd9R'\
\x9b\xcbaWd\xd4\xdc@VR\xa9\xd2\xb0:T0\
\x17\x9b\x0b\xc7\xc2M\xfa\xe0\xec\x84\xc1\xf0-k\x03x\
\xfe\xf8\xbdu\xe4\xf2\xa70x\x0d&.\xc6F\x8e\xa0\
8|\x18nOD,`\xc5\x81\xf6\xd6\x0b\x83\x13\x14\
\x116S\x17\xdf\xcd\xc1=Y\xaa\x01\xe3\x84\x8c\xe4\xef\
v\xd4J\xe3$\x9d\x0c\x14\x87\xfb\x91M\x0f\x13{#\
\x9405~\x06\xf9,y\x16U\xc7N\xc6\xf1\xbd\xa1\
\x00t\x9f\x8e\x5c\xaa\x84\x22\xd9C\xe9\x02\x0ar\xc3\xee\
\x0fh{i\x02\x16c#/\x8b\x19^B\xcd&>\
\x83\x9b/KC\x84\x12%\xc7\x81\xcf/\xf8>i\xba\
\x5c!#\xb5\x85\x800L\x1c\x7f\xe7\xd7\xf3\xe6:\xbf\
\x17\x08w\xa9\x8c\xcf\xfd\xaf\x7fA\xc0\xed\xc3\xeaU+\
\xe0O4\xc0\xeb\x0b\xdb\x0c\x16\xe3l\x1bo\xf5p\xd5\
Q\xbap\xbc\xf5G\x13\xe3\xb6:\xccJ\x11\x99\xe4\x00\
\xf6\xef{\x0d\xc9\xe4\xa8\xea\xb5$y\x15\xf5)i\x1d\
\xef\xb5@\xcc\xa8\x04\xc9\xc8\x0f\x1cf0\x88\x19W \
\x9d4\xe4\x9f\xd2\xbbaRQ\xaf\xf3N\x86C\xa6U\
\x03\xe7\xa8\xbf\xbb\x9c\x05\xa3\xefO\xe3\xc3\xe9TA$\
i(\xe8\x1f/\x0d?\xd6k\xd8\xee\xde\xb41\x03\x12\
\x18\x04\x82\xf8\xed\x0b[\xf1\xae\x0f\xfd)\xee\xfd\xe9\x03\
\xe8;\xbc\x17\xd9\xe4\x90\xa4\x95\x1d\xb2\xc9\xe3\xb7v}\
s\x87\x83\x22\xd4$d\xaaM\xf9\xf9\x9d\x0e;Nk\
\x9aE\xe4\xd3\x03\x18\x1b:\x88W\xb6n\xc1\xe7\xbf\xf8\
\xaf\xd8\xb9{\xaf\x94\x89\xd7\xe6C\xea\x06\x08\xab\x07\x02\
!\xc5\x0d\xcc#\xdb\xedSl\xe2\xa5\x82\x81|\xd6\xa3\
p[\xdaL^\x9a\xea\xe8P\xa9\xf16\x8e\xff\xdd]\
\xff\xc1\xb1\xe4\x98\xd4\xa9S\x13p\x08{\x85\xe6\x00\x13\
'\x921N\x1e3\x09\x80\x10$\xe9\xc0\xbc\xd9s1\
\x96\x1c\xc2\xd7\xbf{\x17^\xdb\xb1\x0bo\xbb\xe22,\
Y\xb2\x1c\xe1x3|\xc1\x10t\x0f\xf1\x05\x8a\xfe\xec\
\xad\xd4\x08\xda[(w\xa2\x955\x95\xd3\xaf\x96r\x18\
\xe9\x7f\x1d\xa5\x5c\x0a\xcf\xbc\xf0\x0a\xee\xbc\xe7\x01\x0c\x8d\
\x8c\x22(M\x9e\x9c\x92:\xc7\x88\xe3\x8e\xf7\xc0\xe7\xb7\
\xa0K\xc3.e\xb4W+&\x0aY\x13\xa9QR\xcc\
\xb2\xd1\xc3\xf4/\xa3\x1aG\xab:\xc6\xc9cJ\xbf\x00\
\xfa\xa6\xd4\x02\xf4M\x83,0\x90\xd0\xa2M\xe60\xc3\
d\xa9EV=}x\x13iL8\xa1#\x07\x1b-\
\xf9\x10\x8f6\xa2Tq\xe1\xe9\x17\xb6b\xd7\xae=\xd8\
t\xd6F\x9c\x7f\xeeY\xe8\xee\xecF \xda\x88H\xa2\
\x09:y\xedT\xcb\xebZu\xf2\xefzh\xbf\xeb\x1b\
\xf0,\x96\xf2-.D\x09\x85\xd4(R\xc3\x838z\
\xb4\x1f\xbf\xf8\xe5\xaf\xf1\xf0\xe3O\xa0jhbt\x93\
it\xbc\xd9\xa6\x1d`c\xb6\x95\x89S\x1d\xf0\x04\x5c\
\x08\xc6\xd9u\x85\x016\xb6\x91\xd1\x91\x1e\xb57\xe0\x0c\
f\x95\x13\xfd\x9fN\xc9N\x10\x00Yc\xcb\xc2\xe8\xd8\
\xa8\xea\xb4\xd1\xc8bC\x05\xd0<V\xe1\x8b\xd3J\xad\
\x96\xe3\x9eps\xd5+\x80\xde\x80\x07\x01A\x19\x99\x06\
]\x1c7~\xf2\xe0o\xf0\xfc\xcb[\xf1\xf6+/\xc7\
\x19\xabW ;6\x84h\xa2\x05\xa1x\x02\xba\x87.\
\x8e\xc3\xf4\xe9\xc0\x98~?\xf0\xefS\x1e\xb2\x85\x05T\
\x09\x8dH\xa9\xdc\x18\x0a\xe9a\x8c\x0c\x0f\xe0\xd5\x1d\xbb\
\xf1\xb3_>\x88\x1d;w\xc3\xed\xf5\xc2\xe3e7Q\
\xb5C\xc7I\xba\x14\xef!\xf9\x01#16\xc0\x82\xf0\
38\xcbQ,p\xf7WQH\xb2[\xbbM\xdb=\
\xcd\x22K#n\x1b\x99<yL\x81\x85\xab[kH\
g3\x82\x1e\xf5u6\x0b{\xe7\xf1\xfcA\x05dP\
Z\x80\x06e\xcd\x0f\xb5\xff\x85\xb9l\x0aA0\x1cF\
\xae\x94Czx\x0c\xed\xcd\x0d\xd8\xb1\xe7\x00\xf6}\xfb\
n\x5cp\xf6\xeb8\xef\x8c\x15\xe8jiGcs3\
\xa2\x0d\x8d\xf0\xf8\x22B3\xeba\x02\x5cz\x17\xd4=\
\xa9\xdd\xf7`\xfc\x1e\xffA\x04\xc3r\x8eI\xc2z\xc8\
\xd7\x9fE>;\x04\xabZB\xa5P\xc2+\xbb\xf6\xe2\
\x17\x0f?\x8e\xc7\x9fzV\xb0zL\xa1\x0bs\x98\x13\
\xb0\xa9m\xd3\xf1\x1dG\xfc_L\x90\xd2\x0c\x07\x13*\
Fc\x9b\xfd\x95\x8bH\x0eWP-Z\xd2XCJ\
\xf6\xa6q_\x15B{b\xbb\xbc\xe3\xa6\x83\xf9@\xc5\
RA\xf0\x00'\x12\x05t:f391\x81kX\
\x8eu\xbb\xa9\xb3\xcd\xa3\xe3\x0f\x04Q\xd5+B)+\
/\x9e/\xe2\xe9\xe7^\xc6\xeb\x87\xfb\xb1a\xedj\xc4\
\xfd.,\x9e;\x1b\xb3::\xe1\x0b\xf8\x85\xee\xd4\x1b\
\x89#\x92h\x10\xb0\x83\xe6\xa2W\xa2hV\xc7\x1f\xc0\
)\x22SI\x12\x99\xb8)j\xeb\x8d\x1e)\x96\xfa\xdf\
\x09e{5\xd8r\xed\x97R\xe7h\x96\x84B7;\
:\x88\xd1\xe4 \x0e\xf4\x8f\xe0\x99\x97w\xe0\xb9\x97v\
\x09;z\xb9b\xc1\x1b\x8ca4S\x82O\xd7\xd0\x18\
\x0d\x0a\x0cO\xf0\x1b\xe3\x5c1\xa2\xd6=\xb2qT\xd5\
v\xed\xcdh\x00\x16\xabH\xa7\xf8\xbeJ8&\x0f\x89\
\xf93\xa3K\x0dPU`\x9d\xc9\xe3\x98x\x00\x053\
p\xfc\xe4c|NH$\x0c\xe4\xf2eq!\xeb\x91\
\xbd2\x19\xe2\x9a:\x1d0\x941\xe9e\xed\xbbeJ\
\xbc\x81\xb8\x22\xb2j\x8e\x8e\x8c\xa1o8\x89\xe0\x82y\
\xf8\xd9S/!\x1ex\x15\x0bfuaNO\x07\xc2\
\x0d)\xe4s\xa3\x08\xfb\x83\x0a\xaeN\xd1\xd1\xd9\xb6\x86\
\xc5\x90A!\xadv\xb9\xf8C\xff\xde\xaep\xa9%\xc6\
\x15\xac\xadf\xc8\xd6\x17\xa2j\x13\xd6\xf6\x98\xb3\xe1\x04\
P\x04\xc1l\xf7O\x92\xc2\x0c\x93\xbe9\x93Y\x15\x98\
\xe5<*\xc5\x12F\x87F\xb0w\xef^<\xbf}\x17\
v\x1e\xe8\xc5\x91\x81\x11\x94\x88\xe3/\x93NVu\x16\
\xe7[\xb0\x22\x98s }\x91\xed\xeb\xa9\xe3Tm;\
\xe6\x00\xbc>\x17<^\x0bn\x0f\xff\x9dF\xb9bb\
/\x17=(\xe6y\xdf\x19\x0e\x7fyF&\xf4\x98\x05\
\xb4k=OF\x00d0\x87+\xbc\x00\xf5\x94\xcd\x93\
\xef\xa3p\x81\x85\xb2jO\xe2\xb6\xab\x82\xeb\xab\x14\xb8\
\xc0,\x16\x95\xaeV\x92[\xb03Z6\x92\x96\xedU\
L#\x85\x17\xb7\xbc\x84\xc6D#6\x9dw1v\xef\
\xdd\x87'\xb6\xed\xc3\xaf~\xbb\x05A\x9f\x1b\xe1\x80\x1f\
\xab\x96\xcc\xc7\xca%\x0b\x85\x894_\xcc#\x14\x0c#\
\x11O\xc0\x1b\x8eJ\xe9\x99J?s\x9d\x19\xc6\xf6\xc2\
\xed\xa1'\xa3\x8e'\xde\x8d\x0c\xdf\xd2>\xc5vQQ\
U\x9d:T\x12e\x0a\x0c\xd3\xd6`J\x88UD\x8d\
\xe4\x8e\x19\x14\x8bYi\xdc\xe4\xb6\xdf%_,bp\
x\x04\xfd\xfd}\xd8\xf3\xfa\x01\xbc\xf4\xda~\xf4\x0e$\
\x11\x8d5 \x1c\x0a\xc2\xef\xcdK\x8f\x85\xfe\xb1>\x99\
+I\x9bK\x16\xb0\x02\xb7\xf4h\xa6U_\xac\x95\xe2\
9\xf3G\x03\xd0\x1bbky\xa5\x09\x08\x19\xe3g\x98\
\xd6-\x95\xa8\x05\x88\x08\x9a^\x03p\xf0^\xdc\xf8\xec\
\xc8*\xcb9\xc9\x8e:\xae\x06\x10\x0a\xd7\x13`\xbf\x90\
\xfaAV\x0eU\x0c\xf8}\xf6\x0b\xd8\xe74_\xf2\xd0\
\xa1\x01\xb8\xbd.,\x98\xdb\x03\xbf\xdb#%\xca\x99B\
\x09\xe9\x1c)K\xd4\xe0\x0ea\x8b\xf5G\x1f{Lv\
\xf4\x9a\xd3Vc\xc1\xdcY\x92\x9f`+\x19\xee\xa8;\
~\xf20\x22\x8f<+-\xde3\xa9Q\xc4CAD\
#~\xb4w4\xa3\xa3E\xf5\xffm\x8c7HcK\
N,\xa3c\xceA`ZU\x11\x12\xbf\x9d\xfb0\xaa\
\x84\xb0\xab\x9e\xc4S\xbazqq\xe9\xcd\xd80\xaaR\
!/\xdf\xe7\xee#\x85\x0e\x812\xd9lA0\x10\xaf\
\x1f<\x84W\xf7\x1cB\xffH\x16\x99B\x11\xbe@@\
\xaa\xa7\xae\xddx\xbe\x18\xd3O?\xf5\xb4\xa4\xdc\x99q\
u\xba\x87;\xc2O:\x9dP\xd4+\xa9]\x1e]\x92\
\xf9\x93Vv\x0a\x05,=\x0d#\x04|j\xf0\x07\xd8\
\x8f\x98=\x98YR\xce\xba\x0bC\xa2\x80\xd2!d\x86\
8\x8a\x18\x7f\x96%\x9cL8\x15\x0d\xe0 \x80\x94*\
\x9f\xa9\x06O\x9d\xf9\xe5\x8a!\x19)'\x03\xa5j\xd9\
\x95e\xca\x17\xe5\x19\xe6\xb2\x0c\x04\xdc^\xa9\xfa\x95\xc6\
\x06u\x14o\x0a;P\x96.\xdc\x8f=\xf2\xa8d&\
\x17,X\x80X\x94\xfdx\x9a\xb1t\xf1R\xe4\xf29\
9C\x0f\xec?\x84\xa3\xee\x10FG\x07qd\xf4(\
\xb6\xee\xda\x07\xeek\xb3ZAGs\x02\xdf\xfd\xd6\xbf\
\x22\xd63O\xd5.\x94K\xb2`\x0e RR\xbd,\
z\xb1\x9c\x8e\xa6\xb5\xd3]u4w1\xd8\xe2\x15t\
\x93\xa6U\xf1\xf0\xaf\x1e\xc4\xf7\xee\xfa\x01\x5cDMI\
\xe5\xb4*\x95\xcb\xe6r\xc2\x02\x1eI4c\xee\xdcy\
X\xb1f)Z[\x1a\xa5wP,\x1e\xc3\x8e\x1d;\
\xf1\xd0C\xbf\x96j \xd2\xc91\xe2\xea$\xcc\x842\
_\xa8\xdb\xd8\xaaW\xc5@\x9c\xa3\xb6>\x0a\xc8_\x85\
\xc2^\xf1\x00\x98\xb9t,a\x8a\x0fs\x00\x85\x22\xab\
\xb7\xcd\xf1V0\x93\x06\x17\xbf(M\xb9K\xd3\xae\xdd\
\xb1\x05@\xe3\xcb\xaa\xda3i\x0ev\x0cWP\xba\xac\
V\xaa\xc8\x17\x8ahH\x84\x05\x16\xe6(\x0e\xd2\x998\
\xaa\x99\xe5I1\xb6\x85\x97FS\xfc\x92}F\xd7]\
\x88\x14\xb0\xac\x19x\xf4\xd1G%\x9d\xcc\xa2P\xee \
^\xc3\xe7\xf3c\xc1\xfc\x05X\xb8`\x91L(3\x98\
\xbd\xbd\x87\xb1c\xc7\x0e\xa4\xb3c(\x17\x0b\xc8\x1a\x1a\
\xee\xb8\xffWhl\xed\x90z\x84`0\x80\x06\x12T\
i\x84\xae\xf1\xe8(axhXvoSS\x93\xa0\
\x9by_\xb6\x7f9:4\x88\x0aw\x9d/,\xda#\
36\x80\xd7\xf7\xee\xc6\xe0\x18\x19\xc9\xa2\x08\xf8#\x12\
\xd9l\x88G\xb1\xb4\xa5\x19]\xed\xadBT\x15\x0aG\
$\x89\xc4\xa3\x8e\xf9\x95\xd7v\xee\xc2s\xcf=/\xff\
\xce\x04\x1b\x17\xdb\xe9o\xa0\xaa\xadYyUF\x22\x11\
\x80\xc7\xa3J\xcbj\x06\x9e\xd3\xe5\xd9\x1e\xc1p\x15\xba\
\x9c\xff\xfc\xbeM+\xc3\x10\xf0\x98\x0a\x00\x09]\xfe4\
\x06\x9er\xfb4\xe1\x06b\xad\x86j\x010\xf1s\xc7\
F\x05\xdb\xad\xd8\x8f\xe7b\xa9|\x86K\x0c\x14v\xb1\
\xae\xbf\x05\xb9o\xc8\xe7\xc3\x9d\xc5\xdf\x17\x0a%\x1bM\
f!\x16\x0e\xa2P\x1c\x13\x03\xc8\x01\x9cPe\xf1\x05\
\xb9\xe0L!\xb3P\xf2\x92K.\x91\xde>N\xae\x81\
\x93)\xbd\x0ct]\x16\x90\x89,\xee\xc0\xde\xdeC\x0a\
\xceV\xac\xe2\x85\xad\xaf\xc30vI\xed\xdc\xa1\x83\x87\
\x05rE\xe6,\xa7<\xba\xbe\xfe\xde\xb4\x05\x94\xef\xba\
`\xd1\x02)\xcc\x1c6\x86E\xf8\x02~\x1fV\x9cv\
\x06\xe2\x91\x08Z[\x88\x94\x0aK\xcf \xd2\xbe\x939\
-\x99\x1a\xc3\xab\xaf\xee\xc0\xc0\xc0\x80<\x17\x05\x92\x8b\
N\xd5O|\x1f\x05Y\x1aA9j\xdf\xeeV^-\
\x17\xa5\x01w\xc4\xcf\xc4\x18\x7fOm\xa3R\xc0,\xc2\
q\x0cX\x92J\x07B\x1e\xf8|.\xf8\x03\x0an'\
\xf3\x98+cl\xb8\x0a\x97\xc9Ja\x87&j\x92\x00\
\x10\xf6fZ\xc8\x929l\x06\xdd}l\x0d`[\xed\
\xealT5~3\x0d\xe6\x0c\x02\xfe\x00\xf29\xd5\xe5\
\xc2\xa9Mt\x04\xc9I@\xe4\xf2l\xdb\xaa^\x82\xc0\
\x06\xeeN\xda\x01\xd2\xf5\xcb\xaco\xfdN\x02\xe5\x9cL\
\xec\xe6\xcd\x9bq\xc5\x15WH\x8cAr\x146\x9b\x08\
\x05\xc0\x99XR\xd0555\xa8\xc5\xb4\xe9m8\x01\
|\xedg\x9e}\x06\xbf|\xf0\x97RM+-\x14(\
\xb0.\x0d\x1e\x8fK\xc0\xa9\xec\xffG\xc1X\xb1j5\
\xde~\xed\xdb\x90\x88\xc7Q,V\xe4\xd8\xc8\xe72H\
\x8e%\xa5}\xfc\x0b[\xb6\xe0\xd0\xc1^\xd5}\xd3N\
\xa2\xe5\x0b,\x95SBK\xb6\x0f!y\x0a\x85\x04\xe2\
\xc5\xc2Y\xc9\xcd\xd7\x11b\x8a\x0d\x80*\xda\x1aC\xe2\
\x099\x14q\xd3L\xbe8+.\x0fm\x00\xee~\xb6\
\xf3\xe5\x11\xa5l\x03\x22\x80\xd2\xc3l\xc21\x11\x01\x5c\
?\xf8\xfc|\xe7l^\x9d\xff'\x15\x07\xb0\x9f\x01\x15\
9\xd3\x9d\x8a\xd2\x99\xa9\xf0h(\xf2\x8c\xcaT\xab\xf2\
\xf2\xdc9\xb5\x12e2\x9a\xd9\xc2\x94/\x96Qb1\
\x83\x9b/o\x22\x16\x0c\xc8D\xd2\xb0\xe2\x8e\x1b\xcf,\
\xaa\x7f\xf2oD\x14\xb1\xeb7w\x0e\xb1\x8b\xf1xB\
\x84\xc0!S\xa2\xe1G\x1c#\xff)\x02Bd\xb1m\
\xbbpr\xcf=\xf7\x5c,Y\xba\x04\x99|\xa6\xb6\x0f\
\x84\x00\xdb\xc3\x1d\xa7\xd41\xefC\x17\xf6\xc5\x17^\xc2\
\xe1\xc3\x87\x90Ng\xd1w\xa4O\xde\x85t\xb4\x95b\
\x11]]\xdd\x08\xf8\x83x\xf5\xb5\xed\xd2\x86\x956\x82\
\x93'\x11\xa1\xb6\x05\x91\xeax\x8c\x8b?\x89\xe6\x85\xd7\
\xd2a\xa0!\x1a\x84\xcfM\x96O\xc3a\xd8\xafm\x90\
zC\x94\xbb\xd7\xe3\xab \x10\xf2\xd5\x92r\x14\xdcL\
\x9a\x00\xd2*\x0a)U\xa39\x93\x9b.Q\xddt\x06\
E\xb9\xcf\xf4Z\xfc\xd8G\x80\xa0HU\xf5\xca\xb1\x07\
\x8b\x15\xa9\xa6\xc8t\xe5\x94o;\x06\x83\x22Hp\x80\
\x88<w\xabeC\xba^\x0bA\x81\x0bh\x8cE0\
\x92\xcc\x09\xe9\x94t\xb9V\x97\xac\xbd\x04\xd5*\x11J\
\x8c02WA~\x01gB\xa8\xfe\xa9f\xb9\xb3\xf8\
\x19\x0a\x05{\x19qA\xc9I\xcc\xdd\xcc\xdf%\x1a\x12\
\x08G\xc2\xb2[y\xb4p1\x0a\xb6e\xee@\xb1y\
|\xb0-.;\x89\x0d\x0f\x8d\xe0\xca\xab\xaeBC\x22\
\x81\x1f\xff\xf8\xc7\x22$\x9f\xfa\xcbO\x09\x99\xd35\xd7\
\x5c-\xef\xa7\x88\x1f\x94\x00p\xb7544\xc8\x1cP\
kQX\x9d\xee\x9f\x14\x0e\xa9\x87t\x03\x0d$\xd4\x92\
\xdd\xad\x8aj\x1d\x0c\x9f|\xae\xaa\x5c:\xa5\xd5L\x81\
z\xc7[u\xf8\x02\xfc\x9d\xc2.\x98\x86\x8et\xb2\x8c\
\xb1!\xd6h\xe8\xf0\x0ado\xea\x8a\xf0=I\xf2\x91\
\xcd\xe7\x8fy\x80\xcf\xbc\xb2\xb5\xc6 '\x82\xd1W\x0f\
\xccE\xa0\xdf\xcd\xdd\xe5\xb0Pp\x10\x15\xac\x12J$\
x\xb6\x84\xae\xcc\xa9\x95\xe3F\x0f\xf8\xbchH\x90_\
\xc0B\x81G\x08#^u\x11;>\x03\x11E\x5c\xb4\
\xe6\xe6&y9\x1e\x07\xfc\xef?\xfd\xd3?\xc5\xa3\x8f\
=\x82u\xeb\xd6\x89v \xca\x96\x0b\xbb\xfa\xb4\xd5r\
\xdf={\xf6\xa0\xffh?\x9ez\xe2)\xdc}\xd7\xdd\
x\xe47\x8f\xe0\xf0\x81\xc3xe\xeb+\xd8\xbem;\
\xbcn/n\xfe\xa3\x9b\x85\x92\x86\xdd=\xee\xbb\xef~\
|\xed\xab_\x97\xef\xae^\xb5\x12\x17]t\x91\xb0k\
\xf0^w\xdeq'\x9ey\xe6\x19\x14\x0b%\x04\xfd\xc1\
Zp\x8b\xcfCa\xa3\xa0\xf1\xfe\x02\xa6a\xfbw\xfb\
o\xb4\xd2#a\x0d\x0dQ/\xf4\xba\x8e\xd1\xca\xd6c\
H\xcb\xa6\x07\x17\xee?\x1b\xb1T\xad\x8a[\xed\x09i\
\x92\xfa\xf5\xf9\x14\xcbz!_\x95\x16\xf2\xc9!\x06\x80\
f^Z\xe6\xfe\x0b\xe5\x22\x8adv;\xc6\xe7\x8e\xb1\
\xb5\xedL\x94\x1d\x9d:\xee\xa04\xdb\xacW\xacSS\
\xd5-\xcab\xa5*sn\xc6]\x9f&\x1ck\x027\
\xa0\x05\xbf\xd7\x8dp\xd0\x8fH( \x9cv\x9cD\xc9\
22\xc9AC\xb2Z\x95\x9d\xc5+\xb6\xb4\xb4\xd4\xda\
\xc3\xff\xf0\x87?\x14$\x93\x18[\xa6\x82K\xd10\xfc\
\xe2W\xbe\x84k\xde~\x8dX\xf8\xf7\xfd\xf0~\x5c~\
\xe5\x15\x22 W]u\x15n\xff\xde\xed\xb2Xe\xb6\
\x82ok\x13\x92'\x8f\xd7\x83#\xbdG\xf0\xd4\x93\xbf\
E.\x97\x97#\xe9\xde{\xee\xc5o~\xfd\x1bYh\
\x9f\xd7\x8f-[\xb6\xe0{w\xde!\xc9\x9dy\xf3\x17\
\x08g\x11\x85\x99\xcce\x8d\x0d\x0d\xa2Ah\x00:\x1b\
\x80\xcc!\xa4s\x89\x84<\x08\xb0\x13\x9b]/Q\x9b\
\xe1Z|\xc5\x01n\xd23R\x9e\x82\xd4\xf8\xb3\xcf\xaf\
\xbb\x8c\xe6v\x0fB1\xd6RhH\x8e\x15\x90KY\
\x18\x1bP\x0d\xb3\xa6\xac\x9a\xcd\xa2\xca5#+\xa8S\
\x070\xd38n\x1c\x80\xaa\xecDp\x81\xd2\xbc\xc9\xe3\
F\xa12N\xdb\xaa\x5c\x1bJ\xb3\x83TS\xe4\xc4\xb9\
t\x0e\x952\xdb\xd0;6\x85-\x0c\x96\x81x\xc4\x87\
P\xc0\x83t\xa6\x80\x1cI\xa0\x84\x8c\x99\xed\xec\xd5n\
#\x85jkk\xbb\xd4/p\xb1\xb7o\xdf\x8e\xaf\x7f\
\xfd\x1b8z\xf4\xa8\xd8\x10\xfc\x1c\xb5\xc5\x8em;\xf0\
\xf8c\x8f\x0b\xc8\xf2\xd7\x0f\xfeZ\xb0\xf6\x5c\x98\xe7\x9e\
{N\x04\x84\xc2\x10\x89F\xa50\xe3\x9e\xbb\xef\x91\xa3\
 \x10\x0c\xe0\x87\xf7\xff\x10\xa7\x9f~:\xbc\x1e\x1f\x0e\
\x1c<,\xed\xe7\xc9\xba\xc9k\x0f\x0c\x0d\x22[\xeeC\
\xa9Z\xc1\xea5k\xd1\xdd\xd5\x85\x7f\xfc\xc7\x7fD\x22\
\xd1 \xdf\xa7\xa1\xc8\xfb\x8b=\xe1\xf3J\xf4\x92U;\
\x8c\xf5\x9bbK9\x5c\xacSG-L\xeeR\x08m\
\xaa\xc6l\xae\x84@,\x00\x8f\x9f\xf6\x06[\xc7\xe7\x91\
M\x170\xd4\xefC&\xcb\x14\xbbC\x92Zoq3\
\xfaGR\xe8\x82\xb4\xe7=\x1ew\xd214\x80m\xb5\
\x1aUT\xe9>\x09v\xeeX\x02@\x04\xb0ZH\x9e\
\x8d\x8a\x8dBA\xc0\xeb%\x95\x0f\x94+\x94$\xe2W\
\xffpJhx^V\xe1qiHD\x83\xe8\xe9h\
Fgs\x8b\xedY(\x16\x11\x9e\xa7\x5cl\x9e\xd9<\
s\xa9\xee\xbf\xff\xfd\xefK\xb4\x90\xf1\x82\xb3\xcf>[\
,\xf3\xaf\x7f\xedk\x22\x08\xec\x0d\xfc\x9do\x7f[<\
\x94\xcb.\xbbL\x9a<\xdd\xf5\xfd\xef\x8b\x00uuu\
\x89 \xfc\xe0\x07?\x90g\xf8\xe0\x07?(\xcc(w\
\xdf}7V\xadZ\x85eK\x97b\xcf\xde=r\x0c\
\xfc\xfd?\xfc\xbd0\xa5P\xcb\xf1\xa9{\xba\xbb\xc5=\
moo\x97\xc5g%4\x83D\xe4\xe7\x9b\xdb\xd3\x89\
\x0b6\x9c\x89Es{\x10\xf2\xf9jmp'c\xf6\
\xa76\xe8TKIf\x962#\x8d\xf9<Z\xda\xfc\
\x8a\xff\xaf`\xa2\xf7`\x11\xa5\x82\x8eC\xbb\xf3\xd0\xaa\
\xec\x22U+\xfd\xb4\xe7\x96\x09#C\xaa\x84F\x92i\
\x94\xe8~\x1es\xf9\x8f%\x00\xf6jK;W\xb3,\
*I6j\xdd\x03K\x1b\xd3ry\x9c\x0f\xd8d\xa0\
\xa5*j\x87)\x5c\xe7\x05\x05\xf1\xea\x5c\x93*\xca2\
1\x96LMi^ \xae\xa6\x84\xe7\x0d\xe92\xbet\
\xee<\x5cx\xf6F\x9c\xb6d\x09r\x99\xb4\xf8\xddN\
0\xc5\xd9\xf1\xb4\xba\xb9\xe3xdp\xd1\xfe\xcb\xc7?\
&\x13\xf6\xd0\x83\x0f\x09\xee\xfe}\xef{\x9f\xecr\xf6\
\xe9\xfd\xf8\xc7?\x8e\xd9\xb3gc\xa0\xbf_\x8e\x80O\
|\xe2\x13X\xbfn\x9d\x04\x91\xa8\xc6?\xfa\xf1\x8f\xe1\
\x1d\xd7\xbdC\x04\xe7\xe6[n\xc6\xdf\xfc\xedg\xc4U\
\xa3aw\xe6\xc6u\xb8\xed#\x1f\x91\xc6\x97a\x22\x98\
t\x1d\x9f\xfb\xdc\xe7\xe4X\xa2\x10\xb1\xadn,\x1c\xc6\
e\xe7\x9d\x8d\xcb/\xd8(\xc2;\xa7\xbb\x1b\xab\x17-\
CO{\xa7\x5c\xc7\x81\xdb9\x8b_?\x9c\x18\x87j\
\xd9c!\x9d\xcb\xa3b\x95\xd0\xd8\xccbY\x1d\x03}\
9\x18\xa6\x0b\x03G\x5c\x18;j\x08\x1d\x0d(\x04u\
\xf4;\x1c\xbcG\xae\x98C2Ed\xf7\xf1\x89\xb8\x8f\
i\xde\xabX\xb5\x0a\xe2L\xa6\xf3U\x10#\x82F\xab\
\xc2+(\x1e\xb7F\x0a\x12F\xdaH\x03\xcf\x14\xbe:\
\x0b\xe9F)~\xda\xf1|7\xdd\x93B\x955n\xce\
\xe2kRf\xee\xf7\x07\xa4:\xa7\xa7\xa3U0\x89\x1e\
\xb7\x86M\xeb\xd6\xe0\xa2\xb3\xcf\x12\xd5\x96\xce\xa6\x85a\
\x9c\x13N\xb5N!\xa0&\xe0u\x17-^\x84y\xf3\
\xe7\xe1\xbcs\xcfE&\x93\xc6\x82\x85\x0bp\xe5\xdb\xae\
\x12t\x13\x05u\xe1\xe2E\xf8\xc0\x07>\x80P($\
\xdab\xdd\xfa\xf5x\xe7\xbb\xdf%\x94ls\xe6\xcc\x91\
\x5c\xfb\xdb\xde~\x0d\xce\xd9t\x0e\xda\xda\xdb1\x7f\xd1\
|\xdcv\xdbG\xd0\xd2\xda\x22\xcfx\xf1%\x17\xa3\xb5\
\xa5\x05\x8d\x89\x06\xfc\xe8\x87\x0f\xe0\xc9'\x9e\x94:>\
\x17\x0c\xacX0\x17\xef\xb8\xf0<,\x9f3\xdbfL\
7\x11c\xb3\xebx\x1c=\xdd\x9dX\xb6p\x11Z\x9b\
\x9bU(zRH\x9d\xb3\x97\xca\x17\x84\x10\xabbr\
\xeeL\x8c\x8ef\xd0\xd0\xe8C8\xe2\xc2\xf0`\x0a\x99\
t\x19F\xd5\x85=\xdb*\xb04\xe2#&fiU\
ogE\xf0\x9d\xca\xe4P\xa6Ay\x02\x18\x09\xf7\x89\
\x08\xc0t\xae\xa04F4\xab\x18\xcde\xd0\xe4m\x80\
\x97\xdd/\x05\x0a\xa6P\xc0&\x02R\xfbg\xb2[\xa6\
\xb8D\x0a\xb2\xa4\x92 \xfcL\x05\xc9t\x0e\xa1\xe6\x80\
\x0dV0\xd1\xd5\xd6\x81\x8e\xd66Q\x15\x91H@\x1a\
(\xe8\xd0Q\xa9\x94\xb0z\xd9b467\xe0\xb7\xcf\
>\x8f\xa3C\xa3\xf02\x06\xe0rc`pP\xca\xd8\
zzf\x89'\xc0\xf1\xfe\x0f~\x00\x0f\xff\xe6a)\
\xbc c\xf6i\xa7\x9d\x86\xc3\x87\x0f\xcb1r\xe1\xa5\
\x17\xe1\xc9'\x9f\x94\xb8A\xa9T\xc2\xb9\x17\x9c\x875\
k\xd7\x8a\x10Q\x08\x1b\x9a\x1b\xf0\x89\xbf\xf8\x04:\xbb\
\xbb024\x8c9sf\xe3'?\xfd\xa9\x84\xa5w\
\xef\xda-;5\x1e\x8fa\xef\xee\xdd\x92\x15\x5c8o\
\x16\xccR\x1e\xf3z\xda\x11\x0e{\x85\x1bQ\xde\xd5\xf6\
\xed\x03\xac\xde\xf5\xc5\xa1{\xdc\xf0\xfb\x02\x08\xfa\x03\xd2\
l\xd2\xd9\xb6<\x16\xf2\x95\xaa`#:\xdb\x9b\x043\
X\xa8\x1aH\xe6\x0bh\x9c\x15\x97ll>[\x84\xd7\
\x1b\xc0\xbeW*H\x0e\x98\x92\x1e6+\xf5\x15\x00j\
sV\xca\x15\xe9'\x98\xb4\x89\xaaN\xa4\x93\xd9q\xf9\
\x01D%\xdb\xbd\x03\xea\x05\x8a\x13\xc1\x08\x13I\xa4\x19\
\xc5#\x99\xa3C\x0a\xc9x\xb8iE\x85\x02\x9eFM\
2\x95\x92D\x90\xc7nX\xe8\x5c&=\x96D{C\
L\x1etv\xcf,4\xc5\x1a$=\xcbv\xea\xe1X\
H\x15\xa6:\x89\xa6bA\x1a4\xbf\xfd\x92\x8b\xf0\xf2\
\xf6\x9d\xd8\xb2c\x07\x0aVE\x1aT\x0f\x0d\x0c\xa0\xa3\
\xa3\x13\x9b\x1f}\x1c\x83G\x8fJl\xfe\xaa\xab\xaf\x96\
\xddF\x17\xee\xc6\x1bo\xc4\xe3\x8f=&h[>\x12\
\xbd\x08j\x80H<\x22\xc9%\x1e\x13\x87\x0e\x1d\x12\xb7\
p\xd7k;\xb1\xff\xf5\xfd\xd8\xb6m\x1bv\xbc\xba\x03\
\xe9LZv\xfd\xc2E\x8b\xd0\xdd\xdd\x83\xde\xde\x83\xc8\
\x17\xd2\x88\x86\x038\xeb\xf4\x15\x98\xdd\xd3\x8d\xc7\x1f\x7f\
\x0c\x95\x12\x0bM\x18\xba\xb31U6XDP\xd1\xba\
\x07\x0d\xf18\xf2\xb9\x02<z\xbb,\xfa\xfe\xfd\x07l\
\xb4\x98\x0b\xe9T\x06\xb9\xac\xcau\xf0\xf9\xd8E\x94o\
\xce\xd8\xbf?\xe8\x81\xdf\xe7\xc7\xd1\xde\x12\x8e\xeca\x14\
\xd1\xce\xfcMX[vua4\xd3\x92\xb6\xb4\x85r\
u2\x5c\xe6T\x05@I\x11\xfdr\xa7\xfd\xa8\xfa\x9d\
\x8aR\xa5\xd2y\x14\xca\x04u\x94a\xc5\x14\x83\x08\xcf\
q\xbaQ\xfc;\xfdze;L\xedK\xc1fG\xa3\
\xa9<\x06GFq\xd9\x85\xe7\x80twD\x1fu\xb4\
\xb6 \x14\x0c)f\x92\xfaW\xa4Q\xc9\xec\xa1K\xc3\
\xba5+\xd0\xd9\xd5\x8e\xa7_x\x09G\x07\x86\x10\xf0\
\x05\x85\xbf\xf8\xdfn\xbf\xbd\x96q\xe3$\xdd{\xef\x0f\
$\xbaGW\x8f\xbb\xfd\xbak\xae\x15\xe3\xef\xf5\xd7_\
\x97\x08\xe2\xf7\xbe\xf7=!g`\x00\x89G\xc4]w\
\xdd%\x8b\xc0\x160\x9d\x1d\x1d\xb8\xea\xea\xab\xe4H\xf1\
z\xbcx\xe8\xa1\x87\xb0g\xefN,Y<\x1fs\xbb\
:\xd0\x10\x8f\x09\x0e\x8f\xc7\xa0\x9a\x9b\xc9\xbc>NW\
!q\x87\xe4\xbf\xc8\x8f(=\x01H'g\x18\x12i\
\xe4\x5c\xb0\xef\x90\xb4\x9awy$\x99FVo\x8eP\
\x94%\xe1\xac\xfd\xaf`\xb8\xbf\x82\xd1!v\x09\xa3;\
8u\x95\xf8\xfce\x03\x18\x18IJd\xf1D\xc1\xce\
' \x00J\x03LD_YH\x15r\x18N\xa6\xe4\
\xbf\xe9\xae8H\x16Nl\xa1\xc0\x163lh\xa8B\
\xa55\xf2HG\xed\xd9\x86$\xb3\x84\xef\xba\xe1\x1dp\
\x19\x15\xf4\xf6\x0e\xa0\xa7\xbbG\x8c3\x9ee\xd3A\xb7\
\x1c\x8c\x01\xcf\xec\xae\x96&\x5c}\xe1\x85\xf8\xc9\x83\x0f\
\x8a\x16\x22\x22\xa99\x10\x10#o\xed\xda\xb5r\xee\x8b\
qV\xad\xdaiWU\xe5L\xafa\xe1\xc2\x85\x92\x5c\
*\x97\xcbX\xb2x\xb1\xe0\x03\xe8\x1a\x86#\x11\xf8\x83\
\x01x\xfd>D\x82!\x94+\x15<\xb9\xf9\x09\xfc\xe6\
\xa1_#\x9bM\xa2\xad\xb5\x11\xed\x8d\x09t4%\xe4\
:U\x8dyz\x96k\xd9}\xdd\xa79r\x1daT\
\x80[S\x1ap2\x93\xe8\xb2\xbad\x13<\xbfm;\
\x86RY4\xc7\xa3\xd2\x0d\xf4P\xef \xf2B?\x0f\
\xb4w\x86\x85j/\x9f\xb6\xd0\xbb\x87L\xa9\x1e\xb2\xf5\
\xa8\xa3t|R$\xab\xc8\x13\x7f$\x95\x96\xea\x9f\x93\
)i=\xb6\x0d`\x07\xa8\xc5\x10\xacu\x00\xa3\x95\x0a\
\x0c\x0c%e\xd29\x86Si\xb4\x97\x1a\xa13\x9b\xe5\
b\x14\xca\x10!\x88\x04HgEl\xe4\xc4\xea\x1b\xd5\
\xc0\xd0\xc0\x97>\xf7q\xdc\xf8\xb6k\xf0\xd9\xff\xff_\
\xc4\x9a\x0f\x04\xfcv\x14\xf0\xd8\x0f-\xd5\xcc\x5c\xd8b\
\x01\x89p\x18\xb3f\xf5\xe0\xd5\x1d\xbb\xd0{\xf8\x10\xaa\
\xd52^{m\x07\xae\xb8\xfc\x0a,[\xb6L%_\
$\x97\xad2\x96\x14\x08\x86~) \x96t\x00g\xa0\
J\x05\x90\xa8u,;8\xc3\xda}\x06\x99^y\xf9\
%\xac[\xbd\x02=\xab\x16\xe2\x95W\xb7\x0b\xbe@\xed\
x\xbb\x18F\xbe\xcb\xca\x5cb'\xa7CK\x8d#c\
E\x08\xd8\x8c[\x1a=\x18X\xb3f9\xde}\xf3\xdb\
\xf1_>\xf5w\xd8\xb5\xbf\x17\xba\xee\x91T5\x9f\x81\
\xbb\xb8\xa5\xdd\x87J\xd9\xc2\xe8\x90\x86\xfe\x03E\x81\x8f\
M\x09\xca\xd9\xeb\xc3\xb6>\xc3c\xc9\x93Z|\x8e\x13\
\xe2Y/\xb1\xa8\xd0!\x84\x84\x0b\xd9\x5c\x1e\xc9\xb4r\
3\xa4\xd2\xb9\x5c\xc1\xc8X\x16-M\x0d\xaau-\xcf\
\xf7l\x1a\xad\x8d\xe1\x1a\xc8BM\x80&F\x0e{\xde\
}\xe1\xb3\xff\x15\x7fv\xdb\x0704\x94D4\x12A\
(\x18\x90I\xa9\xc7\x13\xce4\x1c\x18z\xa5\xcc\x1e\x06\
9\xac^\xb2\x11\x0bg\xcf\xc6\xf3[^\xc2\xce\xfd\xfb\
\x91\x17\xc2\x8b,\xae\xbc\xe2J1\xe62\xd9\xac\x22R\
\xb2U#\xf3ZD=s\xd4\xa6\x93\xec\xdd~\xbf\xb4\
\x82}\xec\xf1\x07\xf1\xf0#\x8f \xe2\xf7\xe3]\xd7]\
\x8d\xc5sz\xf0\xc2\x0b/\xc2e\x98HH\x9bZ~\
a\xbc\x1aJ\xdca\x1br5y8\xa9\xef\xc9eg\
b\x0by\xdc\xb8\xfc\x1d\xd7c\xd5\xd2\xa5\xb8\xe1\xbd\x7f\
\x8e\xa7_\xdc\x0a\xbf\xd7+\x9e\x13\xe3\xa8\xc9a\xa2\x87\
\xe2\xd8\xf9\xf20\xf2Y\x17B\xa4f\x9c\xa4\xfe\xa5\x16\
\xc34\x05\x8eF#\xf0dI\xb3\x8f\x9d\xe5qR\x98\
\xec\xf2m\xfb\xf0<\xd3\x87\xd3I\xb9\xa9Jt\xd9n\
\xddXR1V\xdb\xc1\x8eT*#\x93\xc2\x10\xab\xc3\
\xe7\xcf\x0c\x1am\x83/\x7f\xf6S\xf8\xe8\x07oB\xd1\
\x1d\x86+\xda\x84p4\x06\x9f\xd7{R\x0f\xcf\x05\xe5\
\xeev4Ac<\x84\xcb.<\x1bW_r!\xc2\
~\x1f\xf6\xec\xd9\x8d\xfb~x\x1f\xf6\xbd\xbe\x17\xc1P\
\xd0NL\xaa\xec\xa0\xa4\x91\x05<\xea\xaa\xfd\x8e$\x11\
\xfb\xf6\xed\xc3W\xbe\xfce<\xf4\xab_`\xf5\xa2y\
\xb8\xe9\xda+1\xbf\xbb\x03%;[H[\x80=|\
\xeb\xd1\xb5\xaa\xe8\xc5\xad\xfa\x07\x9fDy\x1b\xd3\xbb\xc3\
\xc3#H\x0d%\xd1\xb1h\x19\x1e\xb8\xf3\xcbX\xbdl\
\x81\xa4oU\xdc\xc4\xc2\xc0\x11\x03\xaf\xbd\x94\xc7\xd6\xe7\
S\xf6\x116\xf1\xfa*\x0fa\x22W\xacb4\x95=\
%\xc0\xf31\x05\xc0\xc9\xe7\xb1\xa5\x89\x80\x1aL\x13\xc5\
\x8ar\xdfd>\x1d\xdc\xa0\xd4\x11\xe4%\xfb$%\xe5\
\x00\xf2\xc5\x0aR\x8c\xf9\x9b\x1ar\xd9\xbc\xc4\xb8)\xd9\
\x9f\xf9\xc4\x1f\xe3\xc3\x1f\xbc\x19E-\x08\x7f(&A\
#\x85\xe8\xae5a?A\x8c\xbf\x86\xaa\xcd\xc9\xefq\
\xab\xa2\x0a\xda\x06\xf3z:q\xdd\x15\x17\xe3\x8c5+\
q\xa8\xf7\x00n\xff\xdew\xf1\xf2K/\x22\x12b#\
\xa6\x89\x8bd\x18\x86\x12<M\xc3\xcf\x7f\xfes|\xed\
\xab_A\xa9\x90\xc2\xbb\xde~%.\x5c\x7f:<\x9a\
\x81\x22\xdb\xb6\xb2I\x83\x0e\xb467\xaa\xbe>\xa6\xdd\
\xea\x9e\x98=z7:\xf3\x18\xa4ke>d\x9a'\
\x9dfe8O&\xa1\xda\xbcF\xc5\x85\xd6\x9ey\xf8\
\xc5\x0f\xbe\x86u+\x97\x08?#\x8f\x89g\x9f\xec\xc3\
w\xbe\xb4\x1d\xf9<q\x0c\x8a\x15\xac\xee\xa2\x12\x17\xa9\
\x18&\x86\x18\xf3wB\xea'9\x5c'\xd6\x9f\xcf\x90\
\x05\xa5\x042\xc2DT\x8f \x85j\xf8x\xe5r\xa4\
R9\x84\xc3Q\xf9\x1d\xff\xfb\xe8\x10A\x90\xea\xcc\xa4\
\xe6\xb8\xf5\xdd\xd7\xe1/\xfe\xe4\x03H\x1b\x1ex\xc2\x0d\
5\xa2\xa9\x9aWs\xe2\x1bH\x86J\xe3z\xd5\x99j\
G\x12)\x04\xec\xa7w\xe6\xaa%\xb8\xe6\xd2\xf3a\x16\
r\xf8\xc1=w\xe1\x81\x1f= !bb\x00\xc43\
\x01$\xfa788\x80/|\xe1\xff\xe0\xe9\xa7\x9eD\
C\xd4\x8f3W.FO{\x13\xf2\xa5\x9cP\xaa\x8a\
\x11'VvE\xe2\x12j\xa7\x9b\xe3\xc1\x97\x8a\x22\xd3\
b\xb4p\xbc\xcd\xcb\x89u\x0aQ\x08\xa2\xac\x94\xcb\x97\
\x0d\x0f:\xe6.\xc3\xfd\xf7|\x0d+\x96.P$]\
\x06q\x93.\x94K\x86\xe2\xe2\xae\x9b Y|\xf6\x01\
\xe4q\x9cJOl/\xfb\xa6\x0a\x00\xd5>\xb9\x00\x0b\
t3\x0c\xb9\x99h\x86\xba\x0aZ\xc7\xca%\xae\x9f\xd9\
7\x15\xe9\xa2@\xa4\xc50aL\xfa\x82\x8dk\xf1\xa5\
\xcf|\x02\x96\xbf\x19\xd1D\x9b\xda)b8\xd7E\xc5\
\xb4\x93\x17\x00f\x1e]u;\xdbY\x80r\xb1(\x8d\
\x1b\x18gX6o6\x9e\xfb\xf7\xa7\xf0\x85/\xfe\x1f\
\xf4\x1d=\x82P\x98dP\x16\x9e~\xfai|\xe1\x9f\
\xff\x0fb~7\xae\xbf\xfaR\x04\xbc\xaa\xc2\x96\x02O\
\xa4\xad\x80\xa8\xc5\xcaV\xa9g\x85\x8e\xe3l\x90\x06o\
\x9cZ\xc7\xe9\x8az2*\x98\xdaHb)\xb9\xac\x94\
\x88\xf3\x1d\xaa\x86\x1b]s\x97\xe3\xd7?\xbb\x07\xe7\x9c\
\xb1\x12e\x83\x90q\x95\xdd\x1b\xdf%jPx\xcaU\
\x9e\xfd\xaa\x07\x80\x1d\xa7\x7f\xf3\x05\xc0\x19\xb4N\xd9!\
\x86\xb0g\xe5\xdfN\x8a\xe3\x0b\xda\xa7(\x919Z\xdb\
\xf6#\xa1\xb7o\x00]-\xcd\xf8\xc6\xff\xfek\xf8\xa3\
\x09\xf8\xe3\x0d\xaa\xd1\xa3CQ\xc24)\xb1\xee'\xd1\
|[\xea\x10\xecJ$\x87\xfdr\xcag\x1c\x0c\x9ee\
bng;ny\xc7\xb5\x08\xb84\xdcw\xef\xbd\xd8\
\xbbo/\xbe\xf5\xedo\xe1{\xdf\xfd6\xd6,_\x8a\
\xab.\xbe\x10\x99\xd4\xa0\x80Q\xe3\x91\xb8\x18\x84\x8a\x02\
\xd7F*W*\x92\x13\x99nw+\xc1\xa0\x1dq\xe2\
6\x80\x83G\x94~\xcc\x84k\xd9\xac\x9e\xccaT\xcb\
\x16\xdaz\xe6\xe1\xab_\xf8{47\xc6%/R\x1f\
\xefwX\xd7x\x8d\xa1\x91$2y\xb2\xac\x9f\xd2\xe6\
?1\x01p\xfa\xcb\xd2\xb2>rt\x18\x15\xe6\x9a\xed\
\xaeSS\x87&;\x9e\x8bC!\xe0\x91\xc1\xa4\xc87\
\xfe\xe9\x7f`\xce\xbc\x05\xb0\x02qU\x18\xe2\x1c\xf3T\
\x85.\x02H\x08\x9e\xa8c\xc48\xae\x1f8\xce\xf3\xa7\
Z\xa3\x1e\xfb\xed\xe9&\xf9\xbd:\xae\xbb\xe22\xb4&\
\xe2\xf8\xca\xbf|\x09}\x87\x0f\xe1\xda+.\xc1\x19+\
\x16\x8b\x11I\xb42\x9f%\xe0\xf5q\x93\x8f\xb7>\x14\
<\x03U0\xf1\xf7S\x9fKq\x0d*\x0c\xc4\xe4y\
;\xd6\xa0\xc0P\xc8\x92\xc3#5\x01\xe0=\x19\xde\xae\
\xe6*X\xbal\x15n\xbb\xe5\x1d\xf6{Z2\xef|\
oi\xe8i\x9a\xb2\xf0\x03\xa3)\xe5Y9]5N\
a\x9c\x90\x1b\xc8\xcb\xd3\xd5+\x0c\x8f:\xa8\x8e\x99_\
\xccv\x8f\xf8%\x8f\xcb\x8d\xef|\xf1\xb38o\xe3z\
\x94\xb5\x18<\x9e\x80\x04\x83\x1c\x0d\xc1\xeb\xf0,\x14\xf5\
'-\xcb\x8f\xf1\x0c6\x94\x9a\x83\x91;\xe1\xbd\xab\x96\
m\xb0\xa4[\xbe?\x1d\xbf\xbe<\x93D\xecL\xc9K\
\xac]\xba\x18\x89P\x08]\x9dm\x88\x92b\xb5P\x82\
7\xe0\x135\xcf\x5c\x86\x94f;om\xe7-\x1c\xbc\
\x9fS\x01]\xffLB\xe8\xc4w\xb0\x03>\xce\xef\x19\
b&\xda\x88F\xe6\xb4\x1aJ\xa2\xa1.\x0c\x0d\x0e\xd4\
\x98\xd6\x9d\xa1\xbbI\xfeh\xe1\xfa\xab/\xc7W\xbes\
/\xc6RY)\x04\xe1\xdc\xd1\xe6`\x95O\xef\xd1a\
\xf1\xa8N4\xe4\xfb\x86\x8e\x00\xc7:\xb7{%\x1eW\
\xddp2(\xa5\x1f\xbe\xf9\x06\x9c\xb3\xe1L\x14L\x0d\
\xbe\x08#]6\xe3p\xadN\x8fX\x01\x8fL\xbc\x93\
q\x94\xfbM\xc74\xc2\x02\x87b\xb1\xf67'u\xca\
\xc5\x9fIa8\xcd)\x1cFPYD\xcd\xc4\xd2\x85\
s\x10\xf2*j\x5c\x87\x90\x91Z\x80\x1a@\xec\x09\xbb\
\x88U\x86m\x5c\x09\x0e`\x9a\x1b9\x86\xdf\x14\xe1\x93\
\xe2\xcd\xe2qg6\x95\xe4.\xa6\x06\xa8\xcb\xec\xf1~\
\xba\x8e\xf9\x0b\x96\xe0\xf4UK\x146\xd3`oH\xf6\
q\xb2\xc4\xe3*\x96\xd8\xa0\xfb\x945\x7fm\x9c\x14\x15\
\x96sN\x1f\xcbQ\x13\xa3\xc94$`\xf2\xc77\xdf\
\x08\xcdt#\x90h\x95\xb2\xaa)\xad\xcamk\xd8\xeb\
Sl\xe43]\xd5\xd9i\x82\xaa\xa5\x0foC\xa8\x18\
\x87'\xf8D\xc8\x1f'-\x80\xb3\xe0\x8a\x22}b\xf4\
\x84g(\x137Z\xddw\xc8u\xec>\x96??\x83\
\x94\xa9 \xcf\xc4c\xcb\xa9\xefw\xfa\xff\xcd\xf4=z\
0,w;\xbcw/\xb4\x10\x93_6\x07\xb0M\xe5\
\xc8j\x1e&\x9d\xa4\xee\xc3\xd6B\x8a3A!\x84$\
\x8c\xc1\xd6q\xb5\x1f\xb5\xf9\x8e\xf7S_\x06wR\x02\
\xe0X\xec\x13,\xf7I\xc3Q\x85\xef\xbe\xe6\x0a,^\
0\x0fF0\x22!b:SS\x05\x87\x18B\x22[\
\xbd\xf6N\x9a\xe1\xbev\x0b\x1b\x07a$`R\x9e\xcb\
\x82UPM.g\x1a\x82\xb4\xb3\xdd\xbe\xfa\xeb\xd56\
\xb8\xe6\x18\x94eY\x90i\xdf\xcb1\xc0\xa7AG+\
\x01\x98\x8a\xcd\xa3M\xc0kJ\x88x\x9a\x17\x93\xba\x08\
\x8fG\xbc\x80o|\xfd\xab\xe8?\xb0\x1f\xaePHa\
+\xb8\xe2v\x99\x5c\xd0\xebG\xc0\x8eU\x8c\xdf\x8f\x9a\
O!\x85\xeb\x17\xf3T~\xde\x5c2<\xe9\x1de\x88\
O|\xf3\x0dW\xc2\xe5\x0d\xc0\x1d\x8c\xab\xbe~\x96\xea\
\x80U\xfbqT\xbd\xdb\x83`\x88\xe1\xd5c\x83\x17\x9d\
\x84\x8e\x14l\xda\x86\xdd\xf1hf\x9d#`\xbaPl\
\xfd0M\x1b\xd1,\xc5\xa0S\xed\x08\xf9\xae\xb4k\x9f\
I\xe1\x9aSw\xb7\x97\xcd\x9b\xd4ugx:\xb9n\
(\x10B6\x95\xc2\xb7\xbe\xf2e\x1c\xed=\x00=\x1c\
\xb2\xefe\x8a\xdd\xe5\xf3\x05\xe0\x0f\xb0/\xb3=_\xf6\
\xe39\xf9\x8d\xffP\x02\xe0T\xe3\x5c\xb2i\x1d\x96/\
\x9d\x0b\x96A\x90\x18F\x9d4\xea\xac\x9d\xa8\x05X\xa2\
\xa3XC\xe8\x058`\xd2\x99\x16H\xf9\xda\xe3%V\
R\x8c\xc22\xad\x19\xaa\x97\x9dc\xc5\xd9)\xc7:^\
*\x15U54\xdd\xa9\xcac\x87.\xdb\x89\xfa\xf9\x12\
\xe8\xd1\x95AIt\xf1\xb1\xee\xcd\xbfD\x82A\xa4\x93\
I|\xe7+_\xc1\xe0\xa1\x83p\x91\xa8\x9b\x95\xcbe\
C:\x84\x11%\xe5$\xe6\xc4\x16\x9bA\x9d\x9f\xf0\xa2\
\xd7\x1f\x09x\x13\x87c\x10}\xe0]o\x83K\x0f\xc0\
\xed\x0f\x02\xe6\xcc\xf8uu\xa4\xb9$O>\x93\x1aw\
\x16\xc8)\x0bs\x86<\xbcfW\x16\x1f\xc3\x12\x12\x8c\
\x85\xc4\x0a\x8e\xada,\x9bu\xa3>\xdc\xea,\x9c\xd0\
\xcb\xda(\x9f\xe9\x9eo\xfa8\x84\x0a\x0e\x95\xab\x0a3\
9\xcd\x0dU\xf3(\x1bC\x11!uN&\x87;\xbf\
\xf1M\x0c\xf5\x1e\x86\xee\xf7\x8bgBtr \xc0\xca\
 \x87\xaa\x83}\x7f\xb8x\xfa1\xcf\xf7\x13\xb1\x01\xde\
T\x01\x10\xcb\xdf2\xb1\xf1\xb4\xa5\xb8\xe0\xac\xb5p\xf9\
c\xd2\xfa\xecD\xda\xc2\xb3\xa8b\xdc\xc8\x99:\x1cz\
3G\xfd\xab\xda>\x9b\xf4\xe18\x11$GS\x1c/\
Fc\xd9\xb6\xc4\xf4\x06\xe0\xf4\xce\x8fS\xca5\x9d\x1d\
\x22d\xde\x12v\x1eo\xab;\xe1\xbbd\x07\xf1x\xa4\
\x81\x16\xeb#)\xdcR\x93X(\xe0\xde\xdb\xbf\x8b\xc1\
^\xa6\x87U\xa7Q\xe9\x14j{+\xeaU\xed\x85\x94\
\x9a\x897\xf6\xf3\xa6\xb5\xddvv\xcbE\xe7n@$\
\x11G\xd9\xe7\x17\x90\x02\x03?\xc7\x1c,\xa6$;\xb9\
\xc3\xd81\xcdu\x1d7\x8e\x136\xeek\xd7Y\xde3\
\xdc\xc2\x91v\xf1\x14\x8e'\x01\xda\xcc\xee\xa7\xa0ul\
\x10\xecDu\xaeb\x03\x8e\xad19\xd9D\x81u\x84\
c\xf2\xdf\xf8\xcc\x8c\x03\xe8L\x9e\xd51\x82\xf8\xc2a\
\x94\xf2E\xfc\xfc\xc7?\xc6\xc2%K$\xceA\x845\
#\x91\xa6\xa6C\xb3\xdde\xa5\x01\xd9\xcf\xd9\xc9K\x8c\
\xa7\xe6\x8e7\x9c:O\x99#\xbc\xc9\xea\x7f\xed\xeae\
\x80\xee\x87K'\x09\xc4D\x18\xf9L\xc3Y\xd8\xc90\
qgL\xee\xecQ\x1b\xb6P(\x92\xe4\xa9\xa9RG\
\x00\x1c\x03\xf2XC#\x1b\x80]m<y\xc8y\xae\
\xebR30\xdd\xb3O\xa7\x01\xc6\xcb\xcfg\xd6l\xea\
\x15TY:\x7f(\x10\xec\xd1\xc8\x0dA\x0c\xc3\xf6W\
_\x158\xb9W\xa8aH\xb4\xcd\xaad\xf5N\xea\xdd\
\xc6\xd5\xf9\xa9\x8e7E\x00\x04Uc\x99\xe8lk\x97\
H\x1b\xe7\x82\x0c\xa3\xaa\xf9\xf1\xe4\x9fI\x0f+\xb1\x00\
\x95\x84\x99i\xa1\x9d\xdfO\xf6\xb5U\x89\xb7:C\xa7\
\xd3\x02\xce1A\xf8\xd6\xf1\x86U\x17`\x9a\xfc{\xa1\
\xcf\xf7\xfa\x90\xcf\xe6\xa7\x12,\xd8\xbb|\xbagw\xfe\
\xfb\xc4\xea+'\xde\x93QD\xb3RAkC\x03:\
\x9a\x9b`\xb2[\xab\xfa\xa3\xdd\x5c\x8a\xc7\xc0\xb8\xd0\x9e\
\xaa\x11\xf8\xa6\x1c\x01b\x85\x1b\xc0\x19+\x17\xa0\xb9)\
\x0e\xc3\x86\x86\x1dO\xba\x1c\xcbV\xd0\xba\x18\x0f\xab\x9e\
\xd0=\x85\x85\x5c-\xf0t\xc3\xf1\x14\xf8w\x07\x1b8\
\xad?n\xa9\x05&\x16\x91\xe9b\x82Z\xe8Y\xd4\x0b\
\x04'\x8a\xbb2W\xc8\xa9<\x07\x0b?m{\xc1y\
\xde\xe9hX\x1d\xc1\xac\x15\xce\x9c\x14\x1f\xb2\xc2\x16\x90\
\x18\xea\xbc\x0d\x1bP\xcc\xe7\xd1?0(\xb01\xe9\x22\
\xc2FS\x0e\xde\xb0\x1eEuB\x19A\xd7\x9b}\x04\
\xa8\x9b\xae\x5c\xb6\x10\x9e`\x04\x9a\xdb+\xc5\x12.\xba\
v\xc7\xb5\xbe\xf8\x92J`&\x07l\xe4\xcf6\x9b\xc7\
d\x17Q$\xd9N\xa9\xce\xf8T\xb6\x00P\x038\x15\
\xbbSoo\xc9\xef\xd9\xd0\x9a\x81\x1b\xc7m\x9b\xbcX\
D\x0a\x17H\xa3_b8z\xfc\xf7\xce5\x1d\x01\xa8\
G\xedp]H\x8ey,\x15=E(l[\x84G\
;\xf3*\x04\xe2D\xfc!\x5cz\xc1E\x82\x9b4H\
\xbdS\xa7\xfe\x9d\xf7<\xd6N?\x966\xf8\xbf\xcb>\
\xe2\xa9\xd7\xf9\xe7\xb0\x00\x00\x00\x00IEND\xaeB\
`\x82\x89PNG\x0d\x0a\x1a\x0a\x00\x00\x00\x0dIH\
DR\x00\x00\x01\x00\x00\x00\x01\x00\x08\x06\x00\x00\x00\x5c\
r\xa8f\x00\x01\x00\x00IDATx\x9c\xec\xfd\x07\
\x98\x5c\xd7u%\x0a\xaf[\xb7r\xe8\x9c\xd0\x8d\x9c3\
\x09\x02$\x98)&+'K\xb6d{$[\x96\xec\
\x91\x9c\xc69\xbd7\xbfg\xc6\xff\xf3\xf7\xec\xf7lI\
\x9e\xe443\xd6\xccx\x1c\xc6\x92%Y\xc1\x96He\
RbN A\x22\xe7\xd0\xb9\xbbr\xb8\xf7\xbeo\xed\
}NUuwu\x02\xc0 \x02\x87*\x01\xe8\xae\xba\
u\xc39\xfb\xec\xbd\xf6\xdak;\x00\x02\xbc\x06\x86\xe3\
8\x08\x82\x00\x03]\x19\x0c\xad\xe8\x83\xe3\x84\xe0\x84\x5c\
\xc4\x22a \xe4\xc2\x09\xfc\x96\x9f\x0b\x05\x0e\xc2\xa1\x10\
\xd6\x0c\xad\xc4\xbb\xdeq\x136n^\x8dH,\x85\xf6\
\xcen\xc4bq\xb8n\x04\xe1p\x04\x91pT\x8ei\
\xbe\x0d\x08\xaa(\xe7&p\xe1\xdc\x19\xe4K9\xbct\
\xe44\xfe\xf1K\x8f\xe2\xdc\xd9Q\xd4\xfc\x1a<\x8f\xdf\
\xe7/v\xd6p\x10j:\x99\x99\xbf\x0dx\xce\xc1k\
\xe2\xf6\xce\x18z\xce\xce<\xbf\x0d\x10,z\xddW\xc7\
p\x1c\x07\x91\x88\x8bp$\x84\xee\xceN\xec\xd9\xb9\x1d\
\xf7\xdd\xb3\x17\x1d\x9d\x1d\xe8\xec\xeaA\xb2\xbd\x0b!\xb8\
\x80c\x9fq\x00\xc7\x09cjr\x02O=\xf5(&\
\xc6/\x22\x93H\xa1X\xc8\xe1\xa9\x03/\xe2{\xdf;\
\x84R\xc9\x07\x22\x80'o\x0f\xe4\x15\x9a\xf5,j\xb5\
\x1ar\xc5\x02\x108\xa89>\x10rP,\xd70>\
1\x8d\x89\xe9|\xe3\xfc\x82\xf9\x9e\xe1\xd2G\x18\xaf\x91\
\xc1\xc5\xcf\x9b\xcd\x9b\xeb\xfb\x8e\xdc\xd4D\xc4\x81\xe3\xba\
\xf3\x9a(.\xbf\xc0\xaf\xa0\xb7\xbf\x03\xb7\xdd\xb1\x1dk\
\xd6\x0e\x22\xec\xc6\x10\x8b&e\xd1s\xc1\xbb\xae+\xaf\
P\xa81\xe9y8\xdf\xf3166\x86r\xa5\x84\x89\
\x89)<\xfe\xe4\xb38\x7f\xe1<\xfc\xcb\xb8%\x81\xef\
\x9b\xa3\xdb\x07\xf3\xda[\xfc\xd7\xc6\xf2\x86\xe7\xd5\x10\x04\
!\x99#\x07\x0f\xbd\x84\x0d\x1b\xfa\xb15\x16G\xc8\x1d\
G8\x16G\x22\x91nz\xca\x0e\xe0\xfbhoo\xc7\
\xfe\xfd\xfbq\xfa\xc41\x8c\x8f\x8d!\x9e\x88\xe0\x86}\
[\xe0\x07!<\xfa\xe8!Y\xccn8\x04\x1f~\xc3\
v4\x0d\xce\xd7h4\x8aJ\xcd\xa3y\x01\x97C$\
\x12A:\x95B._B\xcd\xf3\xae\xd8\xccz\xcd\x18\
\x00\x8e\xae\xce\x0e$\x92q\xf8\x15\x0f\xb1X\x14\xe1p\
\x946\xb5\xe5B\xe2\xe2\x87\xe7\xa3-\x1d\xc5=w\xdd\
\x80\x1b\xf7nD4\x12B$\x9c@&\xd3\x86p$\
,\x06\x80\x0b\xbfy\xf1\xcb\x08|LN\x8e!W\x98\
F\xa1Z\xc4\xf3\x87N\xe0\xe0\xa1S\xa8\xf8\x9e\x1cw\
i\xbb\xffB\xe3\xb5\xbd\xf0\xaf\xed\xf0K\xbcOA\x00\
\xcf\xd3\x8d\xbaR\xad\xe1\xec\xb9\x0bx\xea\x99\x9700\
0\x80\xc0\xa9\xc0\x0d\x85\x11[\x11A(\x1ci\xfa\x14\
7,\x07\x89T\x06\x9bw\xeeF!\x97\xc3\xc4\xc8E\
\x8c\x8c\x9cE\xfc\xb6\xb4,\xeeG\xbe\xf7\x12\xf2\xa5\x0a\
\x5c\xd7\x81\xdfb\xaep\xber\xc1\xfbA\x80\x9a\x1f\xc0\
\xe5\xdcu\x1c\xc4\xa3Q\xb4\xa5R\x98\xc8N\x9b\xe7\x18\
\x5c\xb6\x17\xf0\x9a1\x00\xb4x]\x9dm\x80WC4\
\x1c\x12\xd7_n\x8d\xb8\xd0\xb3o\x92\xde6\x1f\x1e6\
o\xd8\x80\x9bn\xd8\x82D\xdc\x83\xe3\xc4\x10K\xe8\xee\
\xefr\xe1\xbba\x84\xc3a5\x00z0\xb1\x03\xe5R\
A\x0c@I\x1e\xea\x08\x1e{\xe2YLf+\x08\xb9\
\x11\x04\xb4\xf8\x0eo\xecR\xce\x9a\x8f \xf8\xbeY\xf8\
\xd7\xc6\xa5\x8d\xc0W\xb7<\x08\x01\x07\x0e\x1c\xc6\xd0\xe0\
\x00\xf6\xed\xd9\x00\xc7\x1f\x97\x85\xda\xdd;\x00\xc7\xb5\xf1\
\x1f\xe7X\x08\x01\xb7\xed\x10\x90L\xb7!\x1e\x8d#\x1e\
\x8f!\x91N#\x1a\x09\x10\x09\x87\xf1\x9d\xef\x1c@\xa1\
P\x83\x13\xd6\xd0w\xc6\xf7\x05\x81\xcc_\xae\x89Z\xa9\
X\x0f\x13\xe2\xd1\x18:\xda\xdaP\xadU\x91-\x14\x17\
\x08\xe3\xbe\xcf\x0c\x00/\xa3\xb7\xbbCvp\xc7\xf7\x10\
\x8b\xd2\xa2\xfa\xe2N\xcd\x8e\xb5\xb9{9\x8e.\xbcT\
:\x8e}{w\xa1\xb3\xbd\x0dU\x0f\x88\xc4\xd2\x88\xc5\
\xe3\x126\x84\x9c0\x22n\x18!\x1b\xf73\x96\x12\xd7\
\xbf\x8a\xc9\x89Q\x94\x8bEd\xf3e<\xf7\xc21\x9c\
>s\x11A\x10E\xcd\xe3\xdb\x1c\x04\xf0h\xc4\x978\
\xae\xc5\xcb\xaf\xf7\xe1\x1a\xc3\xceP`r2\x8b\xc7\x1e\
}\x0a\x83\x03mX\xbb*\x8e\xe9\xc9I\xc4\xe3I\xa4\
\xdb\xda \xcb\xd4\xa5\x01\xf0tg\xe6\x8b!|\xd8E\
gO\x0f\x9cP\x80X\xc8G\xf4\xae8\x22\xb1\x18\xbe\
\xfe\x8dg\x90\xcb\xe6\xe1\x86\xf9\x0d\xf6;\xf4O.x\
\xd7\xe1+$.?\x17\x09gr,\x16F:\x99@\
\xa1\xc8P\x80\xdf\xf5:\xf0\x00\xd2\xc9(z:\x92p\
\xbc\x1a\x22\x910\xc2\xae\x0bo^\xf0\x8c\x17\xec\xc0\xaf\
\x95\xb1u\xf3&\xec\xdc\xb1\x11~\xad\x8ap(\x8dX\
\xac\x0d\xe1h\x0c!\x01o\xc2\x08\x11?\x98\xf1Q\x07\
\xc5b\x01\xd3S\xe3(\x94\x8a\xb8p\xee\x22\x0e\x1e<\
\x8eJ-$\xa1\x86:\x1bz\xfck\xbb\xf9\xb51{\
\x08\xba\xe3\xba8y\xee\x02\x1e~\xf4\x19\xa4\xd2m\xe8\
u\x81\x91\xb1\xf3p#@\x22\xd9\xae\x1ek\xf3\xa2\x94\
\xbf\x86\xe0\x84ch\xef\xea\x91\xdf\x85\xa3Q\xdc}\x17\
\xe7i\x08\x0f~\xe51d\x8be\xb8\x11\x86\x0e\xc1\x5c\
\x102\x1c\x86_\xab\xc1\xe7\xa6\x17x\xa03\x9bL\xc6\
\x10\xcfE\x91+\x94q\xb9\xe3U5\x00\xbc@'\x08\
\xd0\xd7\x99A$\xe4\xc0\xf7\x03\xd9\xb5\x17\xb2i\xbci\
\x9e\x17\xa0\xab#\x85;n\xbe\x1em)\x17~\xe0!\
\x1aM\x22\x11O#\xec\x86\xc5-\x9b\xb3\xf8\x09\xe8\xd4\
\xaa\x18\x1d\x19A!\x97G\xb9\x5c\xc2\x0b/\x1c\xc5\xf0\
\xc5i\xdaZ\xb5\xbc\xb3P\xfck\xe3\xda\xb0C\x01{\
\x1fN\xc8\x91\x1d\xf9\x99\x03G\xd1\xdd\xd7\x83[\xf6\xef\
F\x15\x1e\xdcq\x17C\xb1\x04\xdcp\xac\xc5\xdeA\xaf\
\x92H^\x1c\x99\xae>\x84#Q\x84Ca\xdc\x7fO\
X\xbc\xdc\x7f\xfe\xca\xe3(U\x18\x82\xce\x9d\x80\x82\x05\
\xf8>*\xd5\xaa\xccO:\xb2\xb1X\x0c\x99t\x12\xc5\
RE6J\xc1\xc3\xbe\x1f\x0d\x00\x17]:\x11E[\
&\x03\xbf\xe6#\x1a\x89\xc8\x02^0\x92f<\x14x\
\xd8\xb1}+\xb6lX\x05\xf8!\x84\xc21D\xe2\x09\
\x84#1D\xa31I\xdb\xe8&n\x8ed\xfe\x9c\x9a\
\x9a\xc0\xd8\xd8\x88\xa0\xf5\x17.\x0c\xe3\x85\x83GQ*\
\xd3GS0E\xc1\xb1f\x14\xff\xda\xb8607>\
w\x5c\xe4\xf3%<\xf2\xdd'\xd1\xd7\xd5\x89-[\xd6\
J\xea/\x11K\xa2\xa7g\x10N\xb8U\xe6*$\x9b\
]\xd8\x8d\x22\x9d\xee \xaa\x88\x9e\xce\x00\xf7\xdf\xb3\x17\
\xe5r\x05\x0f~\xfdI\xd4L\xf6\xcb\x0e;\x0bc\xd1\
\xa8\x18\x01/P\x90\x9a\xe1A&\x95@\xaeP\x94\xac\
\x001+y\xff%\x00\x82\xaf\xba\x07\xd0\xd5\xdd\xc9 \
\x09\x81_\x83+9\xff\x90\xee\xc6-B\x00zVA\
\xcdGg[\x0a7\xee\xbd\x0e\xe9$\x91R\x1f\x91p\
\x0a\xb1D\x0a\x91(s\xfe\xe1F\x5c\xde\xe4\x8aU\xcb\
e\x8c\x5c<\x87Z\xad\x84h8\x8a\x97\x0e\x1f\xc5\xf0\
\xe8\x18\x1c'\x0d\x8f\x96\x9d6\xda`\x0ejQ\xaf\x19\
\x81kCG\x03\xa4c\x94\xaf\x9e@\xc8\x01\xc6F\xa7\
\xf0\xf0\xc3O\xa0\xab\xab\x1d\xfd\x03\x1d\x18\x19\x1eF,\
\x9aB\x1b]\xfdYC\xd7\xa8$\xae\xe1\xb8\x11d:\
z%\x15\xdd\xd7\x1d\xe0\xfe\xfbn\xc4\xd8\xd4\x04\x1e\x7f\
\xf4\xa8x\xae\xdc\x88\xf8\xf6:~\x85\x00\xd1p\x04\xe5\
j \x8b\x9d\xdf\x9f  \x98I\xa2T*\xa3j\xb0\
\x80\xd9`\xe2RF\xe8\xd5Z\xf8\x1c\x99t\x0amm\
\x19\xc9\xb5\xc6c1qw\xe6\xbf\x08^\xa0\x83P\xc8\
\xc7\xae]\x1b\xb0e\xfd\x90\xde\xccP\x1c\xb1x'\x12\
\xc9\x94\xee\xfc\xfa\x053>\xe7{\x01\xc6\x86G\x91\x9b\
\x9eD&\xe1\x22\x9f\xcb\x09\xf8\xe7\x07\x0e\x1c\xc7_\x84\
\x18sm\x5c\x1b3G}z\x85B8z\xfc4\x1e\
\x7f\xf29d\xf3\x05T\xbd2\xc6\xc7/\xd6\x91\xfb\x19\
\x9f\xa9\xcf0\xce\xb5\x10\x9cH\x04\xa9\x8eN\xb8\xf1\x0c\
\x06\x07W\xe0mo\xb9\x0b\x9b7\xf7!\x08\xcap\x5c\
Gp,\x1e\x83\xeb\x81G\x8a\xb8\xae`c\xf4\x04\xe4\
XN\x08\xa9d\x12\xa9DL\x8f(\xd8\x03\x96=^\
\xb5\xa8\x97\xd7\xd7\xd5\xd1.\xee\x0cwm\xee\xde\xf3/\
~M\xfa\x05\xb5\x1a\xda\xd21\xec\xdb\xbb\x05\xe9d\x18\
~\x10F8\xda\x81d\xaa\x03\xe1\xa8qfZ\x1c\xa2\
\x5c*\x89\xeb\x1f\x0e9HD\xc28\xf8\xe21\x0c\x8f\
\xe4\x10\x0a\x85\x01\xa7v\x0d\xc9\xbfJ\x87\xcf<\x7f\xc0\
\xddv\xe9;\xa7q\xb6u7w\x1c\xc9\xd3?\xf1\xd4\
\xf3x\xf1\xa5S(\x94\xca\xc8\xe7\xa61=v\x11\xbe\
WY\xe0(\x9a\xd7\x8f$\xd2H\xb5\xf5\xc0\x0d'\xb1\
a\xedz\xbc\xe9\x8dw\xa3\xab+\x01\xcf/\x0b\xfb\x8f\
\xefq\xec+\x142\xde-\xcf[\xc3\xdah$\x8ct\
:\x85HX}\xd6KY\xcc\xafB\x08\xa0\xaeJG\
G\x9bx\x00\x81WE4\x99\x90]X\xa8\xb3\xc6\x8c\
5\xd2~\xca\x03`\xea\x8f\xe9\x95-\x1b\xd7`\xfd\x9a\
AA\xebC\xa1\x08\x22\xf18\x12\xc9\xa4\xba\xed\xf2\x91\
\x99\xbc\x81\xc0\x0f06:\x82j%\x8fT\x22\x8a\x89\
\xa9)<\xf3\xf4\xf3\xa8\x95\x03\x099\x02O\xf0\xff\xd7\
$e\xf7\xdax9\x87\xb2\xf6dn\x85f\x93q\xe7\
\xff\x8cD\xa7\x06'\x22_\x8c\x9bHv\xba\x84\xef>\
\xfc$\xfa{;\x90X\xd5\x8f\xc9\x891$2\x1dH\
\xb4E\xe7f\x05l\x9c\xce?\x9d@\xf8\x01\xd5d\x0a\
\x08<\x5c\xb7k;N\x9f9\x8b/\xfe\xd3\xb7P\xf1\
\xc8k!\xd3\xd5\xa6\x07!\xf8X<\x12U@\x90\x1b\
\xa2\x13\x92\x94`6\x11E6\xab\x19\x81\x19_\x15\xbc\
&=\x80@\xb8\xfb\xfd]\x9d\x5c\xf2Bx\x08\x87\x5c\
\xbdP\xc9\x9d\xda\xf5\xdbp\x9axQ\x9e\xef\xa1-\x9d\
\xc4M{w\xa1-\x9d\x10 /\x12M\xa0\xbd\xa3\x03\
!\xa6P\x8c\xc5\x9c\xc1\xe0q\x1c\x14\xf2\x05L\x8fO\
 \xec\xea\x83~\xe1\xd0q\x1c=~\x06\xae\xcb\x87c\
r\xb5\xd7\xd6\xfeU8\x94c\xeaWk\xa8V\xb8\xa0\
\x96>8Ue\xba\xf2O1\x02\x11\x9c93\x8a\xa7\
\x9f:(\xe0`\xbe\x90\xc5\xf8\xc4\x88\xe0Nu\x02\xda\
\xac\x8d\xa9>\x1cW8\x04\xb1x\x02\xc9x\x1c\xb7\xdf\
\xb2\x1f\xdb\xb7n\x92\xb0X>i\xc2\x00\x8b?\x10(\
w\x99-p\x08\x86;\x88F#\xb2\x91\x92Ux)\
\xd3\xf8\x155\x00\xe2\xca\x00\xe8\xc8\xc4\x11\x8f)\xf0\x17\
\x11\xce\xfe\x02\x9f\xa1\xd5u\xc2\xf0\x82\x1a6\xae\xee\xc3\
\xa6\x0dC\x08@\xe4\x13\x88'3\x88E\xe3s\xee\xab\
\xda\x0fr\x05j\x18\x1d>\x03\xcf\xcb!\x12\x090\x95\
/\xe0\xc9\xa7\x8e\xa1X\xa2\xb7`n\xd8\xd2(\x7f\xd7\
\xc6\xebp8\x9c#A q5_\xcb\xf8\xa4bK\
$\x8d\x99\xc4\x11\xf1\xa9\xe7\x0e\x1c\xc3\xd1\x93\xc3(\xf9\
\x1e\xc6'G095\x8a \xa8-\xb2\xc1pcr\
\x91H\xa4\xa4>\xa0\xb7\xa7\x0dw\xde\xb1\x0f]m\x1d\
\x82]\xcd\xd8\xd1\xb9`]\x17\x91H\xd4\x9c\x05i\xc2\
!\xa4\x13I$\x13\xad\xd2\x8f\xafA\x0f\x80\xc6\xab\xbb\
\xb3Cn\xa1\xc4\xfe\x91\x06\x0bj~\xaa\xad\x83d,\
\x82=7lC[{R0R\xa6\xfd\xd2m\xedJ\
\xc1\x9cm@\xf8Pk\x1e\xb2\x93S\x98\x1e\x1fF\xd8\
\xf5\x84Qu\xf8\xe8)\x1c=~\x1e\xa1\x10w\x7fS\
\x88q\x05*\xaa\xae\x8d\xef_\x03\xe0\x92t\xe6yB\
\xf5\x0d9\xee\xd2\x01a\xba\xe7\xae#\xa99\x1a\x11'\
\x14\xc6\xc4T\x1eO=}\x08\x93\xd9<\xca\xd5\x920\
N\xab\xd5\x8az\xa7s>o\xfe$\xbf8p\x11\x8d\
\xa7\x91H\xb6!\x12\x09a\xcb\x96A\xdc\xb0{=\xe0\
U\x9a*X\x1bC\x0a\xdcB\x9aj\x14\x800\x14\x96\
\x1a\x01R\xe8g{\xcf\xaf)\x03@W\xa6\xbd=\x8d\
d2!\xee\x13A\x0c\xf2\xf4\xe7'2\xd0\xc2\x05@\
\xad\x8c\xd5C\x83\xd8\xbcy#\x82\x90\x0b\x1fQ\xa4\xdb\
;\x11K%\xcc\xfa\xa5\x1b\x1f\xaa\xbfx\xd3\x02\xcf\x17\
\xd7\x1fA\x19\xb1\xa8+\xb4\xdf\xa7\x9f~\x16S\xd9<\
|><\x8f\xee\x1bM\xc95*\xef\xd5:\x1c\x16\xf3\
\xba\x0a\x83\xd1\x08p!/e\xe1H\xe8\x10\x04\xc8t\
D\x91\xe9vQ\xe3\x9cC\x84%\x008z\xe48\x8e\
\x1d;%\xc7+\xe4\xb2\x18\x1b\x1f\x85O*\xef\xec!\
\xa1gHW ?\x18\x8a \x91n\x17.K[:\
\x85\xbb\xee\xde\x8f\xb5kW\xc0\xf7j\xb2\xebkA\x9b\
\x0e\x86\xcd|I\xd8\xccb\xa1PH\x0a\x85\xa2\x11)\
\x1bZ\x16\x8f\xf5\x155\x00\xb4\x5c]\x9d]\xca\xa8\x22\
%\xb2\x05[o\xc6\x90g\x11 \xe2\x04\xd8\xbdc\x13\
:\xbb\x93\xa8\xf8U\x84\xa3\x191\x00\x8d\xf0}\xd6C\
s\x80b!\x8fln\x1a\xd1\xa8\x037\x14\xe0\xe8\xc9\
\xb38t\xf4\x94\xb9\xf1\xf4+\xf8P,\xf1\xe7\xda\xb8\
ZG\xc8T\x8cr\xc1r\xb7\xd6y\xb1\xd8\x9c\xe0\xce\
_A\xb2\xbd\x82\x15k\x22@x\x12\x9eS\x12\x8ci\
\xbaP\xc0\x81\x83\x871=\x99\x87\xe7\x07\x98\x1c\x1bC\
q:\x0b0Wo\x00\xbd\x19\xa3\x09\x87\x22\x8b\x90U\
\x84$\x1a\xad\x1bZ\x8b\xdbo\xde\x0b[h(\xa9s\
gf\xb1\x10\x0d\x83\x94\xb8\x04L\x13F\x84\x1b`\x17\
\xbf\xf3Z4\x00\x89xB\xca}\x15\xd1\xe4N\xbd\xd8\
i:R\xf9\xd4\xdb\xdb\x85\xad\xdb\xd6\xc1qj\xf0=\
 \x93\xe9\x92Zl\x02\x81z\x88\x997\xb6V\xae`\
t\xf4\x02<o\x1a\xb1h\x18\xf9B\x19\x07\x0e\x9e\xc4\
\xe4\x04c\xaa\xc8\xb2\xd2>\xd7\xc6\xeb|8LC\xbb\
\x9a\xd2\xabU\x97\xee>\xd3\xcbt|\xb4w\x86\xd1\xd5\
G?\xb5\xa0Y,\xc7\xc1\xe9\xe3#8qbX\xa8\
\xe7\xc5\xfc\x14FG\x86Q\xab\x19\xde~\x0b\x9a\xb0\xa6\
\x05\xf5\x97\x89D\x06a7\x02\x17y\xec\xd9\xb5\x01\x83\
+\xbae\x0dX0\xc0z\xf8n8\xac%\xef&\x02\
\xe6zJ'\x93\x88F\x0d\xad}\x89s\xfc\x155\x00\
\x9d\x1dmp\x05\x7f\xd3\xdc\xff\xa2Cx\xce>6o\
^\x8d\x15\x03]J\x18\x8a$\xd1\xd6\xd6#\xeeS\xa8\
\xd55:\x0e\xf2\xf9\x1cr\xf9qDb\x81X\xf8\xb3\
gF\xf1\xe2\xe1\x93b\x84\x177:\xd7\xc6\xd52\x02\
\xc9\x040\x0c\xd0m\x96!a\xadZ]t\x8e8!\
MW\x07\x1e1\xac\x10:z\x92H\xb6\xb1&\xa5*\
\x8bqz\xba\x88\x17\x0f\x9e\xc2\xf4dN\xe6\xef\xd4\xe4\
\x18\xa6\xa6\xa6\x96\xb0$\x03\x84\xdc\x04\x92\xc9.\xc1\xb9\
\xfa\xba\xdb\xb0s\xdb&\x09S\xadBE=h\x15\x0f\
\x9a\xaaY\xc60\x04>b\xf1(R\xa9\xa4\x14\x0c-\
u\xbc\xfc\x06@\x8c\x9b\x83D,\xaa\xe9\xbb\xaa\x87p\
H\xeb\xf5\xe7\x1f\x5c\xa9>\x02\xcfCWg\x06;\xb6\
\xadC<\x16\x12\x17\x8ai\xbfH4%b 4\x7f\
*\x15\xc6\xbf\xf3\x15H\xcc\x94\x9f\x9eB\xc8\xa9\xca\x0d\
*\x17K8v\xf4$\x86\x87\xc7\x11\x92TaM\xd9\
\x7f\xac\xf9\xbf\x96\x01\xb8\xcaG\x80\x00\x9c\x0f\x1a\x9er\
\xd4D\x01\xa85.$v\xc1\xa1\x0a\x85\xa6\xe4\x0a\xb9\
\x92,\xcdd&\x8a\x8e\x9e\x0c\xc0T\xb3\xc3Z\x16\x17\
'N\x9c\xc1\xd9\xb3\x17%\xbf\x1f\xd4J\xc8f\xa7Q\
\xa9T\xe6O;\xdb*T\x07H\xa4;\x11\x8f1+\
\x00\xac^5\x84T:)\xdeI\xf3|\xe5\x99\xab\xda\
\x95\xe2\x08N\x98D!W\xca\x85\x89\x0f\xbev\x0c\x80\
\x14\xd9\x04\xe8lg\xc5\x9f\x96<\xb2\xeaia+\xab\
\x9f!z\xbai\xfd:l\x5c\xbb\x02N\xe0!\x12M\
#\xd3\xde%\x0b]\xb3\xb8s\xbe\x0c\xe5\x22+\xfd\xf2\
p%\xef\xefatb\x1a/\x1d9\x8bZ\xd5\x17\xcb\
\xf8j\xf0}\xac\xde\xa1\x80\x8e\xd7\x08G\xafQ\xed\xbf\
\xc8\x8c\xe7\xb4\xf0P\x0c\xabR\xf4Q*\xd5\x10\x89y\
\xe8\xe8\x8d\xa0\xa3+ij\xf7C\x98\x9c\x9a\xc6\x8b/\
\x1dC6W\x90EZ-\x97\xa4l\x9dd\xb6\xf9#\
\x0c\x05\x06\xe9\x05d:\xba\xe0F\xc3\x18\xe8\xeb@o\
W\x1b<\x9a\x1a\x86\x1d3X\x05\x01\xc2\xac|m\xd2\
\xbc\x08G\x98&$\xab\x16\xaf\x95\x10\x80%\xbe\xaeT\
\xfc\xc9i\x87\x1c\x11@Xd\xfd\x0b\xc2\x99N\xc5\xb0\
{\xc7Ftfb\xf0\xab>R\x99^D\x13I\x00\
L\x8f\xcc:\x00/\xd8\xf3Q\xad\x14\xe0\xd5\xf2\x22\xa6\
09]\xc6CO\x1d\xc7\xe1\x93\xa3B6b5V\
\xab\xf3{\xb9\x07'\x95\xa5t^\xcd\xe3\xb5l\xfcB\
F:\xce\x1a\x81\xd6\xa3Qz\xcbGY-;\x98\x9e\
\xac\x22\x12s\x10o+\xa1\x7fu\x0aN\x98k\xb8\x86\
\x9a\xe3\xe1\xa5\xa3gp\xf2\xcc\x18<\xcf\x81W*\xa2\
Z\xa4\xa0\xe7B\xf7\xc0\xb0\x06C\x0e\xc2\xf14\xdch\
\x1a\xfd\xbd\x9d\x18\xeao\x17W_]\x7f\xc3\xf97\xd9\
/\x9e/7T\x1a\x01\xfe\x88\xbc\x18\xca\xe9-\xf9\xba\
\xf1\x0a\x8c\xf6\xb6\x14\xe2\xf1\x88\xb8K\x148p[\xe5\
Eg\xdddRtW\xaf\x1c\xc0\xfau+\x84n\xc5\
2J\x11T`\xe5`\xfd\x1e6\x016dv\x06>\
*\x95\xa2\x94\x0b\x87\xbc0\x9e~\xe2\x18\xbe\xf6\xf5'\
Q,\xb3\x96\x9a\xa4\x0fK\xe34\xdf\xf4\x0a\xef\xcaW\
\xb3\x11\xb0\x8c\xb6\xd7\xb2\x11\x08\x87\xc3\x0b>\xa3\xa6\xa2\
@\xadL\xf5B\xc8\x8e\xd5\xe0:\x11\xb8\xe122=\
Ut\xf4\xa9\xd8g(\x1c\xc6\xc8\xc4$\x0e\xbetB\
\x0a\x85\x985\xf0j,\x12\xe2|\xf3\x17J0\xcaN\
\xeeF\xe2\x08\x85\xa3hok\xc3\xc6\xd5+eC\x13\
\xbf7\xc4\xf33\xa4W\x86\x01\x06\x0b`x\xcb\x90 \
\xe2\x86\x04g[\xea4{\xd9\x0d\x00\x17{wg\x9b\
\x5c\x1aC\x00R\x19\x17\x1e\x5c\xc9\x9a\x22\xdc\xb2y-\
\xba;\xd3 \x99\xaa\xbd\xbd\x13\xc9TJ\x8c\x81\x90#\
\xea\xe9\x93\xc6\x95\xfa>i\x9d%\xb9\x89\xd3\x93%<\
\xf9\xe4\x01\x8cNMIb\x87E\x1f5.x\xf3\x14\
\x97\xe6\xea]\x1bWj\xd4\x8bZ^\xa3\x06\xd01\xa4\
 \x92\x81j\xd5\xda<s\xc3\xec\xfe\xac\x22U\xc8\x09\
\xf9i\x07A%\x22\x12\xf4\xb1d\x80\x81\xd5.R\x1d\
\x9a% \x1ep\xe4\xc8I\x9c<{\x16\xd5Z\x09\xa5\
JY\xe6\xa8x\xecF\xa2n\xe6\xa0e\xb1\xb5/\x14\
\x06\x8d\x09\xff\x7f\xc7\xb6-\xe8\xe9\xea\x84_\xad\xc2\xe5\
w\x9b\xb7i\xd9\xb0\xaf1\xbf\xfc\x90\x06\xc0E*\x91\
X\x04c{\x05\x0d@:eh\x8a~ \x16\xd6\x82\
-\xf3\x0d\x02\x1d\x9eW\xc6\xd0\x8an\xec\xdc\xb6\x06\xd4\
V\xa0\xdbO\x9d\x7f5\xbbv\xd1\xcf\x9dH^\xa5\x02\
\xafZ\x14\x0b{\xe8\xe4i\x1c;uNR%5\x02\
1\xa6\x82J\xbec\x96;\xea\xbf\xc6w\xa6\xd7\xcbx\
\xad.~;,\x18\xc8\xba\x13\xf2\x02\xe6\x9b\x13B4\
\x13\xf6_\x08\xa5B\x0d\xf9\xa9\x92\x08x\x86#\x0ez\
V\xc40\xb4>\x8ep\xb2 \xb4\xd7\xd1\xa9<\x0e\x1f\
;\x8a\xe9|\x0e\xd5R\x0e\x95\xe2\xa4\xaa\x8c\xce3\x87\
u\xe8\xf7\xc6c\x19!\x11n\xdd\xbc\x1a\xb7\xef\xbf\x1e\
^\xad$\x00\xb6\xe9*P\xdf\xe5E\xfd\xda\xe0\x00\xcc\
\xb0%b\x94\x1b\xc3\xabo\x00x\x82=]\xa4\xfd\xaa\
\xfbB0d~\xf7\xc7\x22\x1b\x01B\xa1\x1a6n\x1c\
\xc4@O\x9bX\xd2h\xba\x03\xd1Tf\x81\xf0I@\
\x03\x94J\x05\xd4*\x05T\x8a\x15\x9c\xbe8\x8el\xa9\
\x868\x85Ag\xddhY\xf0M^\x80w\x0d\x9c\xbb\
6\xa0\x0b\xc9\xd6\x86\x90\x1aL#0w\x82\xce\x1c\xe4\
\xa5LL\xe4\xe0\xd5j\x88D\x1d\xa42\x1e6mm\
\xc3\xe0\x1a\xa0\x86\x22<\xcf\xc5\xe9\xd3\x1719\x95E\
\xa5\x94\x17V\xab\x04\xa2\x8b\xe6\xea\x99\x9ed\x18@\x1d\
\x80*6\xac\xee\x16\xaa/\xc9E\xb3\x0d\x87\xa5\xd5\x0b\
~!\x05v\xac\x94}\x15\xa9\xc0\x5c\xf0\xfc\xfa\xb6T\
R\xa4\x8b\xb8\xc8(\xf3\xcd*\xc0\x85\xcfF\x8b3:\
;R\xd8\xb5}=\x12\x89(\x1d\x1cD)\xb6\xe8\xc6\
\xe6\xb7\x98$Y\xd5*\xa8\x96\xb2\xa8Uj(\x97*\
\xa2\xf6\xc3b\x0d\xbat4\x00\xb4\x8c\x96tL\x02\x11\
\x1f\x18\x1f2UY\xb4\x90\xf0\xb5\xbd;]\x1b/\xff\
\x08faB\x0b\x87\x88\x1a\xcep=\x96\x8aUYp\
\x91\x88#\xdc\x93X\xaa\x84\x95k;\x11\x8e\xf0x.\
\xa6\xf3e\xd4<\xd2\xd3\x03\x14\xf2Y\x04\xe4\xf8\x93K\
`i|\xf3T\x0a\xb2\xdf\x00\xab\x04k\xbe\x8f\xbe\x9e\
nd\x92I1J:Wg\xbe_0\x00Nd\xc1\
\xd9Y%H\x83\xb08\x16\xf0\xb2y\x00\x04\x22\xfaz\
L\xc9\xaf\xa3V\xc9\x868\xad^u\x08\xc4\xf3\xb1z\
h\x00\xab\x86\xfae\xa1\xc6\x93)\xa4\xdb:\x9b\xc0\xbe\
\xa6\x0f4]\x06\xd1\xffr%/\xbf\xa2H\xc3\xe9\xd3\
\xa7Ud\xb1\xa9\xfd\x92\x18\x01\x8a\x8a\x92\xf0A\x9dw\
S\xab-tP)\x04\xb9&\x05v\xb5\x0f\xdfT\x06\
\xb29\x8c\x0d\x03\x1a\x9b\x83\xaaR\xc9\xdf,3\xcfg\
\xfe=&5\x05B\xd1qH\x13\xae\xa2\xb3'\x8eL\
&.\xc0t\xb9ZC\xb1\xa8\x9bM\xa9\x5c\x84\xef\x93\
\x0f`\x0cM\xab\x85 \x07\xe6\x97\x90\xed\xc7\xacW\x14\
\x1d]\xbdX5\xd8'\xb2\xf9\x8d7\x180\xd0\x81\x88\
\xdd\x88\x5c>\x8b\x5c\x9c\x906\xd6\x09\x99\xdf\xb7\xa8\x97\
{Y\x0d\x00\xdd\x10\xc6\xfe)\xd2~\x09z\xd4oX\
\xb0X\x85\x05\x22a\x0f[\xb6\xaeF[\x86;\xbe\x8b\
\xb6\xf6\x1eDX\xf2;\xcf7\xc9M\xf3\xab(\xe4\xa7\
Q(\xe4\xc9\x89\xc4\xf8t\x16\x13\xe3S\x08\x89\xc8H\
\x03}\xd6N/\x1a\xdfY\xeb\xae7\xd0.\xfce0\
(\xae\x8d\xd7\xed\x08\xc8]\xf1Y Dc\xd0\xa2\x90\
g\xd6pCT\xa1\xe6VW5\x0b.@<\x01\x90\
\xb2\xe2\xf9\x05d\xa7+8v\xf4\x1cF'\xa7\xa5\xe7\
_\xa9\x98\xabS\x7f\xe7\x1d\x9c\xd7!\x1f\xe1x\x0a\x81\
\x1bEg{\x0a\xeb\xd7\x0e\xce\xd0\xba\x9d\xf1v\x01X\
5\x8dI\x00\xbd-\x99\x12@\xd0\xf4\xc2\x99\xd7\x02\x84\
^\xae\xdd\x9f]~l)\xa3t\xe7iQ\xd68\xe3\
Dh9kE\x0c\xadh\xc7\xae\xed\x1b\x05/\x88\x86\
SH\x09\xa4\xba\xd0\x08P\xab\x96P*\x16$\xc4\xa0\
b\xdaKGO\xa2X\xa4\xcc\xb2\x0b\x8f\xc2\x09&\xbf\
\xcbA6\x16w\x7f\xf9d\xd3\x9d\x5cZ\x11\xc8\xb5\xf1\
\xfa\x1f\x8e\xcak\xb9\xfa'\xa5\xea\x17|\xb7\x13B\xa5\
\xc2\xdd\xdc.4\x82\x83\x9cs>:{\xd96\x8c\xe9\
?\xe0\xf8\xf1\xf3\xb80\x99G\xa1\xac\xf3O\xe7\xde\x82\
B\x18\x92\xcd\x0a\x85\xd9D$\x8d\x88\xeba\xdd\xaa\x15\
H\xc4YK3S'@\xde)\x8a\xc3n}\xaeS\
i\x88^\xc0b\x81\xed\x155\x00v\x91Q\xa8\x90\xf5\
\xc9t\xe1\xe9\x1a\xb9\x22\xfa\xb1\xd0\xc5\x86\x04L\x89\xc6\
Cx\xeb[\xee\xc7\xbaUC\xe2\xea\xa4Rm\x88F\
Y:\xbcP\x93\x10e\xff\xd5*e\x84\xc3!d\xb3\
\x15\xbct\xe8\x0c\xaa\x9e\x12*\xd0\xc4\x9f\xae\xfa\x9e2\
\xb5\x9a\xd2R\x8d\xbe\x81\xb6+\xee5#\xf0Z\x8f\xd1\
\xad\x01\x7f9\x8e\x1fHA\x8ff\xa3\xe6\x13\x8b\x11\x0f\
\xc1d\xa3\xd8S\xa2Z\xf1D\xbc#\x10\x12\x91v\x10\
\xaa\x91\xfd\xda\x9dF4\xc6\x82\x1d\x07\xc3#\xa3\x18\xb9\
8\x8er\xa9\x8ab\xb1(\x99\x06\xbe\xafQ\xbf\xdf\xea\
\x8b\x98\xd9\x8b\xc0\xe5\x1a\xf0\x03lX\xbb\x1a\xbd}=\
\xf3\x96-K\x99\xb0\xb4%\xf3\x84\x16\x9c\x91\xba\x00\xd3\
\xf0\xe6\x950\x00V\xfe\xac\xab\xa3M\x99I\xbe\xe63\
Y\xde\xb8\x90\xb5\xa3\xab^\xad\xd6\xb0i\xfdj\xec\xbf\
\xe1:\xc9\x190\xad\x92no\x17\xe2\xcf\x82\xdfI1\
\x87*\x09\x16\x8c\xb1j8y\xfa\x02\xce\x9c\x9f\x80\xe3\
\x86\xeb\x0b\x9f\xcd\x13\x18\x8bIL\xd7\xdc\xcb\xb5\x9e\x9b\
\x96\x7f][\xfc\xaf\xf1\xc1\x05Z\xadV\x15\xbc}\x19\
8\x1c\x81\x84\x88Z\x1b\xa0\x0bY5\xf9\x16\xde\x80\xc2\
\xa8V\x03T+\x8a\x150d\xa0\xd7P\xa9V\xa4F\
 \x96\x88\x88\x94w\x81\x99\xa93\x17\xa42\x95\xed\xc2\
\xabe\x12\xd6(J+\xdf\xbc\xf0y\x99\x1a\x97\xbe\xee\
\x0e\xacZ;\xd4\xf2\xfd6\xb5M#\xc0\xfa\x18\xb2^\
\xe9-\xd0\x10,4\xaep\x08\xa0J\xa5R\xf2k\xd8\
\xfa\xad\xba\x9d\xcc\x19bL\xab\xd8\xbdm\x1d\xda\xe2j\
\xb1\xa8\xf7\x17M%\x00\x97\xddX\xe6~\x8f\x9ai\x17\
^\xb5\x8aj5/X\x03k\xb0_<t\x02\x13\xb9\
\x824g\x90\xc5n*--\xb8c\x9f\xa5\xee\xfe/\
/1e6\xfepm\x5c\xfe\xb0\xcf\x91d\x9d+}\
O=\x11\x051\x1b\x83\xf1\x1e\xabuw}\xee\xb0\xda\
\xfd\x95\x8a\x87R\xa9*\xfa\x80$\xfa\xc8\xef<\x1f\xd1\
D\x15m\xbde\xd4\xfc2j\xf0q\xfc\xd4\x05\x8c\x8c\
f\x91\xcbO\x8bH\xad\xd4\x05\x08\xa8\xb8\xc8u\x08\xf1\
\xcdC2\x11\x16A\x5c\xf6\xce\x14l\xa2\xc5\xd4e\x99\
\xb0\xf6\x16\x00\xc2\xd1H\x13-\xd8ye0\x80x<\
.\xc5\x08R\xca\xcb\xdd\x9fZ\xe6\x8b<\xa8\x9a_A\
<\x19\xc6\x86u\xab\xc0(^\xea\x07bi8\x11\xea\
\x9c\xcd#\xa2 zH\x1e*\xd5<*\xb5\x12\xaa\x95\
\x1a.\x5c\x98\xc0K\xc7\xcf\xa2\x5c\xf3\x14sh\xbaf\
Evg\xc6\xf9\xad\xe4\x96\xae\xd4\x04\x9dM1\xbef\
\x00\xae\xcc\xbdm\xfc=\xb8\xf2\xde\x85\xcf\x92\x1b\xa3\xbb\
'J\x1c\x1a\x124Ro\xb3?\xa4\xa1\x02\xbd\x92R\
\x91\xf31$m\xea\x84\x98\xc3x\xdc\xad\xa2\xab;f\
\xf0\xe5\x10\x86G'p\xf6\xfc(\xa6\xa7\xb3\xa8\x12\xb0\
\xf6)@\xb2\xd8\x89\xb1=XTC\xe9\x90\x835\x83\
\xfdhO\xc5\xe4\xfa[)i1\xa4\x15F#77\
8\xd2FL\xc3\x80\xd6\xdftEW\x00\x81\xbc\xce\xb6\
\xb4\xa4\x1f\xb8#S\xb1\x94ze\xd2\xe4`\xbe\xabc\
y\xa5G\xd1\x8fn\xac\x18\x1c@U\x10\xfa\x90\xb4U\
\xa6XbK\xcb%\xf1\x99\x96\x01\x97+E\xb1\xb6\xbc\
\xf0\xf3\x17F0<6&\x9fc\xce\x95\xb8\x1e\xff\xac\
\xef\xc2\xf5\xaf\xb5)\x94+\xeb\x01\x88\x0bYcAR\
M\xaa\x0f\xe5\xa1\xd1\x1a\xcf\x12\x9e\xb4\x92\xe7\xf63\xd6\
\xa5\xbdf$\x16\xb9\xb7M\xf8\x8d\xaaz/\xc4\xab_\
\xde\xf0\xe9\xea\x13\x8br\x1c\xa43l2\x1b\x17@\x99\
^\xe6\x02g%\xf3\x90|\x93|\xb6,x\x80\x88\x85\
:\x1eBa\x1a\x03\x1f=\xbd\x1d\x88\xb8\x09\xa1\x05\x13\
\x80>s\xe6\x1cr\x85\x92\xa8\x07{\xd5\x9a)g\x9f\
\x7f\x0eJ\xc5_\x98\xed\xeeb\xa8\x055\x09\xaf\x07\xfb\
z\xf5{X!o_MjA\xb6\xa9\x88\xd5\xddX\
h\x8a_Q\x03@\x9e\x7f\x22\xa1J=\x94)V\xd1\
\x0f\xa2\x92\xac\xfek\xfdU\x127y5\xac\x1a\x1a@\
[[\x02\xe5ZYj\x9b\xd9>yA\xf3(Y\x83\
*\xcabI=L\xe5\x8a8t\xfc\x0c\xb2l\xb7\x5c\
o/\xd6x\xbb,>\x9b\xd35w\xa49;0\xdf\
\xb0\x0b\xb4\x81\xdc\xce\xf7>\x1f\xd5\xaa'\xe0\x0e\x1f4\
-\xef\xca\x95+\xe5\xf8L'\xb5tdLL\xcb\x89\
\x9dL&\xe53\xd7\x8c\xc0\xc2\xcf\xa2\x8e\xdb\x98\x8eO\
\xb2p\xafT(\x10\xe8\x1fC\xabV!\x96\xa0\x01\xf0\
\x11\xb4T\x9d\x99\xf5!\xdfEn\x9a)@\xc6\xf4\xaa\
I)^0<\xb4u\x85\x90H\x13\x9f\xaa\x88\x819\
wa\x14\xd9i\x82\x80\x9c\xbfl\x1e\xa2\xf3r\xa1\xe3\
\x93\xa3B\xb90\xdf\xf1\x91\x8a\x87\xd0\xdf\xcd\x0c[k\
\xaf\xd2\xde\x1fKUf\xe5\xedB\xf4\xfb+j\x00\xe2\
\xc9\xa8\xd0!9X\xa7\xbcTa2\x9e\xde\xaa\x81\x1e\
\xe1Rs\x01I\x11Dt\x1e\xf7\xdf\x0e\xdfA\xadZ\
\x91\x1bK\xdbr\xfa\xc2\x18\x8e\x9e\x1e\x86Sc\xa1\xc6\
\x5c\x94\xb4\x11\x02,C\x91\xc8\xaa\xc4\x08-\xd4\x16\x0f\
\xcd\x87\x0c\xf3\xbd\x1e\xbc\x9a'\x12N\xd7\xef\xd9\x8d\x9e\
\x9enc<\x18\x1f\xaa\x1b)\x9d\x889\xb1X\x9c\xc4\
\xf7\xb2\xc0\xc3u\xd1\xdf\xdf/\xe7d)\xa8\x0bMj\
\xeb-\xd8?\xaf&\xad\x01\x1aJ\xbe8\x08\xd2\xd5\x0d\
\xc0\x15\xb8t\xdf,\x9a\x1d;w \x91\xd0\xec\x13\x17\
\xda\xfc\xf7\x96^\x03\xe7T\x0c\xb9\xa9\xb0\x94\x07\xf3?\
\xf5\xfe\x1c\x84\xc2\x0eb\xf10\xba\x07\xa2\xf0\xd8\xf2+\
\x1c\xc1\xd8D\x16\x17\xce\x8e(c\xb5\x5c\xd2\xba\x80\x05\
\x86V\xff\xb2\xa587\x07\x07\xd1p\x80\xee\xae$B\
\xae\xaa\x04\xcd^b\xe2\x01\x98\xf2`\x0e\x1a\xa2H4\
\xfa\xf2\x1b\x00\xc6\x19\xdd\x1di\xb8\xe2z\x90\x8f\xa3:\
k\xf3\x0f\xa5B\xf2\xe6\xa6Rq\x0c\xf6w\x8b|\x12\
S)\x8c\xffY\x0a\xb9\xb0\x07\xe0\xa3Z*\x08\xda\xe9\
W=\x9c>;\x8c\xe1\xb1\xac,ng\x81\xdd\x83\xbb\
>\x8d\x93\xb5\x8a\x8b-\x9a\xfa\xe2\x92\x97|q\xcb\xf7\
\xd8E\xcb\x05\xdd\xdb\xdb\x8b=7\xecA6\x9b\x95\xdf\
+\xa1d\xe6\x83V\xa2I\x0d\x95J\x15\xfd}\x03X\
\xb3fm\xdd\x00H\xff\xb7yKR\xf5\xbb\xacA\xb3\
j\xb1\xdfO\x8b\xdf\xde\xa7\xe5\x9c\xb3}~]]]\
\xd8\xb6m\x1bb,0c\xf8(\xc6uy\xed\xbdZ\
\x1ay\x8f\xf7\x9d\xa9\xe7\x14n\xb8a/::\x94\x7f\
\x12x\x8b4\xdd\x14\xea\xad\x8bb\xceC)W\xd5j\
B&\xfe\x1d\x1f\xf1D\x18A\xb8\x80\xce\xfe\x00\xbe\xac\
dG\xb2]\x95b\x19\x8e_A\xb10\x85\x8aT\xaf\
.\xb6S\x06B\x0b\xe6rM&\xa3\xe8\xecjG\x88\
a\xee<\xa7%\xf3\x9c\xaf \x10\xb5`\x16\xe3\xcd\xb7\
\x14\xaf\x98\x01\x88\xd1\xfd7n{8\x1c\x91|\xa46\
7\xf4\xcc\xcb\x9fI\xba\x11I.\xbaAT\x0bj\xc3\
\xd0P\x8f\xa4\x5c\x18wQ\xf0sAV\x9el\xb7\x1e\
j\x95\x92t\xf4\xcdg\x8b8z\xf4\x84\xb4Y\xe6\x8d\
Q-\xc1\x86Z\x80e\xff\x09KJz\x11Df\x08\
@,4\xea\xbb-\xafa\x1e\x09q\xeeB\xba\x18\x1d\
\x94+%\xdcs\xcf\xddhok\x17\x03 \x86\xc1o\
\x90\x91\x94pD\xe9)\xba\xfeJ9\xdd\xbam\x0b\xfa\
\xfb\xfb\xe4=K1H\x9c`r\x5cS\xfc\xd1\x08Q\
\x14_h\xc6\x18.u\xd8\xf3\xb8\x9c\xde\xf3K\xf1\xac\
\x96j\x04\xac\xd1K\xa7\xd3\xb8\xe7\x9e{\xb0a\xfdz\
Y\xb0*\xf2\xdcL\xd7\xbd\x84s\x09Ta\x8e\x99\x85\
L2\x85\x8d\x1b6\xa0\xa7\xbb[\xd5\xacd\x0e/\xfc\
yQ\x07*Q\x06\x5c\x0d\x00\x13_\xf4\x84\xe3I\xed\
\xf3G\xd1P\xa6\xe4\x9c\x9an\x8e\xd1x\x145\xaf\x22\
%\xc2\x01\x8dE\xb0\x08\xd6\xc50$\x1cB\xc0M\xd5\
\x8d\x08\xd0\xae\xc5>\xf3T+Z2\x93\xaf\xbd\xff\x98\
5 U\xf8e5\x00\xed\xed\xa4\x1e\x86e\xe1S\xf4\
\x83\x93s\xe1\x11\x98\xf8\xa7\x86\xc1\x15]\xe8\xeaL\x08\
\xa3O.0I\xf5 Cd\x9e\xe7\xb4\xa5\xa5S\xad\
 \x0bsxl\x0ag\xcf\x0e\xb7l\xf2aS\x80\xe2\
\x1a5-\xf8:\x97{\xa1(\xc3\xec\xb2\xf6\xbd\xcd\xda\
\xec3=\x04\xdd\xfd\xcb\xe52\xfa\xfa\xfa\xf1\xaew\xbd\
\x0b\x17/^\x94\x7f\xdb\xd4\xa3\xf0\x22\xea\xdfibW\
\xdf\x17\xdcd\xf7\xee\xdd\xe2r.\xe6\x95h\x9e\x99\xbb\
\x1e\x0d\x1a\xcb\xa4h@\xf5\xdf6<Y\xc8P-e\
\xf0\xabyl\xbb8_\xae4\xe9r\x0d@sfe\
\xf3\xe6-\xf8\x81\x1f\xf8\x01\xb9_\x82\x05\x5cf\xf8\x13\
\xd8\xef\xa8y\xc8d2\xe8_1\x80\xfe\xbe\xfez\x9a\
\xb8\xce!\x99\xf7\xb9\xf0\xb3!L\x8e\x95\x10\xf2#`\
\x97\xfbD2\x84T:*a@\x22\x1dCGw\x5c\
\x0a\xd08\xf2E_Zz\xd7*yTJ\xf4\x12\x17\
\xa1\x1bs\xfe\x90L\xe7F\x11H\xd1\x11\xd3\x80&\xec\
i\xf5x\xc8\x81\xa3\x87`\xc4\xf5X\x887_:\xfe\
\x8a\x18\x80p\xd8AGG\xca\xb0\xa7\x16{\xb7\xbd\x89\
\x8aTFB\x81\xd4\xfe\xc7\xa2\xe4R\xd7\xd4Z1\x8d\
\xb0\xa0K\x17F\xadZF\x8d\x06\xc0\x0d\x89\xe6\xff\xf8\
xN\x0d\xcf\xac\xcf)\xd1\xaaqR\xcb\x99\xd0\xb6c\
\x8cm\xd0\xd8\xea\xb3\xcd\xfc\x82\x5c\xb6\x887\xbd\xe9-\
\x18\x1aZ\x89\x91\x91\x11\xb3X\x8d\x00I\xd3yY,\
\x82\x13\xab\xb3\xab\x03;vl7U\x89\xcdjG\xad\
\x87\xc4\xbd\xccl0\xe7\xcc\x8c\x03]\xe9\x16\xc6\xea\xb2\
\x98vU\x1f\xa5b\x19\x9d\x9d\x9dhkokQ\x16\
{\xe5\x86e\xf5)\x82>\xff\xb0\x84-u\xfe|\xdc\
u\xd7]X\xbbv\xed\x8c\xb4\xeb%_{\xc0\x15F\
\xaf\xcc\xc3\xf6m\xdb\x91h\xef\xc2\xe0\xe0 \xe2\x94\x9e\
7\xc5dv\x03\x99op\xe7\x9f\x1a/\xa1RR\xd2\
\x99\x1f\xd4\x10\x0aUA(\x8b\xd1l\xcf\xa0\x0fD\x03\
a\xa8\x9e85\x8c\xa9\x5c\x85\x0f\x10\x95Jaa\x1a\
\xba\x14\x0a2\xcbE\xcf5*\xae\xbd=\xa7\xf9\xb8k\
\xe2\x91\xf2\x1c\xdcF\xa1\x10;p\xb5<o\x5c\x81A\
\xb5\xdfd,&\xe9<\x89\xc1\x17\x13\xfc3V\x82\x93\
\x99\xc2\x87+W\x0c\x88Z\x10\xd3\x7fTVqy\xb2\
\x0b\xc6]>*\xd5\x82\x000\xc5B\x19/\x1e>!\
D\x0ci\x96`0\x80\xfa\xb70ff\xba\xc5T\x03\
\xda\xfe\x84\x8b\x0d\x8b\xfeKnW\x80\xda`\xd1x\xbc\
\xb3\xb3\x03?\xf4C?\x84\xe9\xe9i\xa5{2\xf4\xf0\
=\xe5\x95\x1bPFZRKV@?\xdb\xdd\xdd\x8d\
\xfe\xfe\x01]\xc4\x0b\xaa\x14\xd9X\x94\x0a0vg2\
\xd4U3\x0b.\x97!g\xbb\xd1\xf2\x98\x85B\x01\x9b\
7o\xc6\xa6M\x9bP*\x95\xae\x98'\xa0\xa0\x9a\x05\
\xed,uv\xb1\xdax\x1d:\xe7\x03\x14+e\x0c\xac\
Y\x8b\xfd7\xed\x97\x9f/\xbf\xb7_\xd31}c@\
<\x0f\xf1X\x0c\xf7\xdfw\x9fT\xe1\x0d\xaeX\x81d\
\x82]\xa7\x9b\xebE\xe6=\x8ad\xba\xa6&+(\x14\
\x18\x9e9\xa8\x94\xf5\xb9\xa7\xd21\x01\xec\xfa\xfa\xdbe\
s\xa3\x97z\xfa\xdc\x05\x9c=wQ>W)\x95P\
\xae\x94\x9b6\xa9\x19\xb3\xb7Nzc;\xbbh\x94\xd4\
^J\x81\x03Q\xf2\xfcm\xa8+\x7f6\xce\x8e\xa03\
\x9fa\xc8\xa8\x0bq]ps\xacK\x899W\xd0\x00\
\xd0M\xeahc\x9boO\xa4\x92\xc4-[d\xaeh\
\x8c\xea\xa2Z\x0b\x90nKc\x05\xcb\x1c\xa9\x86\x8a0\
\xc2\xd1\x84\xb2\xb0\x16\xa0_\xfa\x1e\x89\x179\xb1\xb4\x17\
F&p\xf2\x94\xba\xff\xb6rK\xa3`\x95Nb\x80\
\xc7\x1bD\xed\xb4\xfa\xcf\x960\x99\xe7\xb2\xf7\xe6\xe0\xad\
\xba`M\x97\xa3b1\x8f;\xee\xba\x03\x1b\xaf\xbb\x0e\
\xa3\xa3\xa3\x92\x0a\xd4\x1d\x99;\x87\xee^6\x15)\x82\
0>\x01\xa1*zzz\x90\xc9\xa4\x95/Pwe\
[Q=M]\x83\xf1*x\x8f\xa21\xc52\xaeT\
&@\xb1\x0e\x1e[\xe3O.\xfe\xbd{\xf7^\x11\xef\
b\xc6w\xc8nm\x9a\x5c\x06\x96\x81\xb7\xb0\x97a\x17\
\xb9\xdcW\xaa\xeb\x86]\xdcy\xd7\x9d\xe8\xee\xeeiI\
\xbcZ\xf2pTL\xa6Z,b\xe7\xf6\xad\xd8\xb3g\
\x0f\xe0\x95\xb1j\xe5 \xda2\xacgQ\xd7_\xb1\x1c\
\x7f\x01\xe5k\xa2W>\xaa5\x92OX\x1f\xa0\xb2\xf3\
Q\xca\xd9;U\xb4u\xfaH\xa5\xd9\x0a\x8f}+\x0a\
8s\xfa\xac\x18[\xce\x81J\xb9\xa2\xbd\x06\x9be\xee\
\xea2\xe1\xf6\xe5\x0a\x1f\x80\x1bJgG'2\xa9\xb4\
YsA\xe3eh\xc5\xca\x80\xf5\xb5o\xa1\xd7 &\
i\x13\xd3\x99K\xeb\xb2\x0d\x80P\x7f\xe3\xec\xd0\xab\x96\
F\x89/\x8b}Jo\x0e\xc1\xc1\x81\xbentwe\
dW\x8cD\x12\xa2\x87\xbeX\xc3\xce\xc0\xaf\x8a\xfc\x97\
\xeb;8{\xe6\x02F\xc7\xb2\xc2\xfd\x9fo\x97\xb6c\
9\x13x&m\xb8~\x84\xc6\xab\xce\x13g\x1c\xee!\
\x1eO\xe2\xfd\xef{\x9f\x5c[.\x97\x93]SSz\
z\x1c\xbb\xebk\xdaJ'\x12\xff\xdc\xbau\x1b\xe2\xe9\
\x8c\xe1l\xcf\x1fj\xcc\xb8\x06\xbaua\x22\xc2\x8a\x1b\
4\xc7\xea\x97\x9b\x0d\xb0$\x12~\x09C\x00\x1a\x00f\
58Q\xaf\xc4\x90\x8c\x88G0/\x85\xa1\xa1\x15\xb2\
\xf0\x17\xdb\xbd\x9b\x8d\xb1Ps\xf9\xfeR\x09\xdbwl\
\xc7u\xd7\xef\x9e\x11\x06\x5c\xcap\x9c\x10j\xbe\x87[\
n\xb9\x05\xc9\xceN\xa0RFwO\x8f\x84\x01\xba_\
8\x0b\xa7feW\xa9\xa2\xab\x97\x5c\x0e-%\xaeV\
\xf9\xbc=$\x92.\x12I\x07\xd1D\x19\xed\xddUi\
\x1e\xc2\x22\xa0Sg\xcfc\xb2X\x86\xe7WQ\xabf\
\x05\x0b[0~\xe6\x06\x19bu\x1f%\xbf\x5ctv\
\xa4gm\x14\xcdan\xd3i\x99\x7f\xc8\x06\xd8\xe2\xf0\
\x97m\x00\x88\xca2\xcf\xc8\x9d\xc3\xa2\xeb\x0b\x0f\xad\xba\
\xe3\xe4wQ\xc3P_\x17\x12q\xb6\xeb\xa2\xbe:K\
\x1f\x13\x9a\x01h\xb1\x08LGw\x94\x0aS\x02\x02\x06\
\x15\x07G\x8e\x9dE\xa1R5y}Z\xe2\x99\x9f\xb3\
\xa4\x88:\xaa\xbdD# \xbb\x12\xd9\x84\x86\x8a\xad\xeb\
N\xf3\xf8\xb2\x1bsG'\xf2/\x9d\x88\x0a\xb8\xf9\xe6\
\xdb\xb0\xf7\x96[\xe0\xe7\xb9\xf8\x8b\xc2\x05\xe0K\x8c\x04\
\xe3u\xd9%T\xee\x9c\xd7.\x9d\x5cb1\xec\xd8\xbe\
C\xc5\x1c\x99\xab\x95\x86%K\xeb]\xc0\xeb`\xf8\xc0\
\xa2)k\x00\x9a\xb9\x0e\x97:\x94\xfaJ\xf5\xe6\x082\
m\x19\xac^\xbd\x1a\xbbv\xed\xba\x22\xc7\xd6\xe3k\x08\
\x94L%q\xe3\x8d7\x0a\xa2\xbd\x18\xef\xa1e\xfa0\
\x08\x10Mfp\xdb\xad\xb7\xcb}\xb4x\xcdr\x87\xcf\
x\xb9\xe6\xa1-\xd3\x86\xdbn\xbb\xdd\xfc\xccG[{\
;V\x0e\x0d-!\x5c\xd4p\x86\xcdACH\x9aP\
\xcf\x91\xd0\x94)?\xae\xc2d:\x027R\xc6\xea\xf5\
\x19\xb8\x11\xce\xff\x08\xce\x9c\x1b\xc1\xe8t^<\xb9r\
~\x14>\xf5\xfe\x16\xf9\xb6h4&\x0dvBd\x04\
\xb6\xa7g\x18\xeb\x86\x01\x90^Gs6Q\xc9z\x85\
m\xe1[\xd3\xcfq\x19\x83\x07\xa3\xe8\x87h\x17pi\
\x98\xddh\x91O\xa9F`\xa0=\xd9\x06W\xf4J\x03\
O\x22\xa1\xe1\x18\x09@\x89y\x83-\x86\x18\x12\xff\x97\
\xb5\xf6\x7f|,\x87C\x87OJ\xcc&\xc7\x15\xe33\
\x93\xeb\xaf\xa7c\xc5\x12\x94\x91\xb8\xd8)\xda\xbc\xbd\xc4\
Q3\x0a\x86\x1a\x8f\x889|\xee^\xd2\xae,\x11\xc7\
\x07?\xf0c\x92\xc1\xe0\xe7\x88\xfe3\xa5T\xa1\x1c\xb9\
\x0c\x86\x01\xba\xbbZ\x84\x9e$\xa0\xf6\xb6N\xac\xdf\xb8\
AR\x9a\x8c?\x1b\xf1p\xab\xd1\xa04\xd3\x92s\xe2\
\x92i\xc8]z6\x03\xecr\x86\x865\xdc\xb9\x12h\
kkG\xac\xbd\x037\xddx#:\xda;\xaeH\x05\
\x1e\xef?\x8fC2\xcf\xed\xb7\xdf\x8e\xf5\xeb\xd7\xa3X\
\xa2J\x8e^\xdbb\x8b\x80\xf7\x96^\x80\xed\x9ay\xc3\
\x0d7`\xc3\x86\x0dr\xafk5\x1b\x06,\xdd\xd3\x0b\
DK\xb2\x88u\xeb\xd6a\xcb\xd6\xad\xdc\xba5\x95\x1d\
\x8bc\xe5\xca\xd5\xd2\xa7O\x18\x87D\xed\xe9\xde\xb7\xbe\
(Q\x06*\x17\xd9\x1aL7/5,\xdcu\xc3H\
&\x12p\xdc\x1a\xfaV\x87\xd13\x18\x87\x17\x8419\
]\xc4\xf0\xc5q\xc9\x9a\x91\x11HO@\x96\xe3\x9c\xe2\
\xa0\x86\xd7)\xcd\x84\xc9\x93\x09\xb9\xd2\x07\x90\x8bZ\xe8\
\xcau,\xa5\xf1\x09\x1dV\x04O\xc3\x88VS\xe3\xb2\
\x0c\x00]\xfe\x98\xc4q\xca;^\xea\xee*\xed\x93\xfc\
\x10\xd2\xe9\x04V\x0e\x0dH\xec\xc4\x85\x16N$\xe4\x82\
\x16*\xbfd\x8d\x01\xab\xadyMO\x1fxA\x8a+\
H\x1a\xd2\x92_\xa2\x9fj\x5cT\xba\xc92\xc5\xf87\
+JboXC\xdei\xce\xa8W\xf0A\x16w\x9d\
J)\x1d\x89\x88\xf0\xd2@\xe8D#X\xb6\x7f\xffM\
\xb8\xe9\xd6[\x10\x14K\x22[.q\x9d\xc4\xaa\x9c0\
\x0a\xda(\xac\xa1)C\x9e\x029\x0b[\xb6m\xc3\xea\
u\xebU\xfa\x8ca\xd4B\x1e\xa0\x15\x924\xe8/\xd3\
\x7f\x9c\xb4D\xc2-B-\x13\xe2\xb2\x5c\xe1\xc6\x0e\x11\
O\xc4\x90J\xa6(\x93\x8b\xdd\xd7\xed\xc1\xba\xf5\xeb/\
\x1bg\xb0\xf7\x94b/\xc4>6m\xda\x8c\xdbn\xbb\
M\xfa\xf1\xc9\xb1\x19&-\x02\x06\xca&#\x9e\x19{\
G\xd40\xb8z\x15n\xbcq_\xbd\x14W\x1b|.\
\xed\xfc\x02s\x1d\x8c\xab\x99\x8aMvtH\x5c-#\
\x1c\xc6\xcaU\xab\x91L\xa6\x84\x05\xba\xb0q\xe6\xbds\
Q*\x13\xf7Q\x5c\x8c\x9bH\xa1P\xd6\x9e\x01\xece\
\xe1D\x81p\x09+7F\x10\x84\xaa(V<\x8c\x0c\
\x8f\x22\xcc\xeb\xa8\xf9\xa8U\xaaM~\xbbY\x96\xb3\xf0\
\x00\x91.\xa7L\x98\xab\xdeY4B\xefO\xc3\x03\xce\
o\xbb\xd8e\xa3\xa3\xa7*\x12\xe2\xaa9 \xbf\x9b\x13\
\xd2^\xa6\x01\xe0\xe2\x88\xc5\xe3\xb2\x18H\xfeYru\
\x1d'\xb0_COg\x0a=\x9d\x09\xb9\xc1l\xfc\x11\
\x8d\x90\x00\xe4H\xfd\xf3\xec!\x0f \x14H\xda$\x14\
T19]\xc0\xb7\x9f8\x88B\xc579O\xee\xae\
v\x81\xcf\xfa\xba:8\xb2\xb4a\xd1x\xa6N8Q\
\x1b\x9e\x8dZg\xa9\xf9\x96\x98\xde\x97\xd0\x83\xc8\x7f\x88\
\x1aPF\xe7\x8d\x8b\x9bi4\xc9\xd5\x1b\x0f\xc2\xba\xe8\
R\xc5%\xf1\x84\x8f}\xfb\xf6\xc2M\xa6\xc4'H$\
\x92\xf2p\xeb\xf5\xcb-\x86<\xeb\xa6\xdf\xadX1(\
\xac8\x1bv5\x87;\x97\x0a\xd8\xf12\xb9\x93&b\
\x09\x09\xefP\xa9a\xed\xdau\xb2\xd3r\xd7\xbe<\x90\
Q%\xb6x\xcf\x06\x07W\x88\xd1\xa3\x17\xd0\xd1\xd1i\
Zs\xcf\x03\x80Z\x06g8\x8cL\xa6M1\x14\x0b\
X\xba\x11\xdc~\x9b\x82\x81\xf4\xbaZ\xb1.\x17\x1a\xb5\
ZM\xce\x83\xe1\x08\x05\xf6\x1b\xcd?\x02\xac\x5c5\x84\
\x9e\xde\xeez;\xfb\xd6C\xe7\x04\xe7l\xa5L\xf4\x9f\
\xcf\x80\xacQ\x07\x85\xbcz%\x1c\xdc4\x08\x10\xf6\xad\
H \xd9^B\xa5\x1a\xe0\xdc\xf0(\xca\xc2@\xac\xa2\
\x90\x9dT>\xc0B\xe5\xc1N\x18\x910\xe9\xf6@G\
gF\x9f\x07\xafU\xd6\x9d\xbe\xf8\x1f\x8b\xe1\xe4e\x8e\
c\x05q[=\xbb\xcb2\x00\xa9x\x5c\x98\xed\xdc\xdd\
\x16\xd3\xfb\x9f=\x98'\xed\xef\xed\x92\xeaA\xd2-\xd9\
\x0f-\x12\x9eO\xfb\xcf,\xe2\xa0&\xd2\xca<\xe9\xe3\
\xa7\xce\xe3\xf8\xb91!G,\xad\x11\xda\xd2\xd3\x7f$\
lp\xa1r\x17d=u#\xc7\xac\xbb\xaf,\xe4\xc0\
G>_\x94\xf8\xf8\xf6;\xefDP(J\x08\xa2\x04\
\x17r\xfc\xad\xa0dc\x02\xd7k\xd9k\x1eR\xc9$\
n\xdc\xb7\xd7\xe4x\x1dy\x984d\xdc\xd9\x95w0\
\xbf\x17$\xfc\x89H\x14\x9d\x1d]\xd8\xb9s'\xda\xda\
4Wo\x0d\xc0e\xc5\xea\xe2]x\xe8 \x07\xa0\xad\
\x8d+\x04\xb1DB\x002\xe2\x01\x973\x94\xc3\xc0\xae\
7!\x0c\x0d\x0dI\x08\xb8a\xe3&!\xf6T*\xe5\
\x05Ywv\x01\xbab\xec\xad'\xc4\x93\xf5\xb0u\xfb\
\x0e\x5cw\x1du\xf3i\x18\x16S\xf3\x9d\xb9\xf8+\x95\
\x8a\xd4a\xec\xdc\xb1\x83T@\xd3\x00Tb<\xf4\xf5\
\xf5bh\xe5\xa02Y\xc57\x9d\x87\x9e\xad\x82\xd6\xf0\
*\x80\xc7\xf6\x7f\x92\xb6\x8b\xa0R\xa1P\x88\xd2\x82\x83\
\xa0&\xecO\xaa\xdbw\xf7\xe9\x0e}\xe6\xecELd\
\x0bp\xdc\x10j\xa5\x1c\x02\x91\x0c\x9f\xcf\x00hk{\
\xcewnL\xc9D\x04\xa9D\xc4\xa4\x00\xe7f\xa8t\
\xf1\x9b{&MD[\x83\xf3\x97l\x00\x88*\xb6\xa5\
Sb\xb5\xa4\x9d\xd9\x02\xd4\xc4\xe6as\xf3\x04?\xfa\
{\xfb\x11%u\xd7W\xa2\x03\xd3\x1c\xad\x0f\xa1@\x0b\
]\xbe\x1a\xdd\xac\x8a\x8f#\x87\x8f#_(\xc9$\x12\
PqF\x06\x85^\x84\xde\x02\x09\x0d\x8c\x91\x5cL\x98\
T&\xa0l.z\xe3\x18\x03\x13\xd8\xac\xa7\xc0x\x0e\
\xbe\xcd\xbf\xebB\xb9\xf7\xde{\x11mo\x17\x0e\x84\x86\
\x1c\xba\xcb\x11\x1b\xb0\x16\xb7yW\x16\x0d\xb9r\x15\x03\
+V`\xc3\xa6\xcd@\x95\xc5L\xa1\xba\x8eB\xbd\xc0\
g\xce}3\xae\x9c\x09]\xa4\xd4:\x1a\x96\x10\xa0\xaf\
\xafoF\x06\xe1R\xddt\xf9\x8c\xac\x1d\x1f\x1d\x9d\x1d\
Zt#\xf7\xc4\xc7\xa6M[\xb0\xf7\x86}\x88\xc7\x13\
b\xfc.i\x08\xe5V\xd9v+W\xae\x92P \x92\
\xc9\x08\xdf\xc0\x82{\x8d\xc5\xdb\xaa\xe6\xc2\xee\xee\xaa\xf5\
 \xd7J \xba\xab\x1d\xb7\xdcq+b\xc9\xb8(B\
/\x1cF\xea\xb0\x5c\x84r\xb9,\x18Bo\xff\x80\xf0\
\x81\x8d\x13-\xdf\x95J\xa61\xb4beS/\xcb\x99\
\xf7\xb5\x1e\x9d\xcbs\xe1\xf1\xd4\xfdf\xdc\xef:Q\xe3\
\xd1i\xc8S\x97\xe9\x0e\xd7\xd0\xb72\x82H\xa4\x8a\xb1\
\x0b9\x5c8?\x22\x1b_\xad\xaa\xd4v\x9dd-\x0c\
\x0d\x7f\xe6\x87d^\xbb\xb1\x08\xd2l\x05\x1e'\x17`\
\xe6\x94\xae\xff\xb5\xe9\x10\x82K\x89\x81\xbd\x82\x06\x80\xdc\
\x7f^\x94\xf4\xed[\x02\xa7\xbeyp\x01\xc5#Q\x0c\
\x0d\xf4K\xd1\x10\xdd6\xde8A9\xe6{p!\x88\
\xf6\x1f;\xacNL\xe6p\xec\xd8\xc9:J?\xdf\xe0\
o\xc9\xee22o\xf3\x02!3w\x7f\xdd\xb9\xb9c\
\xb3 \xc4.&U\x89\xa1\xde\x1a\x17\x84.\xf0\xee\x9e\
.\xbc\xe1\x0do\xd0E\x5cO\xc3)\xc5\x95\x13k\x06\
\xf0e\xaa\x099\x19\xb8\x13l\xd9\xbc\x05m=\xbd\xf0\
\x08\x14\x06\x9aM!\x1d\xb8^\xae<\xe7<\x1b@$\
\xd7\x00\x0d\x1f\xc9 \x03CC\xd8\xb6u\xab\xfcL\xbf\
K\xe9\xc1\x97Z'/\x13\x9c\xc8u\x22\xa1%\xadB\
!\x0d\x10O\xa7p\xfbmw`\xf5\xaa\xd5R\xc9v\
)FF\x84a\x02H\x1e\xbb\xbb\xbbK'u\xc8\x15\
\x03@\xed\x84\xe6L\xc3\xec]\xcd\x96Uk\xf9\xb4\xbd\
X\x9e+\x83n\xe0\xd6\xdbo\xc3\xea\xb5kP\xaeU\
\xa4\x8c\xb7q\x9cyj#\x8c\x91\xf5}\x1f\xbbv\xee\
D(\x99T\xe3R\xdf$\x1as\xc5\xd2\xb8\x05\xa1\x98\
u\xcd\xf6,\xe9z\x93\xc8V)1\xcd\xa9\x87\x08\xbb\
\x14\xee0)\xdb\x14\x8b\x97\x18\x1ez\xe8\xe9O\xa2\xbd\
\xcb\xc3\xd4\xd48\x8e\x1e?#\x95\xadB\xe9\xa6\x01\x08\
T2|\xee\xf9\x9aori\xf8\xe3H\xc6\x22\xe8H\
\x11\x80\xe7\xcfgz\xdf\xea\x814\xc2B\xd6\x8e\x14\x0a\
\xc5\x96[\xdf%\x1b\x80d\x9a\x13\x84\x16na\x8a\xe4\
\x9c\xc1E\xe8\xf9\xe8\xca\xa4\xd0\xdf\xdf\x09\xdf%\x11\x92\
na\x84n\xc4\xfc\x9f\x93\xc5I\xfao\x19\x15\xbaj\
\xc6\x15\x5c\xc8\xf0\x04\xcd7n\x09\xf6\x89\xee)\x11p\
\xa6\xef\xda2\xed\xe2b\xe7ry\x99\x18*\xac@*\
gE&\x06\xd3<\xbbv\xed\xc6\xaa5k\xe0\x97\xca\
\xa6\xabLCJ\x9a\x8b\xdc\xd6l\xeb\x04\xd4\x9dY\x8b\
\xa0\x80-[\xb7\xb0b\xc4\xc4\xbd\x0e\xd2\xa942\x19\
\xf6\x84o0\x16g\x9c\x9b\x14T5R\x88\xdc\x95\x04\
8\x8c%\xb0u\xdb\x0e#\xfd\xc4pL\x17\xecrx\
\xf6v\x88\xa7#\x8f\x80\xaa\xb2\xaa'\x17HjM\xe2\
\x1el\xdd\xbe\x0d7\xed\xbfI2\x04\x8cg\xe7\x92\xa5\
\x16\x1et\xa5yYL_2\xbc\x08\x19\xe5\xa8\x1d;\
w!\x9djC\xa5\x5c\xab\xd75\xcc\xaeg\xb0_S\
%b.\x054\xf2Sy&\xac\x06\x1dZ\xbd\x06o\
\xb8\xfb\x0db\xa4\x19bYV$\xbd\x959\xf4pS\
PU\xf3j\xe2\xe5\xec\xd8\xb5\xcb\xc4\xd1\x8d\xc1\xfb\xcf\
]srj\xd2t\x91\x22sW=D\xccc\x02\xbc\
j\x80|\x96\x22\x1f\xa4\xb5\xeb\x06P\xab\xaa\xce \xeb\
\xdb\xa2Q\x8a\x84\xd4\x10\xcf\x00\x1bvw!\xda\x9d\xc4\
3\x07\x8f\xa1\x90\xafHQ[\xa1\xc0\xba\x00z\xb3*\
v3\xf3kL#\x11z\x18n\x0c\xb1\xb8\x8bd\xcc\
\x00\xdb\xc6;\xb1\xc3\x1a,\xeb\x1cHa\x90(\x04]\
!\x03\xc0\x03%\x05\xb56\xe0\xccr\xe3\x7f\xdfGw\
G\xbb\xd4\x0f\xb0\x89\x82\xf657\xa9\xbc\xf9V\xaa\xe9\
\xe6\xc3\xc5\xc9\x89*\x1d\x7f\x17Y\xd5\x0d\xd7{\x09\xe7\
\xc4\xfc\xb7L\x18\xa2\xd1\x1eV\xacX\x81t&#1\
b\xf3yk\xe1\x8f\xe6d\xdf\xf2\x96\xb7\xc2%\x08\xca\
)\xd6t'9\xf9\x08j)\x85\xd3P\x80\xcd\x8eI\
\x9e=s\xf7\xac9\xe7V\xa1\xa1E\x80x*)\xbc\
{\x01\x17[\x8a\x5c\xd4\xd1)\xf9\x7f\xdes\xc1\x0a\x9c\
\x900\xf6\x08VJ\xc6C\x18\x8a\x8a3,\x17\x08\xb4\
\x18\x02\xcf\x95\xde\x8f#}\xe6-7!@4\x9d\x12\
\xd4~\xf5\xaaUu\x99\xb7\xa5~\x83=.\x8bR\x98\
\xba\xa4\xb7#\xc0T\xa9\x84M[\xb6\x08\x98I\x1c\x80\
\x07l\x95\xcf\xb7@\xaa\x90\xab\xeazx\xbc\xb7\xeaf\
3\x8ef\x95`\x8f\x80\x81\x8c\xd9\xedq\xe6\xe2)\xf6\
\xdck\xd5\xaa\x18\xa3\x0d\x1b6J\xcc\xdf|\xbflf\
\x86\x84\xa5\x06q\x8b\x06 X \xb4\xa50\x08\x0d\x8f\
.t\xd9P\xfc\x90l\x0a\xf1x\x14m\xedI\xad\xec\
\x0b\x95\xd0\xb7\xdaE\xcfP\x0a'\xcf\x5c\xc0\xb1\x13g\
\xe1F\xa2(\x94\xf2\xc2r\x9d\x17i\xa0\x01 \xe6\x15\
\x8a\x08{4\x9dJ\x89\xf2\x10\xf1\x85\xd9\x06s\xf61\
\xb4\x10\xae\xb9\x9f\xa0\xf99.aD\xc2.\xd2\x89\x18\
B,su\xb832\x05\xe1\xcez\xcd\x7fhzn\
\x03\xfd\xbdH&c\xd2\xca;\xca\x18K\xaeq\xfe4\
\x10\xc5\x16+e\x96O\x06\x98\x9c\x98\xc6\xe8\xc4\xa4\xb8\
C\xf3\x00\xc7\xe63\x0a\x0a\xa9\xc0\xa3I\x92\xccWg\
_g\xe8)\x15v\xcd\x9a\xd5\x028\x95K%\xe3N\
\xea\xc2\x94\x9d\xa1T\xc2\xae\xebv\xe0\x8e7\xdc\xa9T\
c\xc2\xb24\x82\xe1\x10\x1c\xd7E\xd5\xab\xa1T\xa1\x97\
b6\x16\xd22}\x8dq\x19\xff\x13t\xda(\xf1\x7f\
\xb5~>L7\xc5\x12)\x22*\xa8I\x96d\xa6R\
\x8c,Nn\xc4\xa6\xc7\x22s\xe7\xff\xf0\x0f\xff\x80\xfc\
\xe8E\xacY\xb3\xaa^\x18\xd3\x90:_\xfeh&K\
\xd1\xa0H\xae\x9d\x18\x8da\x1f2E\xb6e\xc7N\xdc\
|\xdb\x1d\x92\xfda\x04\xb6\x1c\x1f\x83\xf3\x82\xddn{\
\xba{e\xc7WZ\xb7\x87p[\x1b\xee\xe6\xee\xed\xda\
\x14\xda\x5cv\xa0%a\x09\xd2/5\x1aJ\xf3\x16\x03\
\xcf[U\xaa`\xcb\x96m\xb8\xfe\xfa\xddj\xb4\x9bd\
\xd8\xe6\x84+&\x85[\xf3<\xac\x5c\xb5\x0a=}}\
\x82/\xb1\xd2\x8e\xf2Z\x9a\xd7\x0f\x10N&\xb1y\xdb\
6\xd1\x08\xb0\xf3Bw\xe7\xc6YIx\xc9\xe3\x89\xdf\
\xaf\xa40\x12\x808\xff\xb9\xf0\xa9\xf7\xc00\x85\x9e\x0a\
\xc3\x80H\x98F\xac\x84X\xbc\x82d\xb4\x86|\xae\x84\
\xc3\xc7N\xa0X\xad\x8a\x1aVET\x828\xafg\x15\
\xc4\xd1p\x18\xcf\x8f8@&\x9dFGW\xa74\xe1\
 \x89Ng\x86g^\xd6\xf05\x5c'5\xee\x0d\xec\
\xb4~X\x5c\xc2\x88G\xc3\x88\xc7\x22\xda\xaa\xdb\xa8\xa8\
.g\xb8\xa1\x00\x03C]\xa2 \xc4!\x85\x0a\xf5\x1c\
e\xabc9\xa8\x96\x8a\xf0\xaa%\x89\xa5O\x9c\xbe\x80\
\xa9lQ=\x0f\xe9\xb1\xd6\xea\x136\xce[\x1a\xc3\x8c\
\xbb\x05\xbf\x9b1\xe6\x8a\x15\x03\xb8\xf9\xe6[4\xde4\
\x8b\x8a\xe0_\xcd\xd0y\xf9\x10X\x8e\xda\xd1\xdb'\xe9\
L\xed\xd8Z\x0f\x18ebU\xb8\xb8\x8d\xdb\xd5,F\
B\xb9\xe8\xbb\xeez\x03\xfaV\xaf\x81\xcf\x89\xeaR\x87\
.\x80\x1b\x8d\xc8D\xb3\x13U@\xaaV\xb7\xc2|\x0d\
'\xf9\xa9S'q\xe1\xdc9ttuc\xcb\x96-\
\x12\xb3_\x0e+\xd0.\x14\x86;\x22\x88a\xb6\x0cM\
53\x06\xf6\x11I\xc4p\xf7=wc\xcd\xea5(\
\x97\x1b\xf1\xb8\xc6\xda\xee\xa2\xde\x18\xbd\x1f\xcb`\x94\xcf\
\xf1;\xaaU\xbc\xe1\x9e{\xd0\xd7\xdb\x8fbQK\xa8\
g{\x01\xbc\x97\x22\xb7]!\xbb\xd2~g\xe3\xf1\xf3\
g\x91t\x0a\xf7\xdfw\xbf\x88g\xaaBS\xeb{P\
/\xc6\xaayX\xbfq\x13\xdctF\x9e\xa3\xe0\x09\xe6\
\x19j\xea\xdd\xc1\xc6M\x1b\xd1\xd5\xdd=C\x8e\xac\xe5\
\xf5I\x17K\xea\x02\xf8(\x17=\x13\x8a\xd0k\xd5\x8d\
\x83\xa7\x1c\x8bE\x90i'\xeb\xd5\x13\x0eM*\x19\x91\
\xf7P-\x98\x1d\x83\x1c\xd4P&\x97d>\xbf\xca\xfc\
\x98\xe7\xc2\xd2{j\x16\x84\x224\x08F\x07\xb0\xf5\xdb\
%\x5c\xa6\x08N\xabS_\x9e\x010\x07\xe0\x85(\x80\
b\x9bi,\xf1\xe321\x19_\xba\xe8\xecf\x08\xc1\
\x07\xa1\xf4\xddy\xe5\xc3e\xdbsP-\x17\x10\x04%\
\x14\xcb\x15\x1c;5\x8cb\xbe\xa2\x0a\xc2\xf2\xa4\x16\xf0\
6\x96p^\xcd;\x04\x89=w\xdfs/\xb6l\xdd\
\x84\x0a\x0d\x8e\xa4\xe9\xd8OP\x85M\xc8\xf1\xe7\xe4\xbf\
\xf9\xe6[UE\xa2\xf9T\xd1X\x9cv7\xd6\xf8\xb1\
\xe1\xd2\xc7\xa2al \xfb\x8f\x80\xa29A\x99\x5c\xd1\
(\x06\x06\x06T\xd0\xc4\xba\x99\xb3\xd0`KA\xd6\x9d\
\x93\x80\xa2\x8b\x5c>/\x00\xd6\xe6\xcd\x9bD-\xa7y\
\xa7\xbb\x14B\x10?O\xf7\x5c\x0c\x80]\x84u\xb7\xd1\
\x81_\xae`\xe3\xa6M\x02~\x12\x03j\xc4\xd9\x0b7\
U\xd1\xf7\xb1\x83.I,i\xedio\xf2\xeb~\xb9\
\x8c\x95\x9b6\xe1\xd6[nG\xb1@J,A\xd3\x99\
\xf4`;ye\x07\xe4w1|\x9a\xc1\x7f'\xbb\xaa\
\x82;\xef|\x830\xfa\xe8!q\x915@\x5ck\xa0\
\x1a\x5c\x8eH\xd8\xc5-7\xdf\xdc\x04\xfc5\xdfk=\
?fX\xfaz{Mff\x11\x22\x14mY1\x81\
r1jx\x22|\xee6GO\x83^A\x8a\xb4`\
z\x8aN\x80\xae^V\xbe\x06\x18\x1b/\x89\xd7@j\
<\x1b\xdc\xb2^\xa0\xf5\xc4\xadg\xf6\x11vB\xe8\xea\
NI\xed\x81%\x97\xcd\xbf\x0f\x07\x88\x92\xa7c\x97I\
\x13kpY\x06\xc0\xdepK\xfa\x11\xad2\xe9@\xb8\
\xf4c\xd0\x85o\xcb\xa4\xd1\xd7\xdfe\xce\x82\xa0F\x1c\
.\x0b\xa7\x9b\xab\x15lN\x8f\xae\x01\xf3\xff\x8c\x0f}\
\x1f##\x138r\xe2\xbc\xfc\x8e\xd6\xffr\xb5\xe0h\
\x9d\x19/\xdb\xfcy<\x99\xc4}o\xfc\x01\xd1WW\
v\x9a\xee\x0a\xcd\xf9\xf5}\xfb\xf6I\x1a\xcb\xba}\x1a\
\x87\xea$R\x9d\xf8\xaa\xf9\x5cSLiv$\xeed\
\xdc\x01g\x9e\x84\xfeA\xc3BPJ\x8c\xcd\x02\x17\xc6\
\x07\xa9\x06IK\x9dy/()\xb6b`\xc5\x8c\xd4\
\xe3%!\xf5\xec\xe4\x1c\x8b\x09\xfe!\xdf5\xe7\xcb\x1d\
\xb8\x91\x18\xde\xf8\xc67b\xd3\xc6\x8d\xf2\x5c4\xeb0\
\xbf\xb7\xd5\x9c\xde\xa3\x97\xc34`\x9d\xa1jx\x0d<\
\xee;\xdf\xf9\x0e$\x88\xc6\xab\x1c\xe7L/\x80\xa13\
\xd9\xa2nk-G1$\xb5*R\xbd\xbdx\xef{\
\xdfk\x9a\xc04\xaeI\x0f\xc1\xf3P\x16)\xcb\xb5\xaf\
\xdf\xb3\x077\xd3\x00\x94Y\xeeL\xe3\xd0tl\x9e\x9f\
\xef\xcb\xb9\xf6\xf6\xd1\x00\xd8\x853\xcf5\x9a\x05H\xfc\
\xa1\x90\xad!\xe4hJW\xf0\x08\xc3\xe4\xe3gyo\
S\xa9\xa40\x16\xdb\xba#\xe8\xec\x0b\xd0\xdd\x9d\x11\xef\
\xcdq\xa8\xecT\xd2j\xc7\x96\x8b\xca7\x95}\x11Y\
*\x03\xbd]H\xb2\x8efAC\xcfJA\xd35\xc8\
,\xf7\xe6+Xv\x08\xc0\xd3\xb2\xe8?\xff\xc18y\
\xc9\xeb\xdf\xc4mm\xa94:\xc82\x13\xd7\x92\x17D\
\xe5\x14z\x04\xf4\x05|\x09w\xecN\xc7\x8b\xf6QA\
\x8d ]\x15\x22\xfdu\xf6\xc2E8r\x0e\x9e\xee\x04\
|\xcdn\xb0Z?)\xfb\x97\xd6\xe4\x0a\x8d\xb55?\
\xcf\xbem\x9b\xb6l\xc5\x8e\xdd\xbbQ\xa9r\x87qg\
\x80i\xbc\xd1\x8c]\xaf\xbf~\x8f\xb4.g\xfc\x172\
\xcc-\x9e\xb3\x80\xb4\xa1\x90\xa4\x00\x15,r\xc0\x0ee\
\xf22\xa1\xd2\x8e\x1d;\xb1f\xf5Z\xd9]\xad\x0b+\
\xd7[\xf3d\xa2\x11\xdcQ\xecbV.\xdbz\x11f\
\x22Z\x0fC\xc0S\xdf\xc7\x8a\xfe!\xac[\xbf\xc1L\
\xa4\x06\xf1hi\xcf\xd4\xa6\x8cP\x0f\x01\xd2\xe9\x0c\xb7\
\xdb\xe6>\x95\xfa\xe2D\xaeV\xb0r\xcd*\xbc\xf1M\
o\x14B\x12\x0d\x00w\xbcy\x892M\xcdQh\x00\
\x98\x01p\xa9\x92!\xf8\x82\xde\xb3\xa0T\xc4\xf5\xfbo\
\xc4\xbe\x9b\xf7I\xbd?1\x15\xab\xfak\x9f\x9e \xfe\
R\x7f\xd1ZIW\xea<\x8a\x14ey#\xb6l\xde\
\x5cO\xc5\xda\xba\x0e\xe5\x114\x8c\xd1\xbd\xf7\xdd\x87T\
w7\xfcj\xb5\xf1\x1c\x05\x80Wr\x0d\x9f75\x01\
\x06\xfa\xe9\x99\xcdMK\xda\xb9%\x0b\xdcw\xe0\x06\xcc\
\x9ax\xc8MN\x22\xa8)_\xc3\xca\xbe\xa9T\x9d\x8b\
p(,\x00:\xf7\x87H\x1a\xe8[\x95\x90\xa6\xa2l\
/\xc6\xd8\x9e8\x97W\xd7\x07\x98}?5\x15\xcd\xf5\
\x22\xf72\x11G<\xc6\xbf7\x04E\xec\xc7T\x9cG\
1\x01\xd9\xa2\xdcP\xbdC7.\xd5\x00\xc8\xe4\x88D\
d\x97\x12D\x97=\xc9]\xc6\x9d\xadN\xb6\xc5\x10\x10\
\x8bD\x90\xb8\xb0\x08-\xbaJ\x04\x97/\x95F\x9a{\
,\xc6\xe2| \x13\xb9\x22^<|R\xc2\x00\xb9H\
N\xccyE\x88\x9a\xc5&\xb0\xa0\x96\x9f\x8a'\xb0=\
Y\x15;w\xefB,\xd3i\x1a,p\x115\xb4\xe8\
Y\x84\xb2j\xd5*\xc9[\xd7\x17\x87Y\xc4u\x9e5\
\x0bV\xea\xa4\x0b\xd3\x12\x9d\x0f\xb6R\x96\xc2\x97\xdf\xfb\
\xbd\xdf\xc3\xa6-\x9b\x11T\xa8_\xd8t\xfb\x83@\xd0\
\xf1v!\x15\xa9\x070\xe7\xdc\xeb\xae8\xe3K\xa2\xcc\
\x1e\xa2\xcc\xc6@\xab\xeb\xb6n\xdd\xaa\xec=\x0b\xfa,\
\xbby\x86~\x01\xcf\x8b\xf2\xee\xf3\x0eC\x8b&\x09\x8a\
\xa1\x87\x0aP\xa8W\xb2TU_\x0bJQ\xcf\x9e^\
2?\x1bN\xa6\xf0\xa3\xef\xff\x11\xbd/\x12^6v\
o\xa6\xd2\xf4\xf8&\x9d\xda\xe2\xd2\xe4\x98\xd5*:\x06\
\x07\xf1\x9e\xf7\xbcG\xe7\x8d)\xe5%xh\x0b\xaax\
\xef\xe8\x85]\x7f\xfd\x9e: X\x7f\x8e3.3\x80\
\x1b\x8b\x8b\xcc[3\x95[\xbfK=\xe09`w\xe0\
 ?\x15\xa0ZV^\x0bi\xe1\x95JM\xea\x01\xf8\
\xa2\xb1n\xcbD\x91nc\xfdJ\x1e\x83k2\x18\x9d\
\x1c\x91n\xd6\xec\x11\xc0\xc2 V\x06\xaa\xe7;74\
\x09\xd8gCj\x00\xa8\xa6\x05$\x18\x8e\x1ba\x90\xd6\
OTq\x0bruXDd\x7fz\xc9\x1e\x00w\x18\
\x86\x00R\xff/\xf2\xc3Z\x1e\xbb\x14 P6/\xd7\
CWO;\xe2&\x07\xcc3P\x97\xc6\x960\xce\xb5\
z\xd5\x0as\xef\x0eN\x9e\x1b\xc6\x89s#\xa6\xaao\
\xb1o\xb3\x8c\xbd\x85\xe3RK|\xa1\x84R(\x1c\xc6\
m\xb7\xdd*\x9f%\xddR\x85;\x09\xe8\xe8\xc3\xe7n\
\xb7\xef\xc6\x1b\xd0?\xd0o\xccl\x8bc\xdb\x85`.\
El\x1c\xd9\x83~\x80\xdbo\xbf\x03k6o\x95\xe6\
\x133OU)\xadL\x03\xf6\xf4u\xcb\xb9\x88\xe7c\
{\xc8\xcfs\xee\xc2 \xa4\x10+\xb31\x910\xd6\xaf\
_+\x13\xdb\xee\xb6\xcd\xbb\xddBC\xcb\xb3\x1b\x8b\x83\
^\x88\xb8\xe9\xf3\x80\x88By\xae\xd60\xb0r\x15\xde\
\xf4\xe67\x8b0\x89xR\x8b\xb0,9\xb8\xf8\x85\xbf\
 \xeb\xaea\xbd)X\xe1\x17\x0a\xb8\xf3\xbe\xfbq\xd3\
\x8d7#\x97+\xe8=0\xa1\x8e\xd2\x7f\xd9\xe9\xc6\xc8\
b\xcd\x87\x93\x897Q\xc5[\xde\xf6\x8e\xba\x17`1\
\x1c\xfb\xbc\x89\xd1\x0c\x0d\x0db\xdd\x9a5$\x16\xcc\xbb\
x\xe4\x9c]W\xea\x16\x88\xb7\xd0\x9d\xb7\xb1}\xbd\xac\
\xbd\x09\x03\x13Jp\xc8E~:\x86\xdc\xb4[\xaf\xee\
\x93*E*C\x055LN\x0e\xc3\x09\xca\x18Z\xd5\
\x89x\x14\xe8\xec\x0e\xc3\x8b\xe7p\xe4\xd8)8>\xb3\
id'N\x19Z\xf0\xdc\xe5 \xb9\x10f\xbfH.\
\x0b8'\x99\x85k\xd6\x03\x9aM&\xd6\xf0\x8a\x1b\x5c\
+\x05\xe9e\x1b\x00\xc6/t'Dk\xcc\x94d*\
Ie\x89\x883SL\xdd]\xd2\xbb\x5c\x14p\xe4\xa6\
i*q\xe6\xd5\x9a\x93\xe4\xc4\xaaUP.\x16q\xf4\
\xc4\x05LN\xb2\xf1\x87-\xceYh\x873|\xe8y\
\xdef\xab\xcf\xc4\xb5v\x80R\xb5\x82\x81\x81~\xe1\xf6\
\xb3e\x13\x1b\x93T\xeb\xc5;!!\xbe\xac\x18\x5c\x81\
\xeb\xae\xbb\x0ei\xee\xb2\x92\x01iAW\xa5\xc7B\xa4\
\xba)\xfd\x22ra]\x9d\xd8\xb7w\xafqEg\xba\
-\x1an\x06R\x0d\xb9f\xcd\x9aF\x9ak\x16\xd1i\
\xf6\xb7q!Q\xb7N\x16j\x00\xe1\xd7\xf3\xf3\xda\x94\
B\xc7rk\xe4\xf9\xdd\xbd\xbd}RtS\xa7\x17\xb6\
\x1a\x86\xbf\xc0\xdc;=\x0f~nn\xfan\xe6\x19\xab\
g\x91\x908\xd8R\xab\x9bC7\xce\x87p<\x81\x0f\
~\xe0_H\x18b\xa5\xba\x84)j\x80b\xa9z\x94\
\xf97\x8f\xdf'^@\x05]+W\xe2\xbd?\xf4\xc3\
u!\x13\xab&d\xff\xce\xfa\x83tG\xa7\xaa\xea\xcc\
w,C\x80\xea\xeb\x1f@G{\xa7B\x15f3h\
m\x989\xe7\x98:\xaeab\x94z\x00j\xd8h\x00\
d3\xa2A\xab\xb1\xfc\xb8 %\xf0m\xed)\xb8\xb1\
\x0a\xba\xd7x8u\xfe(*EJy\x13CR\xc6\
\xab\xee \x0d\x06\xa8Ny\xc7t\xdbV\x0fD{$\
\xb4\x98\x87\x16\x0bR\xfe\xba)\x95\x9f\xfb\xbee\x1b\x80\
\x98\xe4\xec=\x84l^Tj\x01\x96\x18\x02\x98\x9b\xaa\
i\x18\x8aihM\x005\x00\x9d\x90\xea\x9e\xcf\x8c\xd9\
\x1d\xa1\x9dz\xa5<\xc6FGp\xfc\xf8\x19\x14\x8b\xa4\
\xdd6\x8ef\xdf:C\x1a\xa9\xe9U\x0f\xdd\xc4\x106\
`P\x89/\xcd.\xc4\xf8\x8f;\xc5\x96\x1d[\xd07\
0\x00\xbfR\x85\x1b\x09K\x1d\x81'\xda{\x12\xa8b\
\xeb\xb6\xed\xd8\xb8qS\xdd\x05k\x81\x90\xc9\xcdn.\
I\xe5\x84\xe5\x22\xa4\xab\xbcv\xfd\xba\xba\x8e\xdb\x9cO\
j\xbeP\xaa\xeeR\x89\xd4\x9c\xdas9\x05\xf1\xb4l\
\xe6\x80\x06 \xa6\xe94q\xf7}tw\xf7\xcabL\
\xa5\xd3u\xed8+\x89\xbe\xd8\xa8\x83\x86\xec\x8c34\
\xa4\xa1\xc5\x02U\x85\xdc\x85\x19;\xf7\xaf^\x8b7\xbf\
\xf9\xcdR\x970_S\x13\xeb]p\x17\xe5\x84U\xf1\
\x16#\xa4\xd1\xf4\x12\xd4>\x9f\xc7\x1d\xf7\xde'\xd2\xea\
\xf9<\x053\x98\x11\xd0\x16\x18Zs\xc2n7\xec\xc0\
3\xff|\x13#P*\xe1\xado\x7f\xbbh\x190\xb3\
\xa3\xe1\x9cr\x02x\xcf\x08\xe4\x222WDV>o\
\xcf\x89\xff\xf0\x03tu\xf7\x08w\xc1*//T\x19\
\xc8\xb2\x5c.\xf6b\xa1\x86jY\xb1\x1ce\x98\x92\xc4\
\x13\x12\xceH\xb9\xaaXF$\x1e\x12)\x0b*.e\
\x0b\xe3\xb80|\x11\xa10\xcb\x8aK\xa8T\x8a3=\
LiEN\xd2\x0f\x9b\x84\xb0\x0a7!]\xb7S)\
\x0a\x83\xcc\xe4\x0c\x88\x9dhR\xb4\xb2x\x11\xef\x81\xde\
\x9f\xa6\xe7\x88e\x0c\xc6\xfc\x14\xed\x14\x04\xdeh\xd1-\
\xd6\xf8s\xee=r099\x89\x12\xf3\x9d\x04mx\
Y\xf5\x07\xda|cu\x87\xa8U\x98\x1f\xad\x22\x9f\xcb\
\xe3\xc2\xc8$\xb8\xb4\x08\x08.\xe9[e\xddZ\x8d;\
\x0b\x8e8\xb3\xe2U\x85o\xe9v\xef\xd9\xbb\x17\x8et\
`\xd1\xce.\xd2\xb9\x85\xc8\xaeW\x93\x14\xdd]w\xde\
\x85\x15CC\xba\xfb\xb7\x9c\x04\x96\xd8\xdb0d6\x7f\
\xbcm\xeb6\xb4\x9bf\x13\xf3\x0e\xcf\xc7\xaa\x95\xab\x84\
\x84cu\xfe\xe7\xb9,\xf3PC\x88\xc6\xc91g\x91\
\x08\xe0\xc6b\x82Otuv\xd6\xbfwf\x81\xcd\xfc\
\xc3\x86K\xe4\xe4\x0f\x0c\xac\x98Wbm\xc6y\xa8\xd0\
!\xee\xbe\xf7~\xa9m\xb0\xf4\xe3\xba\x8b\xdc\xcc\xa03\
\x8aQ\xacy\xd0\x05<_\xda\x97M0\xc2\xf8\xf0\x87\
?\x22z\x04\x8a\x87\xd8T\x1e\xc1,rP\x12\xf3\xd4\
K4\x9d\x17U~\xba\xba\xf1\x9b\xbf\xfd\xdb\x22\x9cR\
*j\xcf\x08\xa6\xdbX:\xbcs'=\xbd%(\x09\
{\x1e2\xe9\x8c\xf4\xad\xb4\x8b\x7f\xe1T`\x00\xbf\x16\
Av\xd2GU\x12W\xe4\x1b\x18)8\x9e\x7f\x84s\
^w\xefX\x8c\xd8W\x80H\xc2C\xd1\x9f\xc6\x99\xe1\
\x11!\x921\x0dXa\xcb\xfb\x16%a\x9a8sE\
&\x9c)Q\xbd\x9f\xf3\x09\xf1X\xb5\x22\x83qPL\
v\xd6;\x96e\x00H\xd8a\xeeTE\x07\xf5\xb0\xcb\
\xa2\x00\xd9\x86\x85\xa2\xa3\xae\x0d\x11\x98\x9c`\xd1\x84\xa6\
Jg_\x04\x11T\x16w\x00\xc3\xc3\xe3\x98\x98\x9c2\
\x84\x94\xa5\xd5\xf67\xbb\xe8\xf5\x90\xc1\xaa)7\xc5\xac\
l\xdd\xcc\x85$\xee?\x17\xbf\xa9I\xa2\xc0\x03\x07\xdd\
HR`\xef|\xc3\x1b\x10\x8d\xea\xce\xb8\xc0E\xca\x22\
\xb2w\x86\x13\x98\xf14\xd3t\xac\xa4\x0b\x16\x9ct\x81\
\xa4\xf26m\xdebH,M*\xbf3\x98\xc0\xa6\x0f\
=A@\x86atc\xe5\xc7!l\xd8\xb8Q\xaa\xdb\
\xb8\xcb\xda\x98o^%\x9b\xa6{c'\x10?\xd3\xd9\
\xd1\xbdp]\x86\xbd\xbf\x5c\x0c\x95\x0az\x06V\x98\x8c\
@X=\x8eZ\x93\xeeA\x93\x0c:\x0d@\xdd\xfd\x9f\
gH\xf6\x22\x9f\xc7\xae\xfd\xfb\xf1\xa1\x0f\x7fX\x0c\xbf\
\x9e\xa3z\x01\xc4a2d\x11\xda\xb2\xe0\xf9\xce\x8d\xf3\
\xa4\x5c\xc6\xa6=\xfb\xf0\xaf\xff\xf5\xef\xa8f\x84\xcf\x82\
\xb2\x8aP\x7f\x87\xd6\xacA\xc0L\xcfb\x9e\x04y\x11\
\xa9$\x86V*\x0e \xf2n\xf3\x8a\xae\xa8\x9b\x1fB\
\x14\xf9l\x80b\x8ei@\xd5\x07$\xcaO\x90;\x1a\
\x0f\x8b\xfc\x1f\xffM\xaf)\x1a#\x99-\x87xG\x80\
\xa3g\xcfK5#mc\x95\x9b\x0f7)I\x115\
\xf1!8\xbf8\xbb\xc4\x08\x84%\x13\x10i\x81\xee7\
}\xc0\xec\xa5\xcd\xc0\xe9\xb2A@\x9d\xceL_\x90\xc8\
\x22\x94\xddE@\x9fV\x83\xef\x8e\xb8\x8et8UK\
\xa8\xc0\x9bK~s+P\xcd\x0fP\xaeTP\xaaU\
q\xf6\xc2\x05\x14\xf2\x05U75GS\x08F\xc5\x18\
f\xbf\xa4\x22L:\x10)\xcf_`$\xf3\xbb\xaa_\
\x93N\xab\xec\xe2J\xea'\x8b\x8b\xfaW\xac\xc0\xe0\xe0\
\x10\x02)\xe8V\xce9S2\xfcl<\x91\xc0M7\
\xefG\xa6\xb7g\x11\xf5Z{c\xfd\x19\x13\x88\x04\x1d\
z\x10\x0e\xb9\x05\xa2R\xdc\x0a?T\xbf\x9e\xee;\xbb\
\xdeh\x0c\xdc\xd8\xbdU\xce|\xa6X\x88e\x1b\x9aj\
\x0f\x04\xb5\xaa\x10x$\x0cH\xa5\x1aH\xfb\x22a\x80\
]\x04\x0atF\xd0\xdb\xdb\xd3H;.2l\x9c|\
\xd7]w\x8bp\x08\x8d\xa5\x0a\xaa\xccU\xd1\xd1n\xc9\
\xd68\xce_\xa3!n\x7f\xb1\x88\x0f\xfd\xd4O\xe3\xc6\
\xfd\xfb\x91\xa5\x110 \x165\x1a\xa8$\xbd\x94\x02\x0f\
\xce\x15/;\x8d[\xee\xbf\x1f\x1f\xf8\xc0\xbf@.\x97\
\x95\xf9r\xf3\xad\xb7\xc0\xb5\xcd?\x9d\x99\xc2;s`\
\x1d\x01\xaaC\xe2\x15\x896\x84\xc1p\xe6\xc5\x0d\x14(\
@\xa5XE1WE\xe0\xa9\xac<\x97\x9a\xf4\x11d\
\xc8\xc9\x9f1\x0c\x90\xbe\x01L\xed9\xc8t2\x1b0\
\x8c,\xc3\x1e\x87\xe1T\x19\xbeG \xd0N\x16\xfd\x93\
\xe9=\x15\x09\x16\xde4\xd2\xa9$\xa2$\x161\xceG\
S\xe8K/\xc3H\xf5I=G\x88\x18\x8a\xa1t/\
\x17\x04\xac\x17\x0e(R\xa3\x17)\xa4\x97e\xc4\xfe&\
-\xc5>e]\x9dmv\xce\x1a\x19q\x1a\x95\xd94\
RRj+\xe2\x0a\x11\x8c\xcb\x16\x8aB\xb1\xd5\xf77\
*\x9d,\x1e;\xfb?m\xce\xe0\xd7\x8d\x81\xfd\x8fR\
\xc9\x96hc\x0dH\xcd\xf7\xf1\xd1\x8f\xfdK\x89}k\
\x04\x8aB!a\xfc\x15K\x05A\xb7\xdb:\xdae\xd2\
\x09\x92\xbb\xa0\xea\x91VFR\xe0\xd3\xeeN\xbc\xd9\x5c\
\x90L\x016\xa8T-\xee\x8f~\x5c8\xf6t\xeb\x9a\
\x8b\x88f\xbe\xa9\xf1=L\x1b\xce\x98\x88~ \xa2\xaa\
\x94\xb6&r-\xa4\x11\xd2\x91M\x7f\xf8\x05+'\xcd\
\xaeF/O\xb8\xef\x86\xff\xbf\xd8\x10\x03\xe4{\xd2\xdb\
\x80\xaa:\xb6[\x8f\x9e\xbb73\x85\xecR\xce\xca4\
\xaa\x5c\xc0\xb6\xa8\x0b_\x13R\xd6\xaf\xff\xd6o\xa0\xa3\
\xb3\xbbN9fz\x92rXK\x13\x811XE\xa1\
\x80\x8f\xfe\xc2/\xe0mo\x7f\xab\xa4Yo\xbe\xf5V\
9\xe7@@z\xbb1\xb46\x00\x9a\x09\x08I*\x90\
\x0aX\x8d|\xfb<\x9c\x07\xa1\xe5\x06\x08\xaa!L\x8e\
\x96P+\xd7\x04\xf8c\x11\x98^\xb6\xea+\xb0\x0b\x11\
\xf9-\xa9\x0c\xf5\x02\x81tG\x0a\xe5Z\x01\xc3\x13c\
\x82I\x91\xf6\xeeyE2\xe7\x9a\x8fn\x80F\xc6{\
a\xe1\xd0\x0c\xf6\xf5 \x19\xe5\xc6\xd2\xb0\x13R\x8aL\
\xac\x848\x90X\xe1f\xcd\x0e9\xfb\xc6\xfdY\xcaM\
\xb4\x02\x152)\x0dXE\x97j\xb6\x08\xe7RF*\
\x9d\x92^\x80B 2M\x0c\x1b1\xb3\x05\xf5\xf4\xcf\
jm\x0a^\xad\x80r\xa1\x8c\xa9lA\xa0G\xb59\
\x8b\xcf\xccf\x99\xec:\xbf\xbe.\xf6iy\x90\x8eP\
io\xbcy?\xde\xf1\x8ewJ\xe9\xabm\x00J\xe0\
\xa8T*\xcb\x82\xa7\xec9\x11\xf7\x85\xbe\xb5^\xd5\x97\
H\x0a\xa8C\xa4\x9a\xde\xcb\xce]\xbb\xf0\xc1\x0f~P\
2\x0c\xb3+\xcef\x0f\x05\x16C\x122\xd8\xba\x80F\
_C\xfb\xa8\xb8\xa0\x1b\xd8\x82\xb8\xa5rO\xa4\xff\x98\
<\x8e\xf5\xeb6H\x87\x1b\x96\xf3Z\xacFv\xe6y\
\xb0\x00\xbd\x1f&\xab\x1d\xa2\x8cuB\x8e\xd5*\xcb9\
\xff\x0d`\x89\xf3V\xb4\xb7wj\xce^\xc0@\x8b\x8a\
\xe8\x1b\x08Z&\x92\x8a\xb1\xc8\xf7.\xb6{S\xfa{\
\xcf^\xfc\xfao\xfc\x1a\xa6\xb3\xd3rL\xf20\xda%\
\x0b\xb3\xb4\x93\x13\xcfI\x9eK\x02\xff\xbf\xdf\xf9\xb7\xf8\
\xe4'?.\xc6\x98\x84\x9d\x90\xb5\xba\x8b|\x9e\xa3\xbb\
\xa7[\x9e\x89\x9d?\x0b\xe1*\xbc\xe6\x10\x88\x03\x10l\
\xa6\xa8()\xe6*\x07.N<\xc9AU\x86w\xba\
(\xdd\x88\x8fh\xca\x83\x93\xf40<2\x0a\x87\xfa\x00\
U\xca\x85\x1b\x81\x90V\xe7\x15\x0a\x0b\xc1\xac\xa7+\x83\
T<&\xb7c\x06\xbcl\xe7\x7f\xfd\xc96\x87\x12\x97\
\x98\x06$YG\x8d\xc0\xd2\x05@g\x0e\x1f\xed\x99\x04\
\x12)Z=\xab\x9eBC2\xf3\xa4\xac;\xecU\xa9\
\xffWC)W\xc0\xe4DV\xd2\x85\xcb\x1d\x8d\xe2\x1a\
-\x0c\xb1\xa9*\x9b\x86\xe2W\xfd\xf8\x07> \xf1\xf9\
\xc4\xe8\x84RMCl\xf4QT\x22\x89\x00\x9f1\xa9\
\xd6[\xd2\xf7\xf9>\xd6\xac]\x8bh\x22\x86B!\x8f\
\x1f\xfd\xd1\x1f\xc5\xae\x9b\xf7+\x13l\xa1\xd1t;7\
n\xdc(\xd5}\x8d\x8a6\xc3{\xd7@\xbf\x1eZ\xe4\
\x0b\xec\x8d\xa8x\x8c\x5c\xa5\xec\xf4>\x92\xedm\xd8w\
\xe3\x8dB\x0aj\x14\xb0\xcc\xaf\x11`\x7fFo\x87\x86\
\xae\xbe\xc3.\xf1\x19\x8b1\x8aD\x04\xc0\x1c\x1c\x18l\
0\xff\xfc\xe6\xb6Z\x8e\xa4B\xa94D\xd0\xca6p\
]h\x88q+\x14\xf1\x8ew\xbf\x1b?\xfbs?\x83\
\x0f}\xe8Cb\xa8\xd9xu1c:\xe3\xd6\xf2\xfe\
\xd4\xaaH\xb7\xb7\xe1\xa6\xdbn\x93\xef_\x22\x8c\xac\xc3\
\xf3\xd1\xd9\xd1\xa1\x0dCg\xe5\xd1\xe7\x1d\xac\x1a\xcd;\
\xa8\x14\x89\x1b\xb8\xf0\xaa\xbcf\xe25\x8a\x7f\xd6X\xf5\
\xe7\xb1\x94\x9e\xb5\x11I\x04n\x11\x89\x0e\x07\xe7\xce\x9f\
1\xba\x03\x01\xca\xc5\xc2\x02\x87\xd7\xf9\x14v\xd8\x018\
\x86@\xb81V\x7frf\x0fL\x0d\x13[+\x03/\
kE\xb1\xdd\xb0\xce\xc1FJaiC\x1c~\x01A\
:;2\x88'XL\xa4\xed\x94\x88\x01h!\xd0l\
\x01\x08\xeeZ\x14\xdap0\x9d\xcbbbbR\xdd\xef\
\x16%\xa8-\xf1\xf8\xa6\xd4\x93\xb5\xd8\xca^\x0c\xd5=\
\x8fR\xb9\x8c\xcd\x1b6c\xdf\x9e\xbd\x08*T\xf8\xe9\
1\x0f7$\xcc1\xc6\xb1\x8c\xa5\xd2\xc9\x94Hp-\
6gd!\x84]\xdc\xb0o\x1f\xb6l\xd9,]f\
o\xbb\xe36\x04\xe4\x9a\xcb\xa4_\xc2\xad\x0a|l\xdf\
\xbe\x1dw\xddu'\xa6&'p\xfa\xf4i\x01\xf1\x22\
\x115\x02\x96\xe4\xc1\xef\xcaNO)\xa6`\xd9i\xca\
9\x92\x09\xb0s\xf7u\xd8\xba};\xbe\xf3\xd0C\x8a\
\xd9\x18Yk\x1bB\xcd\xb8\x7f\xa6]\x1a\x8d#I=\
\xd2\xe8e\xb9,\xc2 \x10E\x9e\x1d\xbb\xb6\xe1\xf8\x89\
\xa3F0\xc4\xa82\x1b\xf4\x9c$%\xb6\xdcJ\x10\x0c\
\x15\xb7t\xf1\xe9\xa7y\xfd\x1a~\xe1W\x7f]\xc2\x02\
zi\x97\xd2\xb1X\xf6@\xa3\xb5\xc0\xcc\x90`X!\
\x93\x8e\x5c\xecx\x06\x9bi\xce\xe2\xd8\xb94\xe7{d\
\xfe(\xbf\x84\x18M.[F\xe7\x0a\xd5np\xbd\x08\
\xaa4\x00$\x9e\x91\xc9Y\x01\xc2In0\xfc\xbd'\
a\xe6\xf1\x17N\x08\xe0\xdd\xd3K\x85b\xe6\xbch\xaa\
\x18\xc9\xcb\x89\xd4\xbf\xc7\x12\xe7bQ\xb6\x0cc\xc8\xa9\
\xf2h\xe6\x84\x0dH\xaf:\x80\xf4\xb09\xdf%$0\
AD=M\xbd\xa4\x9bg&\x0c\x17\xa0(\xb1\xca\xc1\
\x968\xa1\xeb\xf7\x90\xd4Z\x07]\xedIA?}S\
W-\x1e\x80\x85\xdd\x1b_(\xcd?K\x85\x82\xd0o\
\x87\xc7\xc6\x91\x9d\xca\x8a\xfe\x80\xa5b.\xfe}\x0d\xfe\
9\x018\xdb@\xa3n\xbdE\x9a\xbb\x84\xbb\xee\xb8\x03\
\x99\x9e>y vg\xd5\x22\x906twu\x89\xe8\
\x02%\xb1Y\x7f\xbdX\xdc\xa98\x87/\x8b\xff\x13\x9f\
\xf88~\xe7\xdf\xfc\x1btti\xd1\x93j\x12`\xf1\
\xcf{l!\x95\xc2\x9b\xde\xf4&\xa9\xb8\xa3\xdb\xa9\x02\
#V6\xba\xe1\xfe\xcf^\x08\xb6\x84\x95\xe4\x16\xf2\x19\
\xf6\xdfr\xb3x[\xb6\x10\xa5U\x9d}\xfd\xe7F\xf8\
CL5\x0d\xed2\x0c\x80\x9e\xb7'\xe7M\xfca`\
\xc5\x80.4\xc3\xe3\xb2\x12U\xec\xb4C\x06\x9e\x10Y\
\x16i\x06:\xe7\xf8,\x13\x16:\xaf\xdd\xcd\x96\xfc\xf1\
\x19\xc7Q\x12\x91\x11j\x08\xe4\xa7\x8b~F\x0c@*\
%\xf8\x81\x1d\xcd\xf8\xc6\x9ca\xf9'~\x08\xd3SL\
\xe7\x91\xdc\xe3\x89@h\xad\xc2\xd8\x9f\xfa\x10\x1e\xaa\xa5\
\xaa\x14\x8a\x080*\x0dD\x5cL\x97&\xf1\x95o|\
G\x94\x84D\x03\x93\xeaG\xb3\xcf\x91\xc7\x17n?7\
O\x95\x86\xd3\xf7\x18\xf6\xa1\x84\xca\xfa\xb2!m\x9d\x07\
0\xebPK\xc4\x00\xcc\xc4\xe0.hD\x0e\xad[\xb9\
\xd4\xa15\xcc!)\x05\xd5\x0c\x00\x098\x94z\x8ej\
\xe1B]\xc0\xc0d\xeb|\xdb=\xd5\xc1\xb9s\xd3(\
2\x1e\x17\x14s\x09\xc8t\x93<\xb65\x00\xdc},\
I\x85g\xce\x8a=>\xd0w\xff\xe0\x0f6\xb4\xe0\xeb\
\xeebMRE7\x5c\x7f\x83(\x03\xddw\xef\xbd\xd2\
)\xc6\xf7\xd4H,~\xb1@\xff\x8a!\x09YlK\
\xe8\xa5\x0e\x8b\xdc\xaf\x18\x5c)\x95j\x0c\x07\xec\x22%\
\xc1\xa8\xa1\xe8\xa2\xb5\x09\xcc`\x10\xa42$1\x93\xf2\
Q,\xe1\xa6}\xfb\xb1n\xcdzEW\x9a\xfa\x13\xce\
,\xb3\x9dy=\xdc\xe9\x12\x99\xd9m\xa7\x16\x1f\x5c\x10\
\x9c\xc8\x04<\x99N\x8d\xc5\x151\xb7B\x1e4\xf4L\
qvu\xd1\x8d\x96*\xb2%\x87\x18r\x9eD\xb1\x8d\
\xf7\xb6\xdc\x0a\xc7\xb9\x073\xcdZ\x9d%\xbe\x9f\xe0l\
,\xae*I\xf6\x9c\x17i_'_\x13\xc405\xce\
N\xd6*SV\xc8S\xd3B\x01h\xb6\x22\xb3\xea\xcf\
\xd4\xb5\xe0\xee\x0c\x94\xd0\xbe\x22\x89\x17N\x9c\xc0\xe8\x04\
\xe5\xc1\x02Q\xc0j\xfd,\xd8k@1\x05z\x01\xc6\
\xe1o\xce\xfb5\xf8/\xc6h*{\xd0\x5c\x90\x19K\
\xf4\xe3Y!\xe6\x8a\x94\xb5\x22\xd0\xcb\x93\x00\xb3\x8a\xaa\
\xf4\x82\x13\xf1\xa8\xd1\xbd3B\x05T\x02\x9e\xed\x0a\x92\
\x00T\xa2\xfa\x0f\x0b^B8?<%\xae\x93\xd4Q\
K\xb3\x83\xa5\xc7\xa6Z\xbb\x10\xae\x13P\x94\x10\xc1\xc6\
\xa45\xfc\xf4G?\x8a\xf5\xdb\xb7\xc3/\x15\xe5g6\
\x86\xe2dNwu\xe1\xbe\xfb\xef\xc7\x9dw\xde\x89[\
n\xbdE\xb0\x81\xe6R\xdb\xe6\xb0\xc2\xbe\xc4\xc0\x10\xad\
\xf6\x00\xafT5\xfav\x970YM\xfd\xfa\xce\x9d\xbb\
E7_\xbd\x00\x8b_4\xf2\xf5\xd2\x85\xb8@\xa4x\
\xaeKO#\xb6j\xf5j\xdcr\xf3-&\xf5\xd6P\
\x0cnf\xeb\xd5\x0d\xa5\x09\x01v\xb1AFW\x97\xa0\
\xd4\xcb\xc1yt\xa3\xf4\x85\xc4t\xc3\x0d{\xa4\x8e^\
\xbe\xab.W\xc5\xca\xc5HS\x1a\xf7\xfbg\x04\xac\x13\
\x89DT#\xa1>\x16\xbe7z{U\x22\x8c\xac@\
\x86<\xd3\xd3y\xf1\x0a\xf8\x1fY|\xd52\xcb\xc6Y\
(D\xe3F\x86,\x9b\x88&\x91\xf7\xaa\xb88:*\
\xa1\x1b%\xc2\xe6\x8eF\xb7i\x96\xe3\xc7b$V\xcd\
m1\xae\xcdb\xea\xacm\xb31\xcc<\xd2\x92\x03y\
\x96Ej\xe1\x89\x99`K\xfd\xa0\x89\x8b\x1c\xbf\x86H\
\x98*(q1\xfe\xb4!\xd4Nw\x02\xa6\x00\x9b\x90\
}\x83\xccV*%Y\x88\x04B.\x8e\x8c\x09\xfbI\
,\xa6\x00K\xda\xff\xcc\xbe\xe6\xca\x91\x91M\xc5\xab\x96\
\xae\x05pBQ\xa4\xd2\xed\xe8\xee\xee\x87\x1f\xb8\x18\x1b\
\x9f\xc4\x8e]\xbb\xf1c\x1f\xfcqA\x9ag\xefD\xa2\
\xe2[.K\xbe\xf8\xa3?\xf31\xc9\xb9\xda\xb8[\xdd\
\xf9\x90\x08x\x84\xa8k\x97L!D:f:\x03\xb7\
\xadC\xff\x1eO\xc2\x8dF\x11\xc9\xb4!\x92\xee\x10\x99\
j\x91'\xe7q\x9b^\xd6]\x9b\xfd\x226\xc2kM\
\xb7u\xe0\x9e{\xde\x88}{\xf7\x8bKHc\xe8\x13\
\xfa\x0d(\x06\x19\xc5\xf4T\x1eYN*\x02\x97-v\
EN\xda;\xee\xb8C\x5co\x02|\x0d\xa3\xd5D\x1b\
m\xd2\xf6\xe3\x84Y\xb3n\x9d\xa4A\xbd\x10\xf3\xd4\x98\
\xf3\x9a\xcf\xf6\x0am\xda\xf0\x08\x98\x81\xd8\xb5k\xa7z\
zF\xf7Pu\x0aU\xcd\xc7R\x8e\x973$\xb2\xb6\
\xe7@\x19\xacK\xc1\xa0\xcd\x98Q\xde\xec\xcf}\xb5\xfc\
\xf2pD\x00L\xab\xf0l\xd9\x89s\xdej;N\xc9\
\x1c\xa5,X\x80R\xb9&\xa07\x09AL\x07r\x03\
\xe3^L\xbe?k\xff\xb9HS)\x15\xc8\x89\xb19\
N\x00LNL\xc2\xa7\xae\xa4\x00\xb7\x96\x0c\xc6\x8b\xd7\
\x87\xa0\x1d\x7f\x1cD\xa2\x0e\x221z\x03\x9c_\x0c/\
\xf4%\xcdu\x98\x01\x0a)\xe0)\x5c\x00K%o\xb2\
\x02\x8b\xa20\xd6z\xa8h\xa7\xf5&.mW\xa3\xab\
\xc3\xfae\xd7\xd5\x13bU\x93\xcb\x0b\xd6\xbcV\xd3{\
u\xb7\xa3\x81\xc8NObbj\x1a\x01\xdb\x89Y\xed\
\xf5%}\x9f\x9e<\x1f\x02\x898\xd4\xe1\xa3\x88\x07\xa5\
\xb3\x1ex\xe0\xab\xe8\xea\xedA,\xdd\x8eZ~\xdax\
4\xb3\xe2iC\xf8\x90\xca5RWe\xe7r\x10\x14\
J\xc2Q\x1f\x1b\x1b\xc3\xd8\xf88\xc6&\xc60>>\
.\x02\x93\x0c\x13Xpr\xe2\xc4)\x8c\x8d\x8e\xca\x83\
`\xfd\xff\xdb\xde\xfev\xc1\x12\x16\xcb\xc5\xcf\x18\x867\
\xc1\xe2\x9e\xf7\xbc\xe7\xbdx\xf1\xc5\x97p\xee\xdcy!\
\xa3\x08\xb8\x19r\x91\xcb\xe611>\x8e\xb5\xc6 \xcf\
 R\xdbPf\xe3F\xdcz\xeb-8u\xf2x\xfd\
\x1dR\xd1\x16n\xf2\x00LY4\x7f\xaf\x95\x8e\xc25\
\xb4GZ\x12\xd7C\x09A\x0a\xe5\xf6\xf6\xf5\xe1\xa6\x9b\
n\xc2\xf1\xe3\xc7q\xe8\xa5Cbp\xdcH\x83l$\
\xd3\x7f\x89Y\x06\xcb\xe9\x90\xb352\x00\xce2[\xbd\
_\xee\x08\xa4\xee\x85\x9b\x97\xa6\x01\x89\x91,\x16\x86\xc8\
\xa9Q\x02\xae\xec#?UB\xff`\x5cv}B\x07\
\x94\x97\x93'\xc6\x8dP\x0a\x9d\xa8\x1a\x1c\x86\x13\x22\xf1\
\xac*\x1c\x94)\xcey\xf1(\xc9\x98\xb5\xf7\xaa\x91R\
\xd5\x8dB[\xc4S\x9e\x9fs-4k9K\x9a^\
\xca\xad\xf5^\xb5\xbaS\x8b\x1a\x00\xad\xf5'\x9an\xd2\
OM\xf5\xd3K\xbf\x81z\x13y\x0c\xee\x0a\x02\xc4\xb0\
\xdd1\x0b\x8bd\xf7\x9aq\xda\x22\x90\xa0\xb1\xb3\x83\xe9\
|\x1e\xf9\x12\xeb\xff\xc5\xf4/\xe9{\xb5d\x92nQ\
\x19\xd1X\x0c\xb7\xdf~\x1b\xae\xbb\xfe:\xe4\xb2Yl\
\xd8\xbc\x09\xb7\xdf}\xa7\xa4\xe8h]\xa9\xdc\xa2\xd7\xd9\
$\xb8A\xcev4*J\xad\xb5B\x1egO\x9e\xc4\
\xd1\xa3G\xf1\xd2\xa1#8t\xf4\x08\xce\x9e\xbd\x80\x91\
\x91\x11\xe4\x0b9L\xe7\xa71:2\x82\xf1\xf1\x9c<\
\xa7T*\x22\xe1\x02\x9binX\xbfN\x1aj\x10\x81\
%\x90\xc7F\x90\xc2\x9f0\xa8\xfb\xe2\xf7M\xc1\xc3\xfd\
7\xdf,\x057\x7f\xfe\xe7\x7f\xde\xe0\xf8#\x10\xa2\xd2\
\xe8\xe8\xd8L%\xa5\x19\x07 \xcf<\x81{\xee\xbe\x07\
\x0f|\xf5+\xb8xqXS`\xd2\x92\x9b\x8dXl\
y(\x8b\xae|\xa9x[M\xb1\x12\xaa\xe6,s\xf0\
\xda|i\x8f\xa3\xa9\xc4\x1d;v\x88n\x22\x07\x0dA\
WW\xa7\xb42\x93\xbc\x8a\x05\xe0\x96B4\x8a\x86E\
\x81\xa8Q\xe4jt#H\xd36\xa0\xa6\xa6\x19M\xc0\
;\x1f\xbb\xf02a\x03\x18]H\xd2\x9c\xdd\xe8\xdc\x0d\
c\xf6P\xdb\xc4\x82\xa9(J\xf90B`\x1aY%\
\xe6\x85;E~\x91\x11\xa2\x11zo\x84\x86\x8e\x0dg\
\x8b(\x95\x0b\xc8fU\xfe.\x22Mh\xf53\xcdG\
'\xbe$@<\x08\xae\x0e\xcc\xb9>\xe5\xea\x19\xe2\x90\
\xa9\xd9\x91|\x02\xefS\x93\x94\xdd\x12\xd2\x80z\xe4\xa8\
0\xbc\x88_r\xd8\xc0byf@[\x14)2\xac\
\xf9\x7f6J\xd4\xc9\xdc8\x12\xddT.xZF\x17\
\xe3\x93\xd3(\x14\xd9d1\xbcd\x00\xa8>\xb7\xcc\xa2\
\xe6B\xa4n|Pf?\xf6\x00kV\xad2\x15c\
\xda\x8fN\x95v]\x91\xf8\xb6\xa9\xa1\x91\xb3\xa7\xf1\xc0\
\x03\x0f\xe2k_\xfb\x1a\x9e}\xe6\x19\x9c:}\x1a\x93\
\x939\x94f\xb9\x88\xbc\x9f\x9d\x9dm\xb8\xf1\xc6=\xb2\
\xebQ7\x9f\xa5\xa6\xabV\x0eapp\xed\xac\xb3b\
isUy\xde\xb2\x01\xcc\xba\xfd\xb3\x9e\xa2\xbd\xdeH\
\x22.2WO>\xf9$\x9ez\xea)%%1\x8d\
Y*a\xf8\xe2\xc5\xf9wA\x11\xdc\xaca\xfb\xae]\
\xd8\xb7\xef&|\xf1\x8b_\xd0\xea4\xd3\xd8\xc4*\x00\
q\xb0\x02\xed\xcdo}36m\xde,\xba\x7fT{\
^\xd6 \xa1EjD\xf5k\x99R\xdds\xc3\x1eL\
MMJX@\x02\xcf\xaa5\xab\xd5X\xd15]\xc4\
\x08\xea\x0e\xea`|t\x0c\xcf\x1f>\x8aBn\x1a\xae\
\xd4\xbf\xc7\xd0\xd5\xdd\x85\x81\xfe~tut\xc2M%\
\x15C*\x17M\x88a|\x16\xcb\x7fp\xae\x90\x01@\
3\xc9F\xcfp)\x1e\x1dC\xd4R\x81\xf5\x11D\xed\
\xcd\xc7m)\xb4U\x8d\x16\xad\xc3\x90\xd0\xe4\xddt\x18\
\xc9\xb6\x18&\xa7u\xe3KIc\x9b\x9az\xa0\xcdz\
\x19\xe6>\x86|GZ\xb9[2\x97\xbd\xd0\x06i\xb4\
\x993;w\xaa,\x1e\x02\x18\xcb+il\xa9\x817\
\xb5\xc5\x14%\x90:\xf4\xa5\xf0\xc5\xf5\xbc\xb83J\x8f\
r\xc9\x000\x85APH\x01\xaa\xc6\x9bie+\xf0\
\xaal\x00\x11 \x97+\x0a\x1b\xd2r\xce\x97\xe6\x01\xd0\
WTi\xb1\x10\x81\x94jM\x8e\xc1\x17w@\xaf\xca\
\xbc8AI\x17n\x22!\xa1H5;\x89#G\x8e\
\xe0\xe9g\x9f\xc5\xd3O?\x83\xaf|\xe5+x\xf2\xd9\
\x83r\xdbbf\x91\xef\xda\xbdKZzm\xdc\xb0Y\
\xc4;8Aw\xee\xde\x81\x1b\xf7\xdd\x88\xfe\x81\x01y\
\x08\xc7\x8f\x1d\xc3?\xfd\xd3?\xe3\xbb\xdf{\x04C\x03\
\x03R\x99G$\x9f\x8a=\xc9D\x5c\xaa\x02W\xae[\
/[@5\x977y\xf9\xc6}j\xdc\x86\x06\x91\x83\
\xae\xe0\xe0\xba\xb5\xf8\xe8G?\x8a\xdf\xfa\xad\xdf\x92j\
J\x1a\x01z\x15'O\x9eT\x09+zT\xa2i=\
\xf3\xbe\xf3\x99ESmx\xf3\x9b\xde\x86\x87\x1fz\x04\
SSSBU\x15va\x9d\x1f\xc6z\x87\x08n\xbf\
\xfdVi\xd1.\x8dN\xa87o\x9e\xdbR\x16\x8f\xa6\
\xfa\x98\xde\xe5\x84\xf5\x11\x8eE\xb1\x8a\xcd:\xdep7\
V\x0c\x0c\xa1\xa7\xaf\x1f]==\xe2\xfd)Wa\xe1\
<\x834c\x89%\xf0\xbdG\x1f\xc7G>\xfaQ\x9c\
\xbf0*?\xe7\x9e\xd7\x96\x8ecE\xff\x00\xd6\xad]\
\x8b\x8d\x9b6\x08P{\xef=\xf7\xa1\xbd\xa7\xd7(5\
\x11E\xaeJ\x0cm)\xc4bp\xec=]\xa6A\x08\
\x0cC\xd3\xaa_Y\xc3\xb9\xd0f$\xdfAW?\x00\
*E\xe5\x94\x98\x83\xe9u\x18\x11\x1aI\xf3\xf91\x84\
C\xaeVIz@Gw\x06\x13\xd3S\xa2Q\xa1\x8a\
\xf6\xf4\xc8X\xf6\xdd\xe46\x89=p\xe0x$\x84\xe5\
\xe58\xd2Zs\x86\x1c\x83\x96\xdd\xdb\xe8\xa1u.a\
\x194\x9e\x85k\xa1\x17\x1eZ\xf6\xcb\x9c%]nU\
(\xd1\x82\x06\xc3S\xaf\xbf\xd1\x90$\x1c\x1f\x85r\x09\
#c\xd4W\xd3\x86\x12\xcbC\x1e\xf5\x88\xdc}\xa2\xb1\
\xb8p\x0dd}Px\x83\xe7\xc0b\x9br\x19/<\
\xf7,\xbe\xf8\x85/\xe3k_\xff:\x9e?p\x00g\
\x86\xc7\xe4s\xfd]mx\xf3\xfdw\xe3\xe6\x9b\xf7K\
\xfbi\xa6\xb6\x86V\xae\x86\xdce\xdf\xc3\xf9\xb3gq\
\xe0\xf9\x03x\xfe\xe0\x0bx\xf8\xe1\xef\xe1\xc8\x91\xa3x\
\xfe\xf9\xe7q\xfc\xf8\x89yS\xe8<\xa3\xde\x9en\x11\
\xd1\xf8\x8d_\xf95\x5c\x7f\xd3\x8d\xa8f\xb3\xb2sj\
\x9dE\xeb4\xa7\xad\xba\xbb\xf9\x8e;\xf0\x93\x1f\xfa\x10\
\xfe\xe8\xe3\x1fW\xcf \x1c\xc6\xc1\x83\x07Q\x9a\x9a\x12\
\xaak\xcbJC\xee\xb6\xd5*\xf6\xdcp\x83h\x0d<\
\xf0\xc0\x03\x88D\x14\x94c.Z\xe5\xca*\xc2ug\
\x0a\x0f&\xd5)\xfa\x86\xcb\xb8\xddz}\x0a\xcerb\
r\xc2P\xe0\x84\xc6\x8f\xd8\x8b\xd4\xaf3_-a\xa9\
\xdd\x91\x1a\xb2m6C\xd1<\xfcR\x09\xfb\xf7\xef\xc7\
\xef\xfe\xdb\x7f\x83\x87\xbe\xf3\x90\x18\xaf\x91\xe1\x0bx\xf6\
\xd9\x03x\xe1\xe8\x09y\xe1\xc1o\xe0\x93\x7f\xf2_p\
\xfd\x8e\xad\xb8\xf3\xce;$\xe5\xbbc\xe7v\x5c\x7f\xdd\
uX18\x88H\x9a\xfd\x0dY\x06H\xc1M\x0dm\
\x94~\xbe\xcc\xab3tb\xa6\xc0\x97N\x92TQ\x9a\
rQ\x8b\x82D\xe7Qn\x94Z@\x11))W\x11\
\x8e\xc7$3\xc6J\xc1\x5c\xb9\x8a\x8e\x9e\x08\xa6\xa7\x0a\
\x98\x9a.\xa3\x5c\xad V\xab\xc0qc\xa2\x04\xdcp\
iB\x92\xff\x0f\x8a<>\x01s\xdd\x1c\x9b\xe0\xdd\xe6\
S\x9fWFm\xc9~\x9e\xb6\x16\xe2\xc57\x09>,\
1\x1f\xab9\xea\x00\xd1H\x18Q\x9bN\x0b\xf1\x82\xb5\
\x1d\xf8\x9c3c\xd1\x0d\x02A\xff\x8f\x9c8a\x9a\x87\
\xcei\x96\xb4\xe8\xe0.\xc7\x1d\x96\x00&\xd3Z\x22D\
\x99\x88c\xf4\xe29|\xf3;\xdf\xc2\x97\xbf\xf8\xcf\xf8\
\xa7\x7f\xfe\x0a\xce\x9e\x1b\x96\xf7g\xd2)\xbc\xfd\xcd?\
\x80\xb7\xbd\xf5\xcdx\xcb[\xde\x84\x95\xeb\xb6\x98\xf3\xf3\
\xf0\xd8C\x0f\xe1\xd3\x7f\xffY|\xef\xb1G\xf1\xc2\xf3\
/\xe2\xf4\xe9S\x18\x9ff\xaev\xe6\xe0\xbbY2-\
\xd2\x10\x12\xab+\xa9\xa6JK\x1c\x840::\x8e\xbf\
\xf9\xbb\xff\x8d\xef=\xf4]|\xfc\x13\x7f\x84w\xbd\xe7\
\xbd\xa8\xb1\x02l)\x1d\x8c\x02\x1f\xef|\xe7;\xf1\xed\
\xef|\x07\xdf{\xe4\x11)\x1c:~\xf2\x04\x0e\x1f:\
$\xe5\xb3\x81T\x92\xcd\xcah\xc8\xed\xf4\x10o\xcf\xe0\
\xfe\xfb\xef\xc3#\x8f>\x8aBa\xaa\xce\x09`\x0cZ\
*U\xb0c\xc7v\x0c\xad\x5c\xa9T\xd5e\xde\xe7\x19\
\xdf'\xdfO\xe8U\xe7\x07\xb1\x98TZ+\x00U\x15\
\xa7\xb1\xf4$k\xc0\xf2j#l\xea\x86Hh\xd1\x94\
\xa1\xbe\xa1\x82\xae\xae0>\xfcS\x1f\xc6O\xfc\xc4\x07\
Q)\x96EG\xe2\x89'\x9f\xc0\x81\xe7\x9f\x17\xf0\x95\
\xc0\xe8\xe9\xd3g\xf0\xc2\x0b\x07\xf0\xc7\xff\xf9\xcf\xeb\xe7\
\xb1zE/\xf6\xec\xb9\x1e\xb7\xdd~+n\xbd\xf9\x16\
l\xa3NBW\x0f\xab\xad$,\xa2\x98\x09G\xab\x0d\
\xad\xe5\xf5S\xd17\x1e\x93\x94\xb2\xaa_-\x05\xc0\xb4\
J\xc1\xd4\x06\xf0\x90LR,\xa4\x22\xf9{-\x0a\xe2\
\xb31Y\xad\x10\x10\x89Q\x80\xa6\x86\xee\xfe$r'\
s\x98\x9a*\x09qH2o-\xc0XQ\xaev]\
\xed\x95\xd0\xe2\x8c\x94\xfbaI`\xea\x15\xcf\xbe\xde\xc5\
A@\x13n\x84\xa9\xda#\xe0EC1u\xb9\x13%\
\x1a\x89\x22&\xfa\xe4!\x84#1D#TD\xad\xdf\
*\xf3\x85\x5c2D?\xabx\xe9\xe81\x9c97,\
\xa1\xc2Bm\xd3[\x8d:\x0b-\x14\x96\xdd'\x94H\
b\xec\xec\x19|\xfa\x1f\xfe\x01\x7f\xfbw\x7f\x8bG\x1e\
\x7f\x0c\xf9b\x0dm\x99\x04n\xde\xbf\x0f\xf7\xdd\xf7F\
\xbc\xf7\x87\xde\x83\xeb\xae\xdb#\x9f?~\xf8\x05\xfc\xe5\
\x7f\xf9s<\xfa\xc8\xa3x\xec\xf1'\xf0\xe4SO\xcf\
1@\xac\xb8\x12r\x92\xe9\x10cSCu\xf7\xdad\
7\x9a\x1f\x1dUaI\xfa8s\xee\x1c\xde\xf3C?\
\x8c\x8f\xff\xe1\xff\x8b_\xf8\xe5_A-;-\x1d\x97\
\xe7\xbb\xa76\x14\xc8t\xb4\xe3\x1d\xefz'F'\xc7\
\x05\x5c\xcbO\xe5\xf1\xf5o}\x03\xbbn\xdc\xd7\xb4\xaf\
\xb6\xb8\x1b5OXzl$\xfa\xe8c\xdfS\x85\x1c\
O\x8d\x0e\x81\xc9\xbd{oB4\x99\x11\xb7\xf9R;\
\x0b5\x9f\xab\xf8\xa83\x14m\x1an\xbf\xdd7\x22\xa9\
\x0c\xce\x9f>\x83\xbf\xff\xf4g\xf0\xf4\xd3Oc\xd3\x86\
\x0d\xe8\xec\xeaB6\x97\xc5\xda5\xeb\xb0u\xcb&)\
\xc3m\xefd\x97\xe6\x18\x12\xed\x19$\xda\x81\xfb\xde\xb2\
\x12\xf7\xbd\xe5\x9dj,\xbc\xaap!N\x9f:\x89\xef\
|\xe7\xdb8\xf8\xc2A\x1c<\xf8\x02\x9e}\xee\x00>\
\xf7\xa5\xaf\xca\xab=\x11\xc5\xde=\xd7c\xff\xfe\x9bq\
\xe7]w\xe1\xba\xdd\xd7a\x05\x8d\x9d\xef\xa1J\xbc\xc3\
6\xb7\x9d\x17/\xd0'\xc8vp\xd2\xc2}\xc9\x0dW\
\xb4#\x10S\xf9\x15\x1a\x1d\x99'\xea\x1d\x09\x9fE\xe8\
\xc9*%N\xaf,\x16g\xa3\x90\x22\x12\xa9(2\x1d\
Id\xf3\xac\xf5\xd0\x05<\xb3\xf1\x87R\x99\xc3<\x1f\
\x11\xe8\xadi9\x9di)h\x0d\x8f\x96\x03\xdb\x82\xac\
\xd6n\xcb\x92=\x00\xdd\xfd\x95X\xa31\xc52\xf6c\
\xba;\x8e\x11\x14\x95\x14\x0as\xd4$\x00\xb9r\xd2t\
\xcdmZHZ\x19\xe7\xb3\xf0\xcae\xe4\x0aU\xce[\
\x03\xee\xce\x0cFm\x0b\xef\xf9\xcfW\xd3 \x14\xcb,\
\x96\xcb\xf8\xeb\xbf\xfc\xaf\xf8\xc4\x1f\xff\x07<\xfa\xd43\
\xf2\xfb\xcd\xeb)e\xf5F\xbc\xed\x1d\xef\xc4\x1dw\xde\
\x89X<\x85\x8b\x17\xce\xe1?\xfd\xf1'\xc4H<\xfe\
\xf8\x13\x986b\x14z<\xf6@`\x07\xa3\x06\xc3P\
\xeb\xf5\x9b)\xcc3\xffN\xc8\x94\x9eS#\xc0a~\
\x16\xccqHO7\xfe\xe3\x17\x7f\xe5W\x91\xcb\xe5\xf0\
\xdb\xbf\xf9[\xf0\x09\x0e\xda\xae\xae-\xac\x1d]kN\
\xd6\x1b\xf7\xdf(\x86\xe0\xf0\xb1c\xf8\xfb\xbf\xff[\x1c\
?uBb^Zjv\x19\xaa\xa7\xc8\x1a\xb7_\x8c\
Gw\x7f?\xae\xbf\xfez\x1c8\xf0\x9c\xa8\xd52+\
\xc3\xc9\xdc\xd5\xd1\x85\x1b\xf7\xed\x97\xe7qy\xfb\xff\xcc\
\xef\x9c\x03\x9c9V\xf1\x87\xdcu\xe0\xc9G\x1f\xc7\xcf\
\xfe\xfc/\xe0\xb1'\x9elt\xfcm\x1a=]\x9dX\
\xbbn\x8d\xc8r3\x8d\xbarh\x08\xb7\xdd~\x1b\xd6\
\xaf[/\xa9]\x12\xa4\xf8L2\xed\xed\xd8\xbc\xe3:\
yq\x94\xa6'q\xfc\xc4q1*\x04q\xbf\xf1\x8d\
o\xe0[\x0f?*\xaf\xff\xf5w\x7f\x87\xbd{\xf6\xe0\
\xde7\xdc\x83\x1f~\xdf\x0f\xa3\x87a\x1du\x1fX-\
\xc9\x94\x9ct\x05\x9a\x8d\xa5\xa8\xe5\x92\x18\x9d\xa1(\xb9\
\x18K\x1e\xdc\x10TT\x86}\x02\x09z\xcb\xbc7\x8b\
\x93x\x14\xebN\xc2\xbe#$9v\xdd\xf6*\x1e\xa2\
\x89\x08\x0a\xd2-(\x04\x87\x0bD:akir\xdd\
\xcc\xf38\xd1\xb8nDr<\xb6\xcai\x88\xde\xd4\xe5\
\xe7\x8c\xd5\xd5\xb6\xe73\xcfn\x19P\xafy\x82\xf5\x8d\
\xba\xd9\x99[\xcamP\x0f\x80\xc0\x9b\xd0F\xe9\xf61\
\xb7o\xe21[0R\xad\xd2\xed)\xb2\xe5\x19*5\
\x0f\xf4\x80x\x81\xcb\xa1\x7fZf\x1b\xd1\xd1\xect\x0e\
?\xff\xf3\xff\x0a\xdfz\xf8!\xa9\xd3\xff\x81{\xef\xc6\
[\xde\xfcf\xbc\xfb\xdd\xef\xc4\xea\xf5\x9b\x81\xa0\x8ao\
~\xf3\xdb\xf8\x1f\xff\xe3\x7f\xe2\x0b_\xf8\x02.\x0e\x8f\
\xd4\x8f\x13aF\xc0\xe4\xd8%f\xe6\x04\x99\xc7\xf0)\
\xea\xdc(\xd4\xd1B8\xed\xd46\xf7>\x9a\x8c\x80\xb9\
}\xbf\xfb\xef~\x17?\xf8\x8ewb\xeb\xae\x9d\xf0\x0a\
\x85yw`%T\xb2[M?\xda:;q\xe7\xbd\
w\xe3\xb6\xbbn\xc3?~\xee\xf3\x98\xccN\xa3\xa3\xad\
C\xd3\xa7-\x1e\x8bd:\x22\x11\xdct\xd3\x8d\xf8\xd2\
\x97\xbe\x88\xb3g\xcf\xc9\xe2a\xfc\xbfs\xe7N\xac\xdb\
\xb0A\x8d\xc8,}\xb9+9\xb4X*\x8c\xf1\xc9I\
|\xe2\x8f\xff=\xfe\xc7\xff\xfck\x9c8y\xcaH\xb0\
k\x0f\xc2f<ht|B^\xcd\xe3\xe3\x9f\xf8c\
I)\xb2[\x0f\xe7\x13\xdf\xbc\x9a\x8c\xc7[\xf6\xe3\xce\
\xdbo\xc7\xda5k\x04\xa8\xdd\xb6s'\xb6\xed\xde\x83\
\x1f\xf9\xe0\x87p\xee\xe4Q\xfc\xc7\xff\xf8\x1f\xf1g\x7f\
\xfag8y\xf6\x02N\x9e\xfd2\xbe\xf4\xe5/\xe33\
\x9f\xfb\x07\xfc\xec\xcf\xfe\x9c\xe0<\xa4|\x87\xa2\x09\x11\
\xa0\xe5\xe6\xc3\x1dv\xa6g\xa0\xdc\x0b\xd1x\x5c\x96'\
\x1a\x82W\xa3\xde\xbf\x91z\x17`N)\xb92\xafI\
\x0bf#\x99ZH\xae'\x95J`\xb2\xeccr2\
\x8bl\x22'\xeaYn\xc8\xb4\x9f\xa3f\x06\x09@\xa6\
o\x81\x88\x05\x85X\x0aL\xc0\x9b\x92\xe2U\xe1\x03\x88\
')\xb5\x00\xf6\x1c\xe6\xc7,\xc2\xcbZ\xfb\xcd\x06}\
1\x18\xb7\xc5A\xacL\x15o@X\x1e\x9e\xaa\xc64\
7]\xa0\x12\x0a\xe3 \xba\xef%\xd3'n\x19u#\
3\xce\x8fT\xe3b\xa9\x84\xc1t\x1b~\xf5W\x7f\x0d\
\xefx\xe7[\xb0}\xfb\x0eD\x13\x1d8\xfc\xe2s\xf8\
\x9d\xff\xf37\xf1\xf9/|Q@%\xbb\x913\xdd\xc9\
\xa14V\x8d\xbf\x04\xd4\x921+Mg]sa\xc2\
5@\x16F\xb2\x04\xe8\xd8Y\xb6\xb3\xbd\x1d\xe9T\xc6\
h\xee5\xe2[a\x82!\xc0\xa93\xa70\x9e\xcb\xe3\
\xd1\xc7\x1e\xc3\xd6\xeb\xaf_\x12\xc1\x84\xc7\xe0bf\x1a\
p\xeb\x96m\xd8\xf0\xaf\xd6i\x03\x0aS\xd0\xd4\xfa\xee\
\xab\xc8\xc6\xb6\x1d\xdb\xb1n\xddz1\x00\xb6y\x08\xab\
\x0f\x09D\x11\x14\x15`\xf6\xe5\xa4\xd4\xc6\x92\xf8\xe2\x97\
\xff\x06\x9f\xfa\xd4\x7f\x97\x14\xaf\x9c[\x9d_\x224\xd3\
\xba\xce\xa4,@{\xeeR\x80\xa6\xb1\xec\xc8\xf8\x84\xbc\
\xecx\x8a\xee\xfe\x17\xbf\x84\xb6D\x0c\xeb\xd7\xad\xc3u\
\xbbw\xa3\xc0\xd6`aW\xa4\xdcn\xbd\xe5\x16|\xec\
c\x1f\x13\x10\xf4\xe9\xa7\x9e\xc6K/\xbd\x84\x17^<\
\x88\xaf}\xfba|\xeb\xdb\x0fc\xf7\x8em\xd8w\xe3\
>\xdc\xfd\x86\xbb\xe5\xfd+)\xdeB\xe3_-\xc3\xa3\
$\xbd\xe4\xcf\x09b+\xb5v\xc9$\x06\xbd:\x04>\
\xabK\xb5\xc7\x04y\x04B\xe6\xb4[3\x13\x16l&\
[\x0a\x90\x8a&\x91\x88\xc51Y.\xa1\x9c-\x02\xbd\
\xcc^U\x81\xa0\x82Z9+\x98\x09\x05FH1W\
\x91\x0f\xba\xc7\x15l\xdb\xb1\x1a\xefw\xef\xc7\xe9S\x17\
q\xe2\xec9LN\xe55$5\xb2l\x8d\xf9\xbbL\
\x03`?\xa6\xb1\xbf\xf2\x99\x03Rw/\xc1M\x94\x9b\
h\x00\x22*\xa7J\xeeV\xac\x9a\xd0\x1a\xeaG$`\
\xc5\xd8\x94nS\xa1Pj\xe4Z\x97Y\x00\xc2\xc9S\
\x0d\xaa\xe8\xe9\xed\xc3\xff\xfd\x07\xbf\x8fu\x9b\xb7\xca\xcf\
_x\xeeI\xfc\xd1\x1f~\x02\x7f\xfd\xb7\xff\x1b\x05\xd2\
\x80\xa5Y)\xa4C\xb1\xf2\xe4\x9b\x15x\xd4\x97\x9a\x1d\
\x13\xda]\xa1\xb9\x83oo[\x1a\xfd}\xbd\xe8\xee\xea\
F:\x91@2\x1aA{\x22\x85\xa8\xe4j\x8dJQ\
\x1da\xd3\x1c.\xd5]\x1f\xaaV0\x9e?\x86\xa9\xc9\
Is\x9f\x16\x118\xb1\xd7'\xc2 .*\xa5\x92\x90\
p\xb4\xc6~\x9e\xc5ok\x1c<\x1f\x89\xf6\x0e\xa9/\
x\xf4\xd1Ge\xf7g\x95$\xd9\x86\xa8T\xean\xe3\
\x15\x8a\x02Z\x9c\x87\x0b\xbf\x94\xc7\x1d7\xdf\x82\x8f\xfd\
\xf4O\xe3\xc1o~\x1b\x0f?\xfc0\x0a\xc5\x92\xb8\xc3\
r\xe7\x0d\xa9G\xa3\x05#+&\x19\x12\xdeo\x83\xa7\
\x98r\xeezq\xab\xb97\xd9b\x19O\xbf\xf0\xa2\xbc\
8\xd2\xb1\x08\xfe\xf7\xdf\x7f\x16\x99tR$\xd9I\x8b\
\xbe\xf7\xfe\xfb\xf1s?\xff\x0br\x1f?\xf5\x97\x7f\x89\
O\xff\xfd\xa7\xc5 <\xf1\xfcA\xfc\xe9_\xfe\x0f\xac\
Y1 i\xc5\xb7\xbe\xf9-\xd2\xf8\xa4\x87X\x81\x09\
\x0f\xf8\xfc\x98\x1eU\x19:\xb3\xb0\x16\x9b\x9b\xe2\xd5\x90\
\xb3\xc1\x1e\x13J\x96\xf2\xe8\x01P\xac\x96\xd7\xc5\x90W\
\x04K\x93\x88\xa7\xe3X\xd7\xdb\x8f\xa1D\x1a\xfb\x86\xd2\
\xe8I\xad\x80\xe7\x9511N\xaf\x94\xe1\x1a\x05k\x14\
\x7f`\x06\xc7\x94\x80a\xe7\xce\xcd\xd8\xbdc7\x0a\xd9\
\x0a\xce\x8fL\xe2\xa9\x17\x0ecj:\x8f\x13'.\xe2\
\xd9\x03\xbc\x17\x9a\xed\x99\xc9\xb7Y2\x0f@\xc1\xb4\xb2\
W\x03U\xd4\xb82\x97Ni\xd5^y\xc2\x9d\xa7%\
\x94\x9d^{\xba\x0b\x03\xaf\xee\xa24\x12\x95\x92\x02\x0c\
\x08\xd4\xfa(\xb3\x5c\xf2R\x86t\xf0\x0d#\x96L\xc8\
\xc3\xa2\x12\xcd\xa3\xdf}\x08\x9f\xf8\xf8'\xf0\x8f\xff\xf8\
\x05\xe4J%\xb9\xf0\x04Ug\xa42+\xa8K6\xcd\
<\x8e\xae\xfe\xe6xV\xa5\xc6\xf4\x5c\xe3\xe1\x08V\x0e\
\xae\xc0\xfa5C\xe8\xed\xea\xd0\x06\x8c\xa2\xfd\xce\xbc\xbc\
!\xfdX\xae\x84i;\xadw\x85\xa1\x01\x10\xf6\x03t\
v\xb5#8\xaa\xc5?J.\xe1y\xcc\xbf\x0b\xdb\xbb\
n\xe5\xd8\xb4\xddS\x0b\x22A\xab\xcfJB\xc3\xc3\x1b\
\xdf\xf4&aE~\xf6s\x9f\x93\x82\xa2]T\xc8\xad\
\xbfa\x99h\xeb2\x06\xe7\x0c\x15r)\x8f\xfe\x9b\xbf\
\xf5\xdb\xf8\xf1\x0f\x9d\xc7#\x8f<\x8a\xbf\xfe_\x7f\x8d\
\xaf>\xf8\x00\xcal\xbc\xe1S7\xdf\x18f\xdaIk\
l\x8d1\xb0a\x82\xd4V\xd4\x83P\xe31\x98\x0a?\
;\x9fj>\xcb\x7f\xc3\x98\xca\x15\xf0\xc07\xbf-\xaf\
\xcc\x1f}\x1c\x1b\xd6o\x10,\xe1\x87\xde\xfb^\xbc\xfd\
\x1d\xef\xc4\xc4\xe4$\x1e{\xec1<\xf8\xc0\x03\xf8\xee\
w\xbf\x8b\xff\xf1\xb7\x7f'\xaf\xad\xeb\xd7\xe3\xfd\xef\x7f\
\xbf\xbco\xfb\x9e=\x92\xa6#nbk\x22\x96\xc2\x80\
\xb1g(\xf3+ \x98\xad\x1a\x09\xeai\xb1\x16\x06\xe8\
p;0\x94\xd9\x84\xeeT\x0f\xc2\xe8@(\x91A\xac\
\x97\xec\xc1\x88\xcc_\x01*\x89\xd7\x18\x07\x92\xf7E\xf0\
(\x92\xe3\x8c\xe8+\x81\xf3d:\x86M\x1d+\xb1b\
m\xb74G=zt\x14\xe7/\x5c\xc0\xc9s\xe7\xe7\
Ua^R\x08\xa058\x0d\xf7\xd5\x8a_\xcf7\xd4\
\xd2\xe8\xc2)\xd5\x0a\xca\xcer\x80|~\x1a\x93\xf9)\
\x0c\xa4b\xfa`%\xfdab,39\xb5\xf0\xc0A\
\xb6R\xc6D.\xa7\xf1pS\x5c\x18,6\xc1\xec\xf9\
9\x0e\x06\x06\x8702<\x86w\xff\xe0{\x85\xe0S\
\x96zr f\xe8\x88\xa2\x10$se\x9eTP}\
\xa7o0\xa9Hf\xeaj\xcb`\xa8\xb7\x07\xebW\x0e\
\x89R\x0c\x95\x8b\x99\xaf\x15\x91N!9\xe9u\x09h\
\xc7\xa7U\xa7p\xd7}*\xa5\x83\x8ap\xa6\x87\xeet\
J$\xa7f\xfaBK\x1c\xcb`cZ\x19oj\x1c\
~\xe8c\x1f\xc3\xda\xf5\xeb\xf1\xec\xd3Oc\xc7\xf5\xd7\
\xa9\xd0\xc6\xdcL\xd3\x95\x1d&\xdc\xab\x89\xdar\x05\x03\
\xbd\xddx\xd7{\xde\x83\xdbn\xbd\x19?\xfc\xc3?\x82\
\x5c\xb6 jJ\x9c\xb4\xc7\x8e\x1f\xc7\xf0\xd8ET%\
M\xa6\x99(\xc9\xc1\xf38\xd2\x07en\xce\xc3R\xb9\
\xf5\xf9\x07\xf2Lt\x93&\xe7R7\xadB\xa1\x88\xa7\
\x0f\x1c\x90\xd7\x7f\xff\xd4\xa7\xa4?\xc0\xddw\xdf\x8d\xfb\
\xef\xbf\x1f?\xfe\xc1\x0f\xe2\xcc\x993\xf8\xa7/\x7f\x19\
_\xfd\xcaW\x85\xfe\xfd\xc9O~\x12\x7f\xf2'\x7f\x82\
\x7f\xf1\xc1\x1f\xc5\xddw\xdd\xa2\x1d\x91\x97\xec\x8d\xd6\xfd\
ZT\xcb4~!\xf8\x11\xeaT\xea<\xf5QC[\
\xbc\x03;\xfaoG\x7f\xfb\x16\xd1\xa6\xf4\xb99F\x18\
.\xf3\x1a\xa2\xd2\x070\xce\x823SP%\xa1\x88\x96\
\xd2\x8a\x07\x11\x04\x15\x94\xcb$\xea1\xf0$(]F\
iz\x1aq\xaf\x84\xcd\xeb{\xb0vM\x0fN\x9e\xb9\
`\x18\xae\x97\x91\x05\xa8/\xc2E6\x08eMI\x17\
Ii\xb6\xb1vu/\xb6\xae]\x85\xfe\xeeN\xec\xd8\
\xb6\x12\xdd\x1d\x09!=d\xa7\x86Q\xab\x16\xc5\x8d\xa5\
\x9e=\x01\x16\xe6\xeb\x9d\xa0*\xb4\xdfS\xe7\xce\xe1\xec\
\x05Z.\x12K\x9a\x00\x8d\x05z\x11\xd4hh\x22T\
HqED\xf4\xc4S\x07p\xe1\xfc\x05\x94\x992a\
l\x1e\xa6l\xb5.\xfcV\xf6\xb0\xd9\xab\xd1\x98^\x15\
|\xdb\x93\x09\x0ctub\xa0\xaf\x17\x9d\xed\x19\xe9n\
,\xd2a5\xa6\x91r\x12kE\xac;h\x80\xd2\x86\
vO\xab\x15e\xea)\x1c 7\x9dE\x22\x1e3$\
\x15G\x95\x83\xac\xcc\xf3\xe5\xd6\xbd\xcf3$\xff_\xab\
\x8a\xe0\xc8m\xb7\xdf\xae^\x87d+\xcc}xY\xbe\
\xb5q`)\xber\x88Y\x94\xe1\x044<\x01\x5c\xbf\
\x86\xdeT\x0c}1\xa0o\xcd\x00v\xacY\x81\xf1\xa9\
,\xce]\xbc(\x06\xe1\xc2\xc8(JM\xe1\x99\xe4\xb8\
e>\xccO\x0fo<Nm\x92a\xd3i\x92\xeb\x08\
9\xc8\x17K\xf8\xfa\xb7\xbf#\xaf\x7f\xff\xc9?\xc6\x8e\
\x9d;\xf0k\xbf\xfe\xeb\xf8\xb5\xdf\xf8M\xfc\xda\xaf\xfd\
:\x8e\x1d=*\x99\x84\x07I\x09\x7f\xf0kx\xe0+\
_\x94PK\x8c\xfb\x8cF3\x0b\x0f\x86\x00\xe5\x12]\
x\xf3L\xcd\xb4\xf0P\x91\x98\xbf+\xd3\x8fX$\x83\
T4-]\xb2\xd9x&L\xbe\x02\x01C#\xd6\x22\
\x8a\xca\xc4\xcd\xe4\xaam\xdb\xb1\x1c\xca\x95<R\xf1\x84\
\xa4Iu\xbe\xb0\x88.\x85\x89\x91S\x08\xb9\x15\xf4u\
\xb7\xcbg=f .\x87\x09h-\xab\x22\x8c\xf3f\
\xab\xe5\xa4y\x83\xa8\xb6s\xeb-{\xf1\x81\xf7\xbf\x09\
\x83]m\x08\x8b,\xb1\x87|Q\x0b\x22X\xe6[*\
\xe4\xb4p\x87\xe8\xaa\xebJ;.\xc9\xb1\xb2\xfd\x11\xa2\
X\xd1\xd9\x8d\xf3\xd5)\x14\xa8\xcf\xe7Sn\xda\x87\xeb\
D\x10\x8f&\x1a\xe9\x0d\xd3V\x8b\x86$\x99I\xa1\xe2\
C\xf8\x03#\xc3#\xa8\xb0++\xb5\xe4Y\x12)\x0c\
C\xdb\xd9\xa5!\x06A$\xd5n\xa2l8bG2\
\x19\xc7\xea\x81>\xac]9\x84\xdeL\x1b\x92\xd2\xcb\x90\
\xf8\x04\x0b\x95** j\x1a\x8d\xb0\xd4s\xce\xfd\x92\
N\xb3\xd6j\xcd\xa1hhT \xdd}#\xd2\xacB\
\xae[l\x8e\x99\x5c\x8b\xac}A\x80/qX\xa1P\
%c\xc5f0\x08\xb5\xac\xb4\xe9L\x97H\x05^\xca\
h\xaeHS\x81\xcc\xb0\x94Mg\xa7\xa6q\xfc\xf0a\
l\xdb\xb4V\x1a\xc1\xb0\x17$w\xb8\xaed\x12}[\
6c\xe7\x96\x8d\x98\xc8N\xe3\xcc\xc5\x0b8y\xfe\x22\
F\xc6\xc6Q\x13T]\x8e\xa4\xda\x126Ce\xceu\
\xbe\x19*`\xacLS\x9d\x07\xa21\xe3\x00cSS\
\xf8\xc6C\x0f\xe3[\xefz\x17\xde\xf6\xe67\xe3\xa7~\
\xea\xa7p\xef=\xf7b\xfd\xd6\xad\xf8\xc1\xf7\xbd\x0fG\
^z\x1e\xbf\xff\xfb\xbf\x8bG\xbf\xfb=\xb8,c\x17\
t~)\xa6R7\x85r\x99\x18\x9a\xaaE3~\x8f\
\x93\xdbB|\xdba8\x1c\x12\x96d\xba\xab\xd7tL\
\xe6B\xe7\x1c\xe5\x1c\xabJ)=\xe5\xf1\x84\x1eM2\
\x9b\xa9\x96e\xcd\x0c=\x04\xee\xfetRuND\x90\
Jw\xa2R\xc8\x22\xef\x8f#\xc2\xd2nn\x9a\xc6#\
\xb5[\x92\x0dM\x96d\x00\xc4\xfd2\x0a\xb3\x0b7\x02\
e\xaa$\x84R%\x8b\x1bvn\xc1\xc7>\xf0vH\
\x9by\x87\xe0S\xa7\xea\xc4\x95}d\x92q\xa1@\xca\
&G7\xdc'U\xb2\x06/\xcf\xea<\xb5\xd2\xb7\xee\
\xde\x8a}\xdb6\xe1\xdc\xe8\x08N_\xb8\x80\xc3G\x8e\
#\x97/ax$\x8b\x83/\x9dD\xe0D\xa5\xce\x9f\
;g\x22\x99F,\x99\x16\xd6\xe0\xb1S\xa7\x85tA\
CEpL\xe2\xc5&\x8ai\xe3\xcc\x0dK\xca\xa8\xb3\
\xf0Ft\xa5R\xe8\xeb\xe9AoW\x17\x06\xfb{\xd0\
\x91N\x08(Y\xab\x94QaMw\xbd\xa0\xc2\xb2\xe8\
5>\x9a? j\xdd\x8f\xcd\xde+!D\xd9\x1e\x89\
uve\xd3\xebet\xc7\x1b\xca6\x97N\xef\xbe\xac\
\xef\xe7\xff\xf1\xb1\x84\xa28u\xe2$\xa6\xa6\xb3\xe2\xea\
\x92\xd2\xe2\x90'\x10\xb0'D\x11\xe5JIu\xf3\x93\
1\xec\xde\xb2\x19\xdb7n\xc2T.\x8f\x8b\x17\xc70\
:1\x8e\xb1\xa9I\x8c\x8dOh\x98\xd6d\xa8\x1a\xdd\
#,\xfc\xe2\xcc\x14\x89\x15Z\xae_\xe7\xc7\xf0\xf7\xe4\
\xa8p\x93\xf9\xfc\x97\xbe\x8co|\xfd\xeb\xd8\xb7\xefF\
\xbc\xef}?,\xecK\xb6\x07\xdb\xb6}'\x8e\x1d>\
\x86\xd1\x91Q$\xe3\xc9%^\xa8\xb6\x07+\x16\xb8y\
4b,F\xf8\xf4n\xe3\xe1\x14\xa2nL\x19\xa3\xb6\
?\xa60\x0d5\x98\x15)\xaf0kf\x88E\x96\xea\
\x1d\x83DO\xd3\x8dJ\x87 \xa9\xad\x90\xbe\x03\xa6\xe7\
\x84C\x8f\x81MTCH'H3\x0e\xa1d\x18\x87\
\xb3S\xf7Kc\x02\xba\x04\x1d\x94$\xc2\x09;?\xdf\
\xccA\xcd\xaf!\x9d\x0e\xe3\xbd\xef|\x03:\xd2\xec\x83\
VC\xa6\xa7\x0b\x91T\x07\xe2\xd1(F\xa7\xf2\x88\xa4\
:\xd1\xd6\x9bD\xa5T\x16\x15\x14*\xa4VKEq\
\x09Y$A\x19p^\x14k\xc8\xd7\xae\xee\xc7\x86u\
\x83\xb8c\xff\x0d\x9a*\x0aG\xf0\xb9/\xfd3\xfe\xea\
\xef\xbe\x8a\x92\xef\xa2\xad\xa7WH-O>\xf1$\xc6\
&\xa7\xd4\xa3\xa8\xd7k\xb7\xd8\xba\xacr*\x8b4|\
-\xd1]34\x88M\xabWa\xb0\xb7\x0b1\xd2+\
\xa9\xe4\x13\xd4P+\x15\xa4h\xc8\x02Qs\xaey\x91\
\xddf\xd1{K\xfa\xab\xb8g\xa6\xe7\xfd\xd56\xb4\xcf\
\x15^8\xf8\xa2\x10e\x92R\xcf`\xc4O\x0d\xe9\xc9\
\x0eV(\x16\x8b\x0c\x19\x02\xf4D\xe2X\xb1~\x0d\xaa\
\xce\x1a\x94\x02\x0f#4\x04\x13\x13\x18\x1d\x9b\x90\xeeQ\
\xe1PTd\xb28\xbf\xe8M\xe4\x8a\x05TL\x06A\
\x0d\xc3\xcc\x8c\x8a\x0e\xed\xd7'\x84\xaf\x90#\x99\x89\xaf\
}\xfb\xdb\xf8\xcew\x1f\xc6\x9f\xfe\xf9\x9f\xe3mo}\
\x0b\xfa\xfb{\x90ikG!W\x10\xefA:J\xcf\
m\x10^?\x9e\x10\xbfTMD\xf4\x00\xe9\xe4\xa9h\
\xa8\x86\x7f\x11\xc4\x91N\xf4\xc3\x05\xc9<\xaet\x8d\x9e\
\xb3DMX\xc9\xcd\x8e\xa1-7$y\x07S\xb8\xf4\
&d.\xcfB\x8eBl\x1b\x16\x17\xed\xcd\xde\xfev\
$\x12ad\xb3U\x93\x0e\x0c\x96c\x00\xf4\xb0F\xd5\
M.V\xd8P\xf3\x0d\xca\x1d\x97\x8b\xd8\x7f\xeb\xf5X\
\xb7\xaa\x0f\xe5R\x05\xf1\xce>\xa4\xda\xbbU\xfd'\x1c\
Cw\xef\x0a\x1c?q\x02\x9b6oE\x9c-\xa8H\
>1\xcd\x0f\xfcZ\x05'\x8f\xbe\x84L\xba\x1d\x91p\
\x14\xe5J\x19e\x8fb\x90\xaa\x9f\xc6\x07\xc4\xca\xbc\xb7\
\xbd\xedM\xf8\xf6\xa3\xcfc,\x1f\xc5\x85\x8b\x13x\xec\
Ie\xf7\xd9\x85\xdf*&\xb4;\x00\x1f\x1a\x8d!\xaf\
b\xfd\xe0\x00vn\xd9\x84\xbe.*\xb0VP\xad\x95\
%\xad\xa6\xf4g\xed\xa9\xfe\xf2\x0aN0\x04\xd0\xfb)\
\xb5\xf9\xb4\xe0\x92\x0bW\x82\xc8+\xbf/\xbf\xc2\xc3\x5c\
\xe0\xe1c\x87\x11O\xc6\x84&^#pg\x5c\xeb\x19\
\x1dl\xc4 (_@<\xb2\x0a9\x0b\xea\xc2\xaf\xca\
\xb4c]W7\xbc\xf5\xccf\xd2m\x0e#_(b\
*?\xa5\xcd@\xc3Q\x5c\x1c\x1d\xc3\xc9\xb3g06\
\x95\xadcH\x8e\x00\xcc\x0an\xcb\xb2\xac7\x93\xd6\x9d\
\x97$\x1c\x22\xecO>\xf3,\x0e<\xfb,\xda\xdb;\
\xb0z\xf5*\xdc\xb8w\x1f\xce\x9e9\x85\x8b\xc3\xe7\x10\
\xb1\xad\xed\xed\xe7f\xe8-j\xfa\x97s\xbfR&X\
g*i\x03\xf5t\x1d'\x86\x88\x9b\x04j\x0c\x83U\
\x8e\xbee\xc1\x8b\xedX\x22\xa0rC\xbf\x82oV\x1c\
d\xf6.\xa45(\x5c\xab==\x9d\x88\xc6B\x08\xb2\
\xad7\x98%\xe9\x01pa1\x8e\xe6\xdda\x8e\x9e\xd2\
^\xb37W\x91\xe1\xf2<\xf4t\xb7\xe3\xde\xbb\xeeB\
*A\xf79\x84t\x86 \x04\xe3\xe7\x90Ho\xb7w\
t\xa16X\xc5K\x07_\xc0\xaa\xb5k\xd1\xde\x96\x91\
2R\xa6-\xce\x9c<!\xf1K\xcf\xe0\x90\x00l^\
]\x0c\xb3\x22\xbd\x04\x89\x9d\xd2HT\xbc*\xf6\xde\xb8\
\x17\xff\xfd\xef\x1e\xc43O\x1d\x14\x110\x9b\x1e\x9a=\
,\x9b\xab*\xea\xaa\xc0\x8a\xbe\x1e\xf4u\xf7\xa0\xaf\xb3\
\x1dk\x87\xfa\xc4\x00\xd5\x8a9\x05\xa2\xacX\xa4q\x1e\
(\xa5\xfdr\x0ek\x90\xa5\xe9*\x05W\xe59k\x06\
E\x9f\xf9<^\xcc\xebd(\xc5\xb6\x86\x93g\xce\x88\
\x149\x15sx\xcb\x1d\xe3\x0d5\xdb^\xcb\x10\x94d\
\xa9\x118\xb5\x80Z\xb5XB\xb5\xa0\x98\x06]c'\
\xe4\xa1=\x15E[\x9a\xba\x84\x9e\x84\xa5\xab\x06\xfb\xb0\
KB\xcaq\x1c=q\x12\xe7.\x5cD\xc1\xf4~\xac\
\x8b\x89\xc8\x17I\x5c\xda\xc0`\xc5\x10\xa8\xa4\xdb\xc8\xe4\
$\xa6\x0b\x05\xc1\xa46oZ\x87Uk\xd6b\x9az\
\x15\xd9\xa2\x9c\x17]\xf5\xc0\xe7\x86\xa6\x98J]BN\
R\x7f*&\xa2\xec\x05\xb2\xf9\xb48\x8d\xbd\x0e%\xc3\
&\xb8\x94iUV\xbf?\xd6\xf1l^\xbc6\x0c\xa5\
7ct\x9b\xb4\xbc\xa0\xe9\x1aB\x08\x87\x22\xa8\x06\xa4\
\xdf\xbb\x88\xc5(\xc3\xcf\xd0\xa1\x1e\xc4./\x04\x08\xbb\
\xc6\x00\x988\xcbRw\xd1\xa2\x8e\xff\xc6\xebn\xc0\xc6\
5+P\xad\x16\x91n\xebE\x8c\x05&\xc6\xe5\x91g\
V\xf3\xd0\xdd7\x80L[\x1b\x86/\x9c\x17\xe9o\x96\
YRf\xab\xab\xa7\x1f\xdd\xbd\xfd\x08\xd8V\x95\xddO\
I\x11\xa5\xec\x91\x90\x11\xd4\xa5\xaa\x14&\xe0\xe7'\x91\
+\xe6\xf1\xd8\x13/ B=\x01\xa6O\x9a-\xaf9\
\x1f>\x00\xc6\xf7\x1c\xbd\xdd]X74\x88m\x1b6\
 \xe6\x92\x99UB\x85\x5ckq\xc3\x9b\xf2_\xaf\xe4\
z\xb3-\xceL\xabo%\xec^B\x1d\xee\xf7\xe9\x90\
\xbc}\xb5\x8c\x8b##\x92\xafg\xdf\x09W\x12\x12\xb6\
`x\xd63m\x1a\xda\x0b\xc1\xfc\xbe\xce^6\x0c\x8b\
\x1aK\x7f\xcbF\x1b\x9f\xcd_\x03T\x8bL\xbd\x86\xb1\
\xae\xab\x0b\x1bz\xfb1\x95\xcf\xe2\xc8\xd938t\xea\
,&sy\x01u\x19\x93\xd3\xfd'dTW-l\
\xfa\x1an\x84\xec\xf6t\xf0\xf0\x11\x1c;q\x02\x1b\xd6\
\xaf\xc6\x9a\xd5k\xd0\x97\xe9D>\x9bE!\x9fSu\
_\xa9\xbck>sr\xf5Y\x91\xda /\xf1\x0f\x22\
\xf7\x04\xf5d\x9e\x8b\xba\xcf\xf2\x81\x9f\x96\xe1\x07=\x05\
\x93Mb\xc8\x9eN&\x11rTe\x18\x97B\x04\xb2\
\xa5\xa3!WS|\x8a\xe0\xce\x1c\xe48\xb3\xc1\xc1\xb6\
\x0d\x83\x88\x86\xaa\xa81\xc2\xc9\xb4\xcf\x91\xab\xa2\x0bD\
\xe0\x8f\xa5\xc0+\xd7\xae\x83Wf\x0f4\xed\xbc\xc2\x1a\
}6\x81p\x1c\x15^P8Z\xd8 \xe6\xc3aT\
\x03\x07U\xbf\x8c\xd1\x91\x8b\xf2#\xcf\xb8Y\x0dk\xa9\
\xad\xbe\x85\x0c\xe48\xb8\xe1\xfa\xdd\xf8\x91\xf7\xff0\xde\
\xfd\xcew\xe0\x0f\xfe\xdd\xbf\xc3\xc4\xc5a\x84\x93q\x04\
\x01\xe3\x7f\x83p\xbeJ\x83\xee\xa2\xf4)\xf4y\xef\xb4\
\xef\xdc\xab\x80\xc7\xbd*Cvt\xd7E>\x97\xc3\xc8\
\xe8\xa8hE\xce\xa7[\xb7\xf8\xc1\x1a\x7f\xb5L\xc6\xe6\
H\xbaN\x17\x0aj\xca\xbas\x1c\xa4\xa2Q\xec\xdb\xb1\
\x15\x9b\xb7n\xc0\xd8\xf8\x94\x94\x15\x1f>zR\xbc\x02\
\x9bU\xb0\xd9\x12\x09\x0dl\x87#\x83O\x10\xdbz\xe1\
\xa5c8z\xe24\xd6\xacZ\x8d\xf5kVI\x07\xa9\
b>\x8fH\xd8\xd0\x99\x9b\xa7\xae\xe7\xa0\x94\xad \x08\
\x12\xe2\xfesc\x8aF\xb4\xbaP\xf9\x22\x8d\x9e\x97\x97\
?L\xd3\x12v6\x8e\xc7\x90\x8e\xc5\xa4V@~c\
\x0d\xa7\xe1\xbf,\x9a\xc8\x94\x13\xb2\xa9?\x03`\xb4:\
INbi\x1d\xce\x8e>~\x80h,\x0d\xd7L\xea\
\xd9C\x8eEeU\xe9TCQC\xe60Y\x97\xd3\
\xe0\xb2\xeb\x9f\xb4O\xa6q\xa8y1\xfec\xb1\xc6\x8d\
7\xecBwoJA\x11Iq\xa8\xd5\xe6\xe2O'\
\x13\xd8\xbai=\xf6\xed\xbd\x0e\x9f\xfao\x7f\x86_\xfd\
\xf5\xffC\xd2!\x87_z\x09\x89\x88\xe0\xaf\xd2\x93\x80\
i:[\xe9\xd5l\xe9_\x89a\x0d+\xc9*D\xa6\
((\xba\xecn<\xdf\xc7C\xdc\xe3H\x04\xe7\xce\x9e\
\xc3\xf0\xf0EDZ\xd4 8\x8b\xbe\x96\xf7\x9f`X\
\x5ch\xa4\xe3\xb2\xeb\xf4\xf8$b\x852\xd6d2\xb8\
}\xd7n\xbc\xf5\xae\xdb\xd1\xabi\xab\x19\x8dT8\xa7\
\x84\xcdj\xd6\x815\x04\xc4\x88X\xca{\xe8\xc8Q<\
\xf8\x8doaR2\x19\x09y\xbf\x95\xe0V\xc7\x84\xaa\
\xd8@\xa5Dp\x99\x15\x81D\xf4k\x08\xf9.\xc2N\
\x18%\x86\xb5\xec\xf9\xd0bc\xbd\xb4\xa1>:\xbb\x0b\
w\xb5\xb7c\xcd\xcaUuy\xbc\xd9&v\x89\x9d\x81\
4O/|\x11\xc3b\x9b\xfd\xa0\x5c\xa2\xe5\x01\xa4\x81\
\x07w\xe9p<%n\xdd\x8c\xb0\xdc\xc4D6vS\
\xfbc^\xd2\xdb\xcc\x10\x1ch\xbd\xe4\xc7\xfcBB\xa7\
\xe6E\x0c\xa0ZEP\xab`\xfd\xba5X\xb7f\xc8\
,`\xbd8\x96\x1bo\x5c\xbb\x06\xb7\xdd|\x13\xb6l\
^\x8fj\x85=\x05\xc7\xc5\xc3x\xe1\x85\xe7166\
\x8e\x84\x1bU\xdcG\x16\xbc*\xdf\xd0\x10\xd4_\x86\xb5\
{%^\x0b\xb0%@g\x8aC(\xd6\xc9\x94(\xd9\
\xbc\x5c\xc4\x9f\xd7\xec\x08\x85\x90\xcb\xe7\xa4#\xb3b/\
3]~\x8af\xce\xf7\x0a]\xea\x7f4\xfc\x81+\xf9\
w\x97d.\x8f\x94\xf3\x12r\xd3S\xe8H'\xb1w\
\xf7\x0e\x09E\xfa\xfbz\xf0\xcb\xbf\xf8\x0bx\xef\x0f\xbe\
\x13\xbd\xdd\x9d\x9a\xa91J\xd1r~\x86\x99G\xecH\
\x98\xa5\x9e\x8f\x03\x07_D\xb9V\xd6\x82![\x9cO\
\x8f\x99\xf4pf\x95\xc451b 5Nm\xe2\x0b\
l\xf2\xc9\xc0\x85<\x10\xce?\x96\xffr^Z\xe9\xef\
\xa5\xbd\xa83 Z\x03bDX\xd7\xc2\xa6:e\x09\
\xaf\xa9\xb1\xa0\xacS\xd3\x1e\x9c\x17\x10,\x87\x07 \xae\
\x90$m[\xbfAXM\xca\x15\x90\xcb\x0d E&\
\x0b\x17\x0c.?\xde\x11\xabL\x1d\xf5\x9a\x8ft4\x82\
\x98Q\x17\x22\xc3\xafg\xa0[*\xc1\xa2N\x80Bn\
\x0a\xe3\xa3yi\xba \x0dA\xdc\x10\xc6'\xc6e\xb2\
i\x19\xa5\x85\x93$\xf9\xf3\xaa\x00m\x16\xbde\x13R\
6\xd3X\xb1b@\x94j^\x8d\x9c\xfc\xab6D\xd8\
TKo\x13\xb1\xd8\xab\x03}8\xea\x891\xf6\xa7\xb4\
\xfb@o/\xda\x13q\xfc\xda/\xff\x12~\xe57~\
\x1b\xc5\xe9qa\x03~\xe6\xb3\x9f\xc5\x17\xbf\xf4e\x1c\
=v\x0c\x15\xe1\xf5k\x85\xa0\xe0\xb4\xe4\x91\x84B(\
{>F\xc7&\x85CR\xae\xb2H\xcb\xd6\xe3s\x8e\
i!\x1d}\x87\x80\xba\x89\x92\x90\xd4\x0d\x8f=\x18\x14\
\xf05\xa7$\x996mh\xba\xa4\xf9\xc0k K\x90\
r\xef\x04\xcb\x05cdMMM\xc1@\x12\xab\xec\x10\
.\x80]\xc7\xc2>X\xc20\x08l\xbd\xe7}\x8b3\
 \xc7!\x12\x8f!\x1e\x89!\xa8\x99\xca\xbf\x05\xd7\xd5\
%<n\x13\xef\xf3\xb6\xc5\x10BO{;\xd6\xaf^\
\x89=\xd7\xed\xc0\xba\xd5\x83l'\x84R!oRi\
\x81\xb4\xb9f%\x18G\xb1XB\x892P\x86\x03\xf0\
\xea\x0f\xdd\xc5r\x85\x02\xae\xdf}\x1dR\x1d]b\xdc\
\xae\x16\x03`\x856O\x9d9\x8dr\xc9\x93\x06\xac\x97\
\xdd\xf2\xeb\x92O\x06u\xcc\x88\xe7\xc0\xb6f\xec\x05I\
\xcf1\x02\x17\xb7\xdc~\x17\xfe\x9f?\xf8\x7f\xf0\xb9\xcf\
}\x0e\x1f\xfc\xc0\xbf\xc0\xfa\xb5\xab\xd0\xdd\xd1&\xbb*\
\xc3]\xe5\xf57\x97\xa1\xb3(L\x8b\xe0tu\xea\xee\
K\xda2\x01?\xe2\x8dd\x10\x88\xb0\xaf%&\x99\x0d\
\x91\xff?1:\x8e\xb1\x8b\xc3\xa2f\xb5\xe8=\xa1'\
R\x0bp\xfc\xe0K\x18\x1f\x196\xa1:\xcb\x8eY9\
\xc80\x86\xa5\xc6%\xd5A4\xbd+\x9b\xc7\x92\x0c\x80\
6\xe9`\x7f7\xcb\x0bhu\x13Y\x90\x10\x96\xdd\x98\
d\x0e\x8b\x1d\x5c\x1e\xa4=38o\x8a\x1e\xa4\x1a\x8a\
\x12R,(\x89\x10\x03\xa8Te\x07UY-\x0a\x8b\
xh\xcf\xb4\xa3\xbd\x8d\xed\x9c\x02Q\x05\xaa\xb0\x92\xd1\
Y~\xa4y\xe9\xaf\xf9\x87\xf6\xf6c\x13\x88\xa2\x96\xe3\
\x8a8\xc4\xd53\xecs(\x11\xd3y\x99Y\x8f\x0b\x0d\
\xc7\xb4\xd9\xe2\xbcbZ\x8dH\xfe\xc8TV\xce\xcb6\
\xd3\xa4HK5_\xc4\xa6-\xdb\xb1u\xd3f\xf4t\
w\xe2\xb6\xdb\xf6c\xff\xbe\xeb\xb0z\xa8_\x04kY\
\xc8\xd3\xd5\x96\xd6\x8d\x92]\xa5EL\xa6\xa1\xb0D\x03\
@\xb2\x8f\x96\xd6\xd3\x0b\xd0\xd4\xc5\x8c\x99B\x16m\xa1\
\x8c\xcf\xfe\xfdg\xf0\x1f>\xf9\x1fp\xf4\xf0!i\xbb\
>\x9f\x11Pb\x5c\x14\x07\x9f;\x80\xff\xf6_\xfeB\
*\x1a\x85\xbc \x8a\xae\xc4,\xc2\xc2\x94%Q\xce\xb6\
d\xb3\xe2\xa1\xf6\xea\x97\x14\x02h)\xa6)\xc9\x9ag\
\x9a\x0a\xa7\x8bta\xa3\xec\x22i\x88:\xf3h\x99O\
\xd7\xca\xae\xce\xd0\x94\xb3$\x1fc'\xd9~\xb9TD\
\xa5\x98\x93\x9e\x85B\x1e\xb1o\x0f\xb9\xd2Jk\xb0\x7f\
\x05\xda24\x00l\x05^\x12J0E>\x9a\xa9\xfb\
\xad\xc4\x16_\xa9A\x17\x8d\xa7\x9dH\xb0\x83\xef\xd55\
l\x9aM\x042M\xb7\x9fWc86\x06\xb0\x90\x93\
)\xd7\x9d\x98\x18\xaf\xff^;\x0a\x93\x8dX\xc0\xf1\xa3\
\x87091\x8ah$\x84\x8e\xf6\x14\x06\xfav\xa2\xb0\
\xa9\x8cB>\x8f\xe9lV\xd6\x1fSo\xb5\x9a-\xd3\
\xb6J\x07$}\xb9&)I\x16\x1fcw\x0a\xc5\xda\
\xf9g\x8aR\x82\x90,\xd8\xd1\x8b\xa3\xf8\xd2\xe7\xbf\x80\
\x9fZ9\x84x2)\x99\xb39\xf7\x88=.\xf3\x05\
|\xfb\x1b_\xc7\xf0\xc5aD\xc9\xb7\x91\xc3\xea{\x89\
\xa9Q\xf3A+y\x8d2p\xd3\x95\xcb5/~\x83\
tA\xce\x94\x1dn\xfd\xb0\xb8+\xd3\xc5a~\x97\xd6\
\xae\x09m\xd3\xff]\x82\x8b7\x97\xd9g\x5c%c\x08\
\x18\xbb\xd5\x7fl\x1e\x18\xe3\x1fr\x12\xa4-\xb8(\x0f\
\x93W^QC\x86\xd7\xd00\x93\x9f \x8dE\x9e\xaf\
\x96\xa1\xde\xa4\x87\xcd[6#\x96 \x1dz\xf9\x22\xb3\
Wr\x04f\x99\xaa\xa2s\x8b)n\xe6u\xadRS\
\xf9\xadj\x19\xd3\x93\xe3\x18\x1e\xbe\x80r\xb9\x80L[\
\x06==]\xe8\xee\xe9\x92B8\xa3db\x18|z\
@J\xd4\x114\xa4\x16\x86 jlv\xdb\xccw \
\x16\x92Ia\xfd\xdauH\xc5\x228~\xe4\x08\x9e\xa3\
\x86e\x0b\xf6\xad\xa4'\xa3\x11<\xfb\xf8\xe38\xf6\xd2\
\x11t\xa63J\xd3\x97\xef\xb5\x8dB]\xbd\xaf\xe6Z\
f\xcb\xae\xcbe-\xe9\xe6\x08\xa1fq\xb0LD\x0a\
\xea\x0b\xb2Qw$]\x80\xa4\xd4U{\x02,i\xc7\
5^\x80\x13\x89I,4\x97\x86\x1f\x88{\xa3\x1a\xef\
M\xc3b\x0f\xbe\xaf\xc8\xba\xd40\xb0\x09\x08\xadn\x93\
\xe4\xf4k`\xf0\xdc\xc9\x81?s\xfa4\xae\xbe\xa1S\
?\x91L\x0a\x0d\xba\xd10\xf4U\x8b\x05`\xfb\xaap\
\xb9u\xb6\x9bN\xc0&5+\xe6\x8a\xa9\xc32Q~\
\xc35aj\xd0\x0d\xa1\x5c\xadbb|R\x0a\xdc\xca\
\xc2\xf9\xf7g\x14x\xd94\xa4ti6\xd9\x0e\x91\xf5\
2Ls\x01\xe5$$`j\x00\xd8\xb0a\x1d\xda\xdb\
\xda\x04\xd4{\xea\xd1\xc7\xa4\x81\x8c\x02\x83v(\x87\xa2\
<5\x8dG\xbf\xfb]\x89\xf7\xdb3m\xd2\xff\xd2\x94\
\x99\xd6\x9d\x0a{q\xbc\xbf\xb6/B\xf3=\x9e\xd7\x00\
\xcc^\xa6\xb4\xcfb\x02$\xc7i\x18k\xcdL-!\
=Xd\xddx?\xd2E\xc5E~\xba\x80\xbf\xfd\xeb\
\xbf\xc3\x03_\xfe\xa7\xa5e\xba4\xc8\x97b\x8eS\x87\
\x0ea\x9a\xfaof\xb7\xac\x1bK\x93\xa3U\x03\xa3\xde\
\x80\xf0\xabyn\xa2\x07\xee\xa0\xb7\x8f\x8d.5\xd6b\
\x8a\x901S\xab\x5c\xe8\xab7\xf4\xc10\x13P/K\
\xbbJ\x86-L%@E\xaf\x91Y\xa3W{\x04\x86\
\x82-e\x19\xcd\xb5\xfeF\x00\x97\xb2`\xc2\x0d\x10\xd2\
\x09s\xfb\x81t\xe6\xa1\x16\x04\xdbz\xd13p\x88\x97\
\xd9\xa8\xa2\xee\x01[\x199\xd3\xd5X\xbcZ-8\xe3\
|\x0c\xbbJ\x83\x96T\xb7_E\xff@\x9f\x88\x9e\xb2\
\xce\xe0\xcc\xc9\xd38u\xfc\x94TM\xaan\xa2*t\
\xb13\xd7\xa1\x17_\xc4\x99\xd3gd\xe3]\xbbv\x1d\
\xd6\xaf\xdbP\xff.\x1bZX\x857\xd9\xc4\x09\x0c\xce\
\xba\xe6\xa5e\x01\xe4\xc4U\xd5\x8e\xff)\x16\xdf\xaa\xd2\
\xae\xf9OSn\x09\x17\x85\xe9\x02^<\xf0\x22\xbe\xfa\
\xe5\xaf\xe2\xd4\xf1\x93@\x98J\xa6\x0b<\x86\x90\x83j\
\xb1\x82\xcf\xfe\xdd\xa7\xf1\xe7\x7f\xf2\xa7x\xec\xbb\xdfS\
\x8bb\x1a\x1d(\xcd\xd7\xb0\x13\x8d\xc7a\xc5\xb7\xf9'\
\x91O\x82\x96\x94\xbb\xd6\xbb\xc5\xa6\x9d)T\xab\xdau\
\xe8\xb5\xb2\xce\xa4\xb0\xa5\xa6-\xb5\x1b\x09\xda\xabc\xd8\
K\xd5g\x182\xd5\xa6\xaf\xeep\xec\x0c\xaa\x17\x02\x98\
\x0dC\xf6\x19E\xd0\xc5i\x17\x8d\x04\xc3\xf3\xb7/y\
\x93i\xbe\xa1\x1d\x00fH\xe7\xdb)'\x9b\x93\x18\x0f\
\xfe\xe1I\x07,\xd7!\x11\x8eRr\x15\x11\x01Mw\
\xb6a\xdd\xba\xb5R\x10W\xcc\x97\xf1\xe2s\x07\xa46\
\xc66\xc7\x10/\xbbR\xc5\x81\xa7\x9f\x95\xcd\x83\xe4\xa3\
]\xd7\xefF8\x9d2\x9b_\x83\xbcgChU\xaa\
\xb6\xe7\xd3Td\xb5\x94\x1b\xa3\xda\x97Zq |\x80\
\x85&\xaa\x18\x8a\x0a\xbc\x9a\xea\xbaq\x90\xe9\x97I\xa4\
\xe0\x95*x\xfc\x91G\xa9\xbc!\xc5C\xad\x86\xa4K\
B\x11<\xfe\xf0\xf7\xf0\xd8#\x8f\xa3R\xa8\xa95\x93\
\xd0\xc6\xf4\xb6\xb7\xc5\x166R\x98s\x0cmE.\xf4\
b\xe3r\xf4\xf4\xf6\xca\xfbY\x14du\x00^\xf5\xc9\
/\xd7\x01y\x80W\xe7`\xee\xbd\x86J\xb5\x22\xcc8\
\x1d\xaf\xae\x15\xf4\xa5\x14\x5c\x15\x83\xea\xc3\xa6\xea\x9a\x84\
SD\x84f\x19\xc7U\xba\x00Ky\x8d\xfe\x82\x1f\xa0\
B\xdbBQ\x16\xaa`W\xcb(\x97\xb2\x8aD\xbaa\
l\xd8\xbe\x1d\xe9\xf6\x8c\x84\x89\x07\x0f\xbe\x88\xe9\xf1q\
\x09\x03\xe4{\xc3aI\x15\x1e?\xc2\xbe\x90a\xac\xdf\
\xb4\x11\x9bvl\x17>\x82\x9e\xab\xd5\xed0\xde\x869\
\x87V2\xfeK4\x00\x01j\xa2\x8a\xaa\xf4\xc8\xf9\x16\
\x0f]\x0cj\xa6Q\xbe\xb9Z-\xe8e\xbbL\xf5\x14\
\xc5\xe5aW\x9c\x03O>\x83\xd3G\x8f\xc11}\xee\
\xe7\xf2\xc3#\x98\x1a\x19\xc7w\x1fz\x04^9@g\
g7V\xaf\xa5L\xb3\x96n\xd63\x01R\x1aj\x1a\
?\xce>\x86h\xb1\x93\x94\xc1\x86\x92\x9a\x17\xed\xe9\xea\
\x92C\xe4\xcbes,\xbc\xaaCz\xf2\xb1B\x91b\
\x17B?\xbd\xca\x86\xdc\xff\x10.\x5c\xbc\x80b\x81\xc5\
;V\x00\xf6\xd5r\xcf\x02\xd5\x944]\x7fblY\
\xd6|.$\xfe\xb8!\xa4S\xe9\xfan\xba\x1c\xccV\
\x5cp\xb2X\xc5\xbah\x16\x84\xb8\x9aP\x8a\x03\x1f\xd5\
RI\xbaF\x8b\x98\xac_\xc3\xe0\x9a5X\xbfi\x93\
\xc8\xfc\x0c\x8f\x0cK\xc7#\x0d\x83\xb9\xa6\x22x\xf1\xe0\
K\x18\x1b\x1eC*\x95\xc6M\xb7\xde\x82h[\x9bl\
\x90j\xa0\xc8Rd#\x12OEEM\x0f\xc8Vc\
^\x03`\xc3m\xdb\xd3\xcd74\xc5\xf9/P-\xa4\
v\xbb\x0d\xc1\xf3\xb8\x93k\xd9c\xba-\x8dx\x22)\
\xf4\xcb\xdct\x11O?\xf9\xb4\x82+\xb3\xda\x1d\x99>\
Ux\xf6\xa9\xe70|nX\xe2\xc2\xee\x15\xbd\xe8\x1b\
\x1c0}\x8e\x9a\xda7\x99\xder\xadv\x7fQ\xe6\xf5\
\xaa8\xf4\xd2\x8bZ\x99U\xa9b\xd5\xd0J\xa4\xd2\x09\
\x8cOO.1\xeeyy\x07\xef-\xbb\xbf\xf2\x9az\
\xd9\xd5\x96\xe35\x12\x9a\xbc\x12\xc3\xea(\xb1\xe1'\xe7\
<\x053^\xad,H\x88SK\x85{\xa4k\x13\x9f\
C8b\x0algL\x16\xeaah\xd1\x8e\x06\x9b\xcb\
;\xdf\xba\x1c\x99d\xaaY7\xa3\x92\xe1\xf4\xaai\x1c\
\xa8=\xa08\x95\x8fH\x22\x8a[\xef\xb8\x1d\xab\xd6\xad\
\x93\xef\x1a\x1b\x1f\x13|@\x8a|jU\x1c=\xf2\x22\
\xb2\xf9)l\xde\xb2\x11\x9bw\xec\x90\xe6\xb1\xf6\xbcx\
\x15\xbe_4\xf4eH\xf9\xbc\xe2w\xcb\xae\x06\xd4\x87\
$R\xcd\xe5\x0a2\xc9\x8c6Fl\xd9\x1eU\xbd\x03\
\x11|4\xde\x00e\xbe\x82\xc0E\xaa\xb3\x03;v\xed\
\xc4\xc5s#p=\xe0\xd0\xf3\x071ya\x18\x1d+\
z\x84\xd7\xdfh\xdb\xec\xa2\x9c-\xe0\xb9g\x9f\x13Y\
\xf0x2\x8a\xd5k\x87\x90\xe9H\xcfhl(\xb5D\
,\x01\x16\x89\x95\x99g\xa1r]F@B\x9e.u\
\x08*\xe8\xef\xeb\xc3\xd0\xc0\xa0L\xb8*O\xf1\x12\x15\
\xc7\xaf\xc80\xbb\x09\x95j\xd8\xbal\x15\xb5\xe7\x8d\xb8\
\xc3\xd52\xecT\x144\x9c\xc3\xb4\xdc~\xb5nBH\
\xc2L]\xa0T\xe5\x8d\xc6X\x9em$\xf0\x05G\xd6\
\xb0\x92XR},\xd3^\x09\x0a\x1fD$\x1b@O\
\x99\xd5\x89\x014k\xe0\xb9T\x93f\xcf?-F\xe1\
\xdaY\xb9~-\xde\xf7\xe3?\x86S'Oa\xc5\xe0\
\x0a\xd3Y\x22@\xd8\x09\xb0a\xe3z\x14\xb2\xd3\xb8\xef\
\xcd\xf7\xc1\x8dF$-)\xe2\xb9\xa25\xc0\xf5\xc1\x86\
&U)2b\xc1Ym\x1e/`\x09<\x00\x8d\xb5\
\xb3\xd9\xacb\x01\xa4\xfd\xce\xa3\xb8\xc3\x94\x96\x0a p\
\xbdR\x03M{\x93S$\xe1\xba}{\xd0\xdd\xdf+\
\xe9\x8b\xe1\xe1a\xbc\xf8\xfc\x0b\xaa5\xd6\xc4\xf2c\xec\
s\xfc\xd0a\x5c4m\xab\x18\xc3\x93\xdf\xcfT\x8b\xa2\
\x86\x16(#\x22k'\xcb\xdc\x8b\x926S\x06O`\
\xd7\x0f\x1a\xa6TW\x0f\xae\xdb\xb5\x13#\xa3\xe3Z\xd4\
\xf1*\xaf6\x860\xb9|^\x1e>\xeb\x15\x96\xd5k\
\xf1u0\xeaz\xf9\xd2\x8e\x0c\xe8\xef\xef{\x15\xcf&\
0jL5\xb8p\x91L\xa5\xd1\xc7\x94Z]\xffR\
\x95\x88B\xecC\x98\xc9\x5c\x9a\xa7\x22\xfdYiP\xe8\
\x193\xc9\xe5\xa0\xe6\xb1\xf7$\x89:\xfa\x16\xeaRX\
P\x9b\xf5\x02T\x0d\xee\x1d\xec\xc1\xde;\xf6ap\xcd\
\x80\xf6\x9a\xe4/k\x1en\xb9\xf3\x0e|\xe4g\x7f\x16\
+\xd6\xad\x06\xbc\x129A\xd2lD?\xac\x05G\xb4\
\x04\x0c\xdf\xb9y7\xe3\x17\xcdc\x09\xde\xb0\x1e\x94h\
\xb5M\xc3\xb5\x8a\xbd9h\x00\xc4\x08\x98\x22\x1b\x05J\
CR\xc1\xd7\xd97\x80\xdd{\xf6Hg\x15N\xfa#\
\x87^\xa2\xdf\xa7`\xa0\xacFW\xca\x81\x9f}\xf6\x19\
\x14\xf2Y\xfe\x0b\x83C\x83X\xb9fu\x0b\x8f\x83\xb1\
\x1a\xcb\x1d\x9b\xc44\x9b/\x8a\x12\xe3\xe10\xda\xdb\xb4\
\xc4\x96\xef\xa3\x02\xdbM7\xdf\x84l\xbe\xac\xd4\xc8%\
J:\xbf\x5c\x83\xe7\x9d\xcd\xe6\x84\x1cB5\x9c\xab\xa9\
\x14\xb8y\xd4\x9b\xab\x1a\xfe\xc6\xabi\x97C\xb2Hk\
\xd2u\xb7\xbb\xabSb\xf1\x19\x8b\xc6Ua\xdcK\x19\
\xd2\x05\xc8\xb8\xfcZ\x1b\xa0\x19\x03\xc9\xacI\xb3\x0f\xd5\
\xb2\xackV\xda0\x97*\xd4\xdc\xddE\x11[;\x22\
\xd5\xcf7BL\x80^\xf0\xcc\xbb&8\x99\xb9\xafl\
HR,\xd9\x1a\x93\x16ke\xb1\x13\xb78\x00\xd3g\
\x94\xe6\xb2\xae\xfe\xdc>\xf4\x0a\xa0\xd0\xcda\xec_\x0b\
\xd8\xdfO\x019E=k\xb8\xf1\xc6\x1b\xb0r\xe5\xa0\
\xdc\xe8\x93'Nb\xec\xfc\xb0\xec\xfa\x82\x86\x87\xc3\xd2\
*\xfa\xf0K/\xca\xef\xd3\xe9\x18\xb6o\xdf\x8aD\xaa\
MJ'mNU\xdbB\xb9\xa27\x98\xcf\x17\xb5Y\
\x841\x02\xcd\xc6\x80\xe2\x0c\x9d]\x1dZ\x8b!\xa0_\
\x15\xfb\xf7\xefGow\xbbh\x0d\x06<\xc7+&\xc0\
\xb0\xbcaKIK\xc5\x22:\xbb\xba\xd1\xdd\xd3#M\
Q\xae\x96B \x1d&?n(\xdc\xa4\xacj\xda\xea\
U:\x93@\xe7p\x8e\x1d\xa1\x1d\xa3\xcf`\xa4\xc9D\
p\xc6u152\x8a\xf3\xe7/\xa8\x02o\x0bV\xdd\
\xfc\xa3\xd1\xd1W\xeb\xef\x18\xebW\x11\xa3\x10\xa8\xc5C\
\xc4\xf3W\xc2\x1b1,U26\x9d\xb5\xa4!\xa89\
\x94\xa8\xa6h\x99\xb1\x86\xc5\xf6\x02l)\xb0\x9e\xb1\xee\
\xf8\xa4\x15W\xa5\xc3\x16\xeb\x02Z\xdd\xdb\xa5\xe9\x01\x88\
%\xf1\x0c\x0b\xca\xba\xd7\xcdi\x10\xdd\xa1\xab\xd5\x8a\x10\
;\x84,\xe4k\x97Z\xedRJ\x17\xaa\x82tw\x07\
\xf6\xef\xdf\x8bp,\x8c\xb1\xf1q\x1c:tH\x91M\
I\xa1\x06\xf2o\xcaC\x07\xa1\x00k6\xac\xc5\x96\x1d\
\xdb\xe6\xbd\xa1\xcc\xe9k\xeah\xee\xa2\xa9\xb71\xe7\xe4\
\xf2\xd8\xad\x87\xc5B%l\xdd\xb6\x0d\xeb7o\xc4\xe8\
\xf8\xf8%[\xf2+58\x89\xe8\xfen\xda\xb4A\xba\
\x02\x91\xbe\xfc\x9a!(\xbc\x02\xc3\xceEi\xb0B]\
\x84Ry\xde]\xea\x95<+G\xd2\xd6\xd1z\xb7b\
\xf3c\x19O>\xf9$\x8e\x1e9\x22\xde\xa5\xdda\x97\
r\xcc\xe69\xea\xf8\xbc^z\xae\xec4\xad\x1b\x01=\
\x00*\x02\xb3\xb5\xfb\x0c\xee\x80\xe9\xc9@\xcf\xbe\xe5\xcc\
\xa8\xf3nf\xd2\xf6$\xdd]\xad\x0a\x08\x98\xcf\x17\xa4\
\xc7\xa6z\x0esS\x97\xcbX\x05&\x96\xb0\xa4\x02\xc3\
\xc2\x93\xdf03\xe1\xb2\xf0\xa0\x86\xe9,\xeb\xf0\x15<\
i\xfe\xac\xec\xb5^\x09;\xf6\xee\xc6\xd0\xda\xd5\x02J\
0\x07\x5c/\x15\xa8\xd5\xa4o\xc0\x8a\xd5\xab\xb1c\xcf\
\x0d\xb8\xed\xde{\x90\xe8l\x170\xa4\x91\xbf\xac\xd3)\
$V\xe2wJMv\x8b\xb3\xe5\x02\x1f\x1b\x1d\x85W\
,J\x03\x87j\xa5\x8a\xb6\xcen\xec\xbe\xf1\x06\x8cM\
N\x98r\xe5W\x97\x0d\xc0v\xe5\xd7\xed\xde\x85H<\
.\xf1\xe1r\xda\xad\x7f\xbf\x0f{\xad\xdc\xf99\xc4+\
{\xb5q\x19\xc7\x91\x82\x1e\xa2\xf1\x0do\xcc\xfc\xe9\xd5\
p\x86\xaa\xc2\xe3c\xaaN\xbc\xccc\x0bu\xcex\x19\
\xda:\xde\xf2\x09Lj[@:\xf3}-n\x84~\
\xbe\xa9\x8bM\x8bw\xd8?<635R\xf3\xd9\x5c\
\x0e\x1e\xd5\x87\xd8\xf3\xa0\x85\xd1Zrg ~\xb4R\
.\x19\xce\xb6/\xb9\xcb\xd9\x83<\x84<[zK\xec\
\xa2\xdd\x84\x1bU:J~`e\xd3;\xdf\xf3n\x9c\
:q\x03v\xed\xde-\x1f\xb2\xec\xbe\x9bo\xb9\x19;\
w\xed\x92\xe2\x18!\xc7\x18\xd2\xce\xcc\x8bT\x1a\xa5v\
<5\xf1N\xd3{\xd48\x05b\x1cN\x9e<)F\
\xa0oh\x15\x1c\x0a\x8d\x22\x84\xdbn\xbd\x15\x9f\xff\xbb\
\xbfG\x91\xd9\x07\x9aV\x03l6_\xeb\xcb=x\x15\
,\x16\x8bD#\xd8\xb4a\xa3\xb6\xe5\xba\x8a\x0a\x81\x1a\
\xc3\xc7\xe0@\x1f\xc2\xae\x83\xe9\x9c\xcau\xbfjF\xd0\
ak9\x1f\xd3\x85\x9cxf\xb2\xc1\xd5\xa9\xbc|X\
T\x10r\x97\xd9\xbf\xa1aD$\x9e\x17*\xaeJ\x8c\
1\xad\xce.W\xcc>\xf0g\x84\xedZ\xa5\xb4\xeb\x9f\
\x97\x8eAZ\xe7SO\x96\x88\xea\xd0\xacF=N\x80\
\xaa\xf4\xb3`Gc`:[0tkC\x0c\xba\xd4\
\xde\x80\xba\xa8\x95\xc9d\xf5\xd2\x9a\xc9|\x940\x0a<\
\x07\xb9\x22\xab\xee\x08\xed\x91,A@\xb0\xa9\x00G\x94\
\x85<\xac\x5c\xb7\x06+7n\x94\xfc<\xcfR\x05\x0c\
\x81LG;2\x02\xbe\x90\x13m\xd2C3n\x88\xe9\
\xce\xeb\xd74!bZ$5\xeb\x08\x8a&a\xb5*\
\x0f\x8b\x9do\x19j\xf4\x0e\x0e\xea\x19x5\xec\xbd~\
\xafH1\x8fOMb\xa0\xabCU\x83\x9b\x00A\xca\
M\xbd\xdcS\x90T\xe72\xd33\xe52\x86V\x0c\x9a\
\x9f\x9a\x0e\xaaW\xc9\xd0:8\x0f\xebW\xafCG*\
\x81\xe9\xc9)\xe1EDYz\xfb*\xd9\xc2\xc0\xf4\x8d\
`)\xbb6\xc0\xd1\xddY\x1fK\x08qJ\x97\x9b\xd0\
q\x9e\x04\xd4\x8c!)9Cx\x12\xe5\x1fC\xd3\x15\
60+g\x9d\x98\xce7\xf1\xf3) b{\xfe\xe9\
\xb1\xd9!\xc9\xc8\xfb\xa0V\xaa\x8a\xd7\x10I\xc4Mg\
a\x9e\xb0'!\xaez\x0fv\x0e\xfb\xd2JL\xda\xd8\
\xf9!\x01\xbd\xab5f7L\x87\xeeY\xa7\xbd$\x03\
`IAl\xb7,'jB\x00U\xe35\xb1\x05{\
\xcay>\xc6'\xa7Q\xa9z\x88%\x22\x82\xa8\xce\xac\
J2\x8b\x94\x9c\xe7j\xb5\xde\xe2\xda\xdeQ\x01V\x0c\
\x13ka@L\x1e\xd5\xbcD\x0c\xc6g\xc4\x07\xa4\xc0\
DZ\x8eW4\xde*\x96\xb1f\xedzl\xda\xb2\x15\
\xc7\x0f\xbf\x84\x81\xbe\x1ei:\xf2J\xa2\x01R\xf3F\
5\xdcBNR\x94\xaa\x05\xd8(\xd9\xbcZ\x86\xa6\xb3\
\x02tuv\xa1\xb3\xad\x1dq\xcaq\xbf\x9a\xf7 \xd0\
\x93be_GW/\xda;:\xb4\xcd\xbb]X\x8e\
#\xd9\x1aU\xf9Q\x97\x9c\x9b\x8f4\xf4Xp\xa8F\
\x9f\x12\xd7\xa4\xad\xb1l\x00L\x81S\xaeK\x8bv8\
\xe7\xedZ0s:\x14\xc2\xd1\x17\x0f\xa3T,\xe3\xa5\
\x97\x0e\xe3\xe4\x89\xd3\x22 \xb3v\xcdj\x0c\x0e\x0d\x09\
\x1f\xa1\xa3\xa3\x1dC+W \x9a\x8cj\xa8L\xa0\xcf\
#\xb8\x9c\x93B#\x1ejr\x9a!\xb9\x16\xea\xb5\xba\
\xbdK\xef\x0el]\x12\xb1Xj\xa5\xb8\xd0,g\xda\
a%\x93\x1b`r*\x8bb\xa1\x82\x8e\xb6\xa4(\xff\
\xb6\x1a\x9a\xe6\x98]oh\xadj\xab\xd3\xb4Z\xf9\x06\
K\xb07\xb6\xe5\xe1\x03i\xb8I\xad9r\x17\xf4A\
\x05\x88\xb0\x1c\x98\xcd\x15\xa3\x09\xe9\xf5\xf6s?\xf7\xcb\
\xd8\xbe\xa5\x80\x04%\xcc\xa4\x80\xe3\x95\x19R\x07\xee\x86\
0\x9d\xcb\xa1\xab\xa7\x1bk\xd7\xaembq]E\x83\
\xd7[\xabb\xc5\xc0\x00\xba\xbb\xbbYk\x8bh,\x0a\
\xbf\xcc\xee\xd0\xaf\xc2\xbdp\xd4\xc3T\x0f\xbf9$k\
\xc4\xee\x89D\xd2\xe8c\xd6\x7f\xb5\x8c\xa1;\xb9\xe4\xc5\
d\x1fe\x0bp\xd2\xe155\xa8\xc5EZ\xc9\xea\xc4\
\xc3\xb8x\xfa\x22\xfe\xc3\x1f\xffgds\x05d\xa7\x0b\
J\xf3\x87\x8f'\x9f|\x16\xd1\x08\x95\xb4\xa3\xe8\xee\xee\
\xc4\xd6\xad\x1b\xf0\xa6\xb7\xde\x8f\x15\x83\x83\x86&\xef\x8b\
\xf6\x850\x0a%\xabQB\x95\x1dsm\xc3\x9b\xb9g\
\xb5\xf4\xc1\xf8GS{J\x89\x9c\xd1\xbbM,h\x08\
\x93\xd9\x22FF&\x10\xa2u\x9c\xa7[\xcf\xb2\x87Y\
\xfc\x0d\xd0\x8e7\x93\xd9\x85\x86\xe4R\xf3\x9b\xf5\xbc\x02\
\x1c9r\x04\xc7\x8f\x1d\x93N\xc4\x92fa\xc6\xa1R\
\xc0{~\xe8=\xd8\xb0a\x0d\x8e\x1e=!q\xf8+\
%\x0bZ\x8f\x1e\x1d\xe0\xd8\xb1\x13X1\xb0\x02\xed\xdd\
\xdd\xa6B\xf1\xea2\x00\xc2\xbb\xafU\x91hKch\
h\x08c#c\xd2\x1c\xa3\xb19\xbc\xf2#\xe0\x9c\x0a\
\x5cD\xa2\xdc\x14f\x9f0\x10\x8b\xb3\x8d}\xbd\x0b\xc9\
2\x9f\x19\xfbah\x9a\x93\xaaT\xba.\x1a\x1a\xd23\
\xf6\x7f7\x82G\xbe\xf7\x18\x8e\x1c9\x8e\xa9I\xb6\x9f\
Wy/7D\x8f6$\x0b\x9a\x1c\x92\xf3\x17\x86\xf1\
\xf8\x13OI\xebr\x02\xea\xf4N\xaa\xe5\xa2\x88\x80\x92\
\xd0\x94/\x160>5m\x8e\xdc\x9a\xfc\xb6,\x03P\
\xb7V\x92\x8b7\xf9}\xfb;qm\x1d\xe4Ke\x0c\
\x8f\x8c!\xe4\x91\xb2\xd8\xd0\x06\xb8t\x84\xd7\xe4=\xcd\
\xa6\xa1q\x0c\xad\xb0z\x22\x06?4\xe7\xa7<\x01i\
\xbc\x18\x09cttTt\xd2\xa6&'\xb5d\x93\x0d\
\x19\xca\x15t\xf4\x0d\xe2_\xff\xeb\xdf\xc6\xd8\xd8\x88\x94\
S\xf2\xa1\xbe\x12S\x8e\xa5\x19\xa4\xfe\xb2\xdf\xfd\xf8\xe4\
\x14\xde\xf8\xc67K\x87W+\xbaz\xb5\x0d\xd94\xdc\
\x18v\xee\xd8\x85\x89\x89\xa9&\xc1\x8aWX\x22,0\
\xdc\x0c\x13:nX\xbfQ\x18\x7fD\xd2\x9b7\x18Y\
\xfc\x96\xb2\x5c\x9fkK8OC\x88S\x06\xad-\xcf\
\xad\xd5{]\x08\xaf\x80\xf3Z\xda\x9a\x85\xd8\xb5\x16g\
N_\xd0\x8eB\x0e+\x00\x950%\xc8~\x8d\xc2\x1e\
\x8df\xb2\xe4\xc3\x9c9}V:kq\x03f\xdf\x0c\
\x16\x14q\x9dLNOc*W\xb0E\xf2\x97F\x04\
\xd2a\x22\xfd\xa6\x13\x99+\xac\xa1u\xfc\xbcH\xe6t\
\xfd\x8a\xa8\xa0\xb7\x9c\xd8z\xff\xd4]\xd1\xaa\xaa\x06\x91\
\xa7\xf9e\xbe\xba\xce\xd4P}u\xad\xa0\x22\x8a:\x9f\
w!\xb5\x00\xb2\xa8Cx\xea\xa9\xa7q\xf4\xc8Q\x94\
\x99\x05 \x9b\x8azl\x85<~\xf0}\xef\xc7\x0d\xb7\
\xdc\x8c\xe7\x8f\x1eVP\xe5ed\xe2\xd1\xf8\x11\xb6$\
\xb8T\xacU\xf1\xc2\x91#\xd8\xb5g\x17\xde\xfe\xaew\
Jk\xac\xabm\xf7\xb7\xc3\xe2Go\xb8\xfb.\x14\xab\
5L\xe6\xb3Z\xe5\xf9*$g\x1d!\xbbQ\xf0#\
\xc0\xd6-[\x10\x8e\xc6e\x91\xcd\x00\xd8\x85\xebbp\
\xad\xe5\x1d\x5c\xfaZ\xba.\x8fG \xbdQ\x0ce;\
H\x88-t-R\xef\x98f9\xba\xd15\xd2\xed3\
\xd7\x0617\xa9\xb9\x11\x89r\xf5L\xe8UI\xaa\xde\
\x0b0\x9d-br\x8a\xc4&\xb3\xcc\xfd\xcb\xf0\x00\xac\
\x17N\x11\x03\x15\xfa\x989\xe4r\x1cG\xacS\xb9\xac\
\x05\x0e\x0d\x99\xa7\xc6{\xc4\xda\xba\x118\xd18\x9cX\
\x12\xa1hB\xea\xff\x05(1\x1d\x84\x89~\xce\x94@\
2\x9f\x976Z\xfcv\xb6\x07\xf3\xb4 H\xaa\xa7f\
\x9f\xac\x86\x01\xe1p\x04\x17\xce_\xc4#\x8f<\x82i\
\xbaBVP\x94r\xcf\xb18~\xed\xff\xf8ML\x14\
\xb3\x92)\x88P\x82\xd9\x5c\x96\xf4W\xc0\x95o\x83U\
\xf5}\x1cx\xf1\x05\xf8!\x17\x1f\xfa\xf0Oc\xc5\xea\
\xb5\xe2\x91\x5c\xad\x06@\xf2\xe9\xe5\x22\xf6\xddt#\xd6\
nX\x8b\x13g\xcf\x097B\xc7+k\x04B\xa1\x10\
\xb2\xb9<\xca\xb5\x0a\xd6\x90~n\xeb\xe9g\x0c\xf2\xf7\
k\x97vv!\x1f\x89$SyAc\xd7\xb7\xcdC\
\xea)@\x9313\x9b#\xb1\x22\x0b\xb0\x8b\x8e\x80Q\
\x0eS\xc6\xb0z\xc0<o\x96\x04KsYS{\xc3\
\xcfP\x9alr\x22/L\xc0z\x04\xdd\xe2\xac\x97\x05\
\x02\xce\x96\x14hu@ZQ2\x8fJ\xa5\x8a\xa0\xa4\
\x11k\xe8l\xee2\xe4brl\x1c\xd9\xe9<\x0a\x85\
\xa2p\x0bX\xed422\x22i\x96\xb5\xeb\xd6b\xf3\
\x96-p\x1c\x1f\x1d\x9d\x1d\x86\xe4\xa4\x070Z\xaa\xf0\
\xd8\xc4\x81\xa9\x11q\xd1Z\x14&\x99\x16P^M\xb3\
\x15\xcf<\xf3\x0c\xc6\xc7\xc7\xd1\xd7? \xddSB\xae\
\x83Z>\x87\xfd\xb7\xde\x8d\x8f|\xe8#\xf8\xb3?\xfd\
S\xbcq\xff\xed\x88s\x91Z\xd9$#J,\xf4\x85\
\xe6\xe7\xd8t\xf5\xa2\xc9\xde\xfc\xbd\xb3\x18[\x82j\xfb\
\x94\x8crQ\xf6<\x1c>v\x04\xc5J\x15\xbf\xf8+\
\xbf\x84\x1f\xf9\xc0\x8fI_D}\x98\xb3\xbd\xa9\xabc\
\xc8\x86Q\xa9\x22\xdd\xdd\x8f\x1f\xf9\xd1\x1f\xc5\xef\xfe_\
\xbf\x87\xbd\xdb\xb6\x99{N\xcd\xbd\xa6<\xb3U\xe1y\
\x99F\x80\x00\x13S\xd3\x92\xa5Y\xbfnmC\x7f\xbe\
\xe9\xb1\xd4{P\x9aV\xe5K;\xae\xc5\xf7\x1d\xc4\x13\
\xdc\xe8\x14C\xa3\x94\x98\xa5\xf4\xb2\xf0'\xe4\xd0\xbb\xe5\
't\xf7\x89FY5\xa8\x0dy\x84\x93 z<\x0d\
\x22\x1cGGG\x07*\x95<\x86\x86\x06\x11M\x10t\
\xb7d2-\x96\x9b\x9a\xccK\x99\xb5\x00\x97^E6\
\xe7K4\x00f\xb2\xb3n\xd9\xf3\x10\x9b\xb7\x90F\xdd\
\xf2b\xa1,\xd4a\xdb[M\xe8\xc3\xae\x83b\xae\x88\
\xaf~\xe5\x01\x1c>|\x02#\xc3#\xc8Ng\x05\xb0\
(\x14\x0buFXOw\x8f\x14\x01\xd1\x1d\xfa\xc8G\
>\x82\xde\xa1\x01\x04\xb5\x92\xda\x00\x09=\xa8\xed\xcf.\
,\xea\xea\xcc\xb7{\x12 t]5\x00\xac>\xa4\x01\
P\xe3\xca\xd8+, \x89W\xcc\xe1_\xfd\xe2/\xe1\
[\x0f}\x07\x0f>\xfe=\xdc\xb4s\x0f2\xa9\x94\xd0\
\x1b\xa8\xed\xc6\x1b\xaa&\xa6\xe1\xb0\xd5\xab\x17m,g\
\xd3B&\x8e\x9fy6!\x84\xa3\x11!\x1d\x1d8\xfc\
\x12\x8e\x1c?\x85\x1f\xfb\x89\x0f\xc8w\xd2U\xbb\xfa\xf8\
\xffs\x87L\xcer\x11?\xfd/\xff%\xfe\xe2/\xff\
\x1b\x0e\x1e:\x82\x1bvn\x95\xb9A\xa0\xd9\x0e\xbb\x8b\
\xbd\x5c\xc3C\x80\xe9b\x11\xeb7\xae\xc7nR\xd0K\
e-\xce\xa9\x9f\x00\xd9\xa4\xba\xa9i\xcb\xf9\xa5\x1d\xb7\
~\xde\x8e\x8fpL\xa5\xdf\x14\xf1W#\xe7K\xcb\xbb\
\xc6\xce\xaf\xa2\x9eZ\xee\xbby\xf3F\xf1\xa4\xc9g\x99\
\x9c\x9al\xd2\x04\xf4\xb1z\xf5*\xec\xd8\xb1CT\x89\
\xb7S\x0d\x88]\xb2j\x9el`\x0c\xd1K\xe5*\x86\
\x87\xc7\xb4\x07\xa1\x1bG\xb9X\x95\xdf\xcd\x06X\x97\xee\
\x01\xd0s\x96\xde|D\xacc&\xae\x99\xe9\x03\x88\xe5\
\xf6\xd4\x00\xf0\x8b\x15\xac\xf0\xa4\x9c\x97\x05<\xcf<\xfd\
4\xbe\xfd\xed\x8701\x9eC\xb1P\x14oA\xae\x97\
\xee\xba\x1b\x17\x033>>- \x22\xd9X\xd7]w\
=\xde\xb2\xfa]\x08*\xbe\xb8\xd0\xbe\x05\x89\xb8sX\
\x06a\x8bI!\x96Z\xd2\xed,Pr059-\
<\xee\x9bo\xb9\xa5\xce]\xd0s\xa5XI\x1b\xfe\xf0\
\x8f>\x8e\x9f\xfb\xf9_\xc07\x1f\xff\x1e2\xd1(\xd6\
\x0e\xadDog\x97\xa4}\xa8\x10I`F\xdb\xbdy\
\x08\x09\x0b\xd1\x97NH,\xd2 \x01J\xc0\x1d\xbad\
\xe6\xbd*[\xc6\xfan\x07\x17\x86G\xf1\xdd\xe7\x9e\xc2\
x\xb6\x8c7\xbf\xed^\xfc\xcao\xfc\xba\x5c'\x91\x7f\
i\xb9~\x95\x0f\xf5\x02\xca\xe8\x1d\x1c\xc2o\xfe\xda\xaf\
\xe2\xb7~\xe5W\xb1v\xdd*\xc9\xb9S\x9eK\xde\xf3\
2~\x7f`\xcf\xc1qp~j\x02?\xf9\xc3?-\
\xccQo:\xa7\x8dA\xb4\xa8\x96\x9ce\xe4\x0b\x85\xfa\
n\xbc\xf4\xf3R\x8e\xbf\x1f\xf6D\xe4\x839@\xdb\x7f\
@\xbd\xdbY\x00\xb0\xfc\xa3\x86=7\xec\xc4\xd0\xd0\x00\
\x92\xc9\xa4\xd0ysY\xf2k\xca\x12:\xb8\xe10V\
\xadZ\x8dD<\x81\x89\xc9q\xac\xa0`NU\x14y\
P\xad\xe6\xe5|'\x0a\x05\x5c\x1c\x19\x15\x9c\x80\xe5\x16\
\xec\x7fX\x87\xed\x82K1\x00\xc6@Q]\x04\xa1\xb8\
\x96\xe2\xceT*\xd6\x9b\xe5\xfbr\xa3\xa4\x11\x07w\xb9\
\x80y\xdd\x88t\xf4=t\xf8\xb0X3\xdd\x5c)\x88\
\xa9\xa9\x10\x1a\x0d\xd5\xe93\xf2\xc9\xa1\x18\xaa~\x0d\xcf\
>\xf3\x1c\xde\xf4\xb67\x1b\x8c\x809\xd2\x86\x0bC\xf0\
\xa3UU\xe2\x8cSf\xbf\xf7p\x80J\xa5\x8a\x07\x1f\
|\x10o}\xeb[\xb1n\xe3\xa6\xfa\xf7q\x01VK\
eA\xa1\xff\xf1s\x9f\xc5\x97\xbe\xf4%\xfc\xaf\xbf\xfa\
\x9fx\xf8\xa1\x87\x91\x9b\xaa \x99\x0c\x89&AWW\
\x17\x92\x898\x92\xf1\x844_ V@\x03D\xf2E\
G[F\x0cX\xd5h\xdb\xf1\xdaIk\xa5\x84\x1a\x91\
\xed\xf3#\x93\xd8\xb2}+~\xe7\xa3\x1f\xc1\x8f\xff\xe4\
\x87\x90\x88G\x85\x01(\xc5&W#\xfb\xb7\xc5\xe0\xfd\
\xf3\x0a9|\xf8#\x1f\xc1\x03_\xf9\x0a\xbe\xf4\x95\x07\
q\xcb\xbe\x1b\xd1\xdb\x99A\x84\x1cv)\x9b51\x16\
\x87T\xce]^\xb2\xb0N%s\x80h8\x82\xa7\x0f\
\xbe\x80X*\x85\x8f\xfc\xe4OJ\x97\xa9\x86\xf6\x9f/\
\xe5\xe3\x91\x9a\x8f\xa9\xc9)\x9dsLo-\x0b\xaa\xf4\
\x81p\x80p\x8c\xad\xc0\xb9 \x1d\xa1?[*\xaf\xc9\
\x0d\xd49\x07\x14\x07Me\x12X\xd7\xbe^~\xdf/\
\x9e\x88jr*ZHU \xf6\x17\x0b\x90\xee\xca\xe8\
\xdfE'\xb4\x88ZM+dG\xc6'121Y\
\xf7b\xea\xe5\xef\xc1%c\x00zCjB\xfe\xe1n\
\xac.p\xab\x05\xc8\x85\x1fO\xa4P\xab\x92\x90@\xc1\
\x07.\x902\xca\x85\x12<i\xac\xc8Eo\xa3gm\
#\xc6\x5c\xa7\x9e\x1fK \xe5\x94e\xe1\xfa\xb5\xaa\xe8\
\xc6+\x07\xa0\xd1\xb6\x99t\xdfV\x8d\x0e\xec\xb0@%\
\xe3}\x96\x06\x9f8~\x12_\xfb\xda\xd7\xf0\xe1\x0d\x1b\
\x0c\xcd8,\xd68\xec\xb8\xa8\x95\x8a\xc8$\x92x\xdf\
\x8f\xfe8\xde\xf7\xbe\xf7\xe1\xc0\xc1\xe7\xf1\xd0w\x1e\xc2\
\x13\x8f=\x81\x17^xQ\x04J\xce]\x18A&\x9d\
\x91\x1b86:\x89\xa9|N\xc2\x03\xea\xc3\xd0\xc2Z\
\xc2s\xb9\x06\xacZ\xd9\x8b\xad\xdb\xb7\xe3\xc6;V\xe1\
\xee\xbb\xef\xc3\x9b\xde\xf4F\xb4uw\xa3V,\xa2R\
\xaa*{\xcc\x88\xcd6\xee\xae\x95r\xbezF\x033\
\xd1\x98\xd5\x8dD\xf1\x89O\xfe{\xfc\xe0;\xdf\x8d'\
\x9e|\x1a[\xd6\xad\xc7\xaa\xc1>\xc4\xe3\xa6q\x88U\
\xbc\x91\xf5w\x05\xacgHs\xee\x07\x8f\x9f\xc0\x13\x87\
\x8e\xe3\x93\x1f\xff\x03\xac\xde\xb0\x19^vJ\x9f\x91\x03\
\xe4r9\x09g\x13\x9d\x9d8{\xf6\xac\xcc\xbbx\x94\
\x8dLM\xa3\x1caq.\xec\xc9I-\x7fH=R\
J\x7fs\xf1sJSF\x5c\x10\xfcY\xc48\xabJ\
\xcc\xe6\xa0\x16\x13\x98y\xb5f\xdd\x894\x96]\x83t\
\xff\xcbB\x0dfQ\xdd\x99\xb3\xa3\xe2M\x87\xa2\xda\x0e\
\xbd^\xd5p\xa9\x1e\x80R\x09\xd8\xfe\xbbd\x16i\xeb\
\xc9\xca\xb8\x9c\xe8%5\x00\xa5\xc2\x8b\xbaw,\x1e\x0a\
Q\x06)\x22\x0f\xda\xea\xf374\xccf>O\xfb;\
\xa1\xf2\xd2P\x88h[\xc3\xe23\xb4(\xe4\x0bu\xb0\
n\x0eZcnR\xfd\x22\xa5!\x83\x83\x07\x1f|\x00\
oy\xf3[\xb0bhP\xcao\x99c\x15\x8f\x83-\
\x9a)0\x92\x9b\x94\x5c\xef\xce\x9d\xbb\xb1s\xe7\x1e\xe0\
\xa3\xec#_\xc0\xc4\xf88\x8a\xfc>\xd96\x1c\xe4s\
\x05\x9c8{\x0a\xe3c\xa3\xf2\xad\xf1x\x04\x99\xb66\
Q\xf6)\x14\x0a\xa2\xd1\xbebE?\x92\x1d=\x92\xdd\
\xa8\x15s(\xe7\xb2\xb2\xd3\xbd\xdae\xc8\xaf\xd5!^\
T\xbe\x80\xa1\xd5\xeb\xf0\x17\xff\xedS\xf8\xf5_\xfb5\
\xbcx\xf0y\x5c\x98\x1c\xc1\x9e\xed[\xd1\x96NI\xb5\
\xa9p\xdd\x059UP\xf0R\x18\x1c\x9c\xa3\xc4\xa4<\
\x00GO\x9e\xc0\xa3\xcf\xbe\x80\x0f\xfe\xc8\xfb$\x0c\xac\
\x15\xa6t\xb7\x0c\x01\x05f\x05\xca\x15t\xf7\xf6\xe1\x91\
\xef~\x17\x9f\xff\xfc\xe7\x8c\x84{#E\xddR\x1d\xaf\
\xd5\xf5\xb9,\xfe\x22v\xe0K\x11\x9aC\xae>3\x0a\
\xe6\x00\xf5\xea@)\xa23\xc2 \xd6(4\xa40\xcd\
\x98\x91\x9b\x94?\xa4\x11(\x85C<\xead\x94p\xe4\
\xf8Y\x94Ief\xc7n\xd6\xc74q,.+\x0b\
@\x10P\xdb\x84\xa9k&\x0d\x0d\x9a\xdf\xc1x\x8a\x84\
 \xaf\x8ch\x10Q\xc9'\xb2\x02\xc3.:;\xbb\x84\
ME\x95\x12\xf6\xc3S\xed\x80\xe6\xc0\xa4qa4\x22\
\x02\x0c\xf2\x02\xa5\xf8\xa1q\xd3Ex\xc4(\x0f-%\
\x12s\xdc\x00\xf1D\x1cG\x8e\x1c\xc5\xc3\xdf}\x18\xef\
y\xdf\xfb\xe1\xc8\x8dn<<N*\xe9\x17\x0f\x1f\x95\
BAv\x1c2\x19\xd9\x9c\xa1\x87\xa2\x9d}\xdc\xe6E\
\x8cP<\x9am{\xf7\xce\xaa\x94\xe0\xcb\xd8Yj\xbc\
U\xab\xa8\xe4su\xc6\x17E \xaf\xae\xfd}\xf9\x83\
a\x11\xb33\xbb\xae\xdb\x89\xbf\xfa\xab\xff\x8e\xcf|\xf6\
\x1f\xf0\xa9\xbf\xfc\x0b|\xf3\xd1G\xb0{\xdbv\xacY\
\xb5R\x80.b\x03\x8d\x86\x17\xfa\xd9%\xf2q\xc4\xdf\
\x14U\xaa\xc0\xc7\xf3G\x8f\xe0\xf1\x83\xc7q\xe3\x9e\x1d\
\xf8\xf8'\xffP0\x1e1*,\x1f/W$Tk\
k\xcb\xc8\xe2\xfa\x9b\xbf\xf9\x1b!p\xa5\xd2I\x01\xa2\
m\xbe~\xf1l\x80nv\xf4D]i\x05\xa6=\x03\
\x98N\xa7W,\xbe\xaax\xb2\x5cWF9\xd8\x89H\
\xb3\x91\xa5\xc7\x18D\xf9=T\x8bY\xc9(MNL\
\xe3\xf4\xf9\x8b\xd2\x5cG\xaac=\x861\xe5y>\xb9\
\xc4a{\xf1U+\x04\x02\xf9\x13\xd6\xfb\xcd:\x98\xe0\
#\x04\xe8X\xed\xa6u\x8b\x5c\xc4Buu]I\xf1\
\xb5\xb5\xa7\xd0\xd5\xdd\x898ca+\x1e\x22\xb2F\xc2\
\xda7\x8c%\xbaL!\xf4\xf4t\x0b=\xb4!\xbe`\
PR\x8b\xc0/\xa1]\x99\x1d\x14q\xa0+\xf7\x95\xaf\
|\x05c\x17/\x0a0\xd9\xaa\xe7\xa0 \xf7N\x08Q\
7,\xfd\x0d%&+\xd7\xe0\x17K\x08\xd8\xcb\xbeR\
\x85W,\xa365\x89\xca\xf4$\xca\xd9IT\xf2\x13\
\xa8\xe5\xa7Q\xcbgQ\xc9\xe6P.\x16\x05\xbd\xe5\xae\
\xc6I-\x04\x8f\xa5\xde\xe8\xabxp\xf3\xe0sg7\
\xde\xae\xce\x0e|\xe4c\x1f\xc3\xdf\x7f\xfa\xb3\xf8\xb9_\
\xfa%\x1c>s\x1a\xff\xfc\x9d\x87p\xf8\xec\x19\x94\xb8\
\x00\xa9\x05!\xe2\x9a\x11y\xb6\xaa\x9cc\xc2(\x9b^\
\x9f\xf5b<L\xaf\x92\xa23\x8f<\xf6\x18N\x9c>\
\x83w\xbf\xebm\xf8\xd4\xa7>\x85\xae\xeen\xf8U\xed\
\xa2k\xdbh1-\x1d\xcbd\xf0\x8d\xaf=\x88\x87\x1f\
~X\x9a\xd0j\xb6\xc7\xc8v-\xa1\xfb5w|\xce\
\xe9H8\x84(\x85@=\x92u\x98\xf2\x0bD\x16\xde\
\xab\xcfm-?n4IY\xba\xe0\x880m\xbd2\
j\xac)\x09\x5c\x5c\xbc8\x81\xc9,\x0b\x82t}\xa8\
R\x97\x12\x90.\xcb\x03 \x16N\x15\xd7R\x85\xbd\xf6\
T.\xdc\x14\xe5\xd7O\x86\x0f\xa2\x5c\xa8 \xcfE\x80\
\x8cT@\xc9\x02\x0e\x02\xe9vr\xc3\x9e\xeb\x10\x8d\xc6\
\x05\xb7\xf8\xd6\xb7\xbe#4]\xcd~8\xf20W\xae\
\x5c\x89t:)\x1c\x81=7\xec\x85\x13\x09\x8bk\xa3\
u\x05\xe6[\x02\xd5n[*\x0c\xa3\xc0\x22\xb1\x808\
\x9e{\xf6\x00\x1e~\xf8!\xbc\xfd\x9d\xef\xa4\x0a\x89\xa8\
\xb4j\xfcm)\xcb*\xd9d\xb8Yb\xd4\x1a\xb0\xaf\
\xf6\xb4Wp8\x5c\xa79\xcf\xb8G\xcd\x0e\xd15\x90\
oY\xc3\xe2I\xf4\xc4\x02R^\xb39\xf4\xf7\x0d\xe0\
\xb7\xff\xcd\xff\x85w\xfd\xe0\xbb\xf1\xf1O|\x02\x7f\xff\
\x99\xcf\xe1\xb1\xa7\x9f\xc5`\x7f\x0f:\xda\xdb\xa4\xe1L\
g*\x83D,.`\x1e\xa3E+M\xafsE\x0b\
\xd6hX\x0a\xd5\x12\x9ex\xeaY\x9c<}\x0e7\xee\
\xbf\x01\x7f\xf8\x1b\xbf\x817\xbf\xfdm\xea\xb4\x95J\xa6\
,]\xc59x\x8cp,\x8a\xf1\x0b\x17\xf0'\x7f\xfa\
\x9fQ(\xe6\x05\x91\xd7f.\x01\x5c\x01\xa6\xb50h\
\xbe]T73\xdd\xf5\xa5\xf8\xc76\x0a\xa6\xe7\x10\x0d\
\x09\x7f\x9f*ZNBi\xc0\x04\x8eI\x83\x92Rd\
+\x82\xbb\xa4\xd9\xed\xa3Zf\xd5_\x00\xbf\xe6\xe0\xf8\
\x89\xd3\x92\x8934\x14\x01\xdd\x19V\x08\x85n\x96\xb4\
\xff\xb2\x0c\x80\xd6\xdb\x932\xa9\x22\x1cD\xf1\xa3MG\
\x90\x9b\x8f\x10r\xd9\x22\xa6\xb2\x051\x10\xe5r\x115\
\xaf\x8ap\xe0\xa1\xad\xad\x0do}\xdb[\xa5wz\xb2\
\xad\x1d\xf7\xdd\x7f\x8f\xf0\x014\xac\x08\xc4\x92\xf7\xf4\xf4\
 \x99H`x\xf8\x22\xba\xbb{\xb4\xd9\xc1L\xfa\x8d\
X\xe8\x8a\x84\x00K\xe3bk\x05\x96\x83H\xd4\x95\x0a\
A\xa2\xfd\xb7\xdf~;::;\xc5\x15#\x16 \xd7\
g)\xc7\x16u\xbd\xb6\x82_eo\xc0\x95P\x8a\x8b\
s\xfb\xf6\x9d\xf8\xf3\xff\xfa_\xf0\xb1\x9f\xf9(\xfe\xea\
\x7f\xfd/\xfc\xf3\x03\x0f\xe0\xd0\xb9s\x88E\xa3\xa6\xa5\
\x9e\x87d,\xae\x86 \x16\x93f\xb0\x1c\x9cW,\x9d\
\x9d\x9c\x9a\xc0\xd1\x13\xa7\xd0\xd6\xdd\x85_\xfe?\x7f\x1d\
\xbf\xf8\x8b\xbf$\x0aQ\xe5|V\x9bs\x98\x1a{\xcb\
^\x15\x18 \x1c\xc6_\xfc\xc5_\xe0\xc0\x81\x03\xa66\
@\xa9\xc1\x0c{\x05\x90dJo\xd1E\xaa,\x12\xc6\
\xfd\xc2\xfc\x13\xddq\x95\x1b\xf3|\xcav\x19\x8e\x8b\x01\
\xb8\xa5 \xaaE\xdd\xfeB\xc7\xe7(W\x0a\x0c^\x91\
-Up\xea\xec\x05\x09W\x0d\x96(!\xc0|\xebd\
y\x06\xc0\xd4\xb3\x13\x08\xechOk\x1f\xf2\xa6\x02]\
\x89v\x9d\x10J\xc5*&'\xf3\xe6\xcb+\xf0\xfc2\
\xe0\xa7\xc4\x22\xa6\xdb\xdbL _BgO\x1b:\xfb\
;MC\x90\x88\x16\x1b\x080\xe2cm\xd7:\xa6\x1c\
4\xbf\xc9\x87))\x13\xcb\xfc#\xe0A\xa3\xa1\x16v\
\xf1\xe1\x8b\xabe\x81\xc5\xa7\x9f~Z\x5c\xba\xb7\xbe\xfd\
\xed\xc2-\x10\xb9\xe59\xe0\xdc\xb5\xed\xfb\xb50\xf8\xcc\
\xb81\xb0W$W\xfa\x0d{\xf6\xe1\x86\xbd7\xe2\xe7\
\x8e\x1c\xc6\x91\xe3\xc7\xd0\xde\xde\x89\xb1\xb1\x09<\xf6\xd8\
\xe38x\xf0%\x9c;{\x0e\x93\x93\x93\xb886\x86\
R\xb1\x84\xa9\xe9)\x81mh\xf0\x7f\xe6\x97\x7f\x15o\
{\xeb\xfdX\xbdf\x03\x82j\x11^~\x1a\x11y\xee\
\x0d\xae\xbd\x0d3#\xc9\x14\xbe\xf3\xe0\xd7\xf0\xe9O\x7f\
Z\xf8 :\xd7T\x1f@_\xf4\x14\xb8\x9e\xe7#\xa3\
\xcd\x04'x\x0d\xfc\x9aj\xe0#l\x98\x84^PA\
\xc5+J]\x8b\x13\x22\xe6D\xefE\x01\xc8\x05Y\x8f\
u\xf0J\xcdD\xe0\x97\xe0\xf9\x059\xe6\xf9\xd1I\x9c\
:7&j\xdb\xa2\x11\xc0\x0c@\xbdS\xb1s\x99z\
\x00&\xf5A\xf0N\x17^3\xd7\xdf\xc8:\x13\xcd\xad\
y\x18\x19fu\x17oRM3\x01\xd2\xfe\x8eb \
*~)\x91\x03\xb5\x03\xeb\xe4\x1e\x95\xec\xaa\xdfK.\
~\x83\xf6\xd6['\x0bkJ}u\xa97\xa81\xbb\
\xa0\xe0\x9aZ;{6s/\xd4>$\x86\x19T~\
\xfd\xc7\x7f\xfcG\xdcr\xf3\xcd\xe8\xec\xee\x9e\x13J,\
G\x91\xe6Zl\xff\xf2\x8d\xe6{\xcb\x1d\x9d\xf1\xbd\x97\
/\xcb/\xd6\xad\xdd\x80u\x9b\xb6\xd8\xdf\xe2\xcdoy\
\x07\xaa\xa5\x22\x86/\x8e`bb\x1c\xe7\xce\x9d\x17\xce\
\x09_L\x03\xbf\xe3\x1d\xef@\xa6\xb3\x0bA-\x8fr\
aZ<B\xd7\xec\xfa\xeaa*NC\xb29\x1bm\
L\x0c\x8f\xe0?\xfe\xa7\xff$Uv\xc9d\x02\x1e\x0c\
\x8bN\xb8\xf8\x0a\xcb3\xac\xa0\x07\xb0\xe8t\xa9k|\
\x84\x84\x14\xa4U\xad\x81\x94\x053S\xe6\x05eDI\
\xae#\xbb\xb5Z\x82c\xf56\x1d*\x02\x85u\xfa\x9b\
\xd2z\xa9\x16\xb4}2\x8c\xc1\xaa\x95J\xa8U\x8b\xb2\
\xe8\x0f\x1d;\x83\x89l\x01\x0e\x01mn\x9e\xe6{\xe6\
\xdb\xd0\x96a\x00\x0c\x9a\xe98\x22\xc7M\x85\xe0x\x84\
\x1ai\xcckj\xecd\x8b\x1a\x08\xce\x8d\x5c\x98@\xa1\
PA:\xa9n\x9c\xadzR\xde\xbb\xdev\xde\xc8y\
\x17\x90d\x17\x5c\xb99\x0e\xdb\x8c\xb9\x043\xd8\xedD\
oN\x81\x13\x81\xa8\x840\xef\x8c|\xb3\xed\xc7\xbe\xc0\
\xaa\xa4\x87\x92\x88%\x85d\xf4\xc0\x83\x0f\xe2=\xefy\
\x8f\xee\xfeu\xb5\xa3\xa5\xdf\x91\x97\x9b\x9ez\xb5\x8f\x99\
\xcfB\x017\xe1\xc7s; GD\xb2D\x0d0\x97\
\xb9{\xb2\xe7\x86V\x0fa\xe7\xf5\xd75U\xdb\x01^\
9\x8fRvR\xd1x\x13\xf2\xf9va\x1a\x02\x9a\xd2\
t\x01'\x12\xc1\xdf\xfe\xcd\xdf\xe0\xd9g\x9fE2\x15\
\x83\x17\x90\x18d\x16\xbcHw\xd9\x0de\xa1\xc5\xaf\xc7\
\xd4\x12\xfa\x10\x92\x14\x13as\xcf \x84(\xb3\x01n\
U\xfa`L\xe7\x86Q\xeb\xcf!\xeetJ]\xcc\xc4\
\xc8\xb0)\x14\x22C\x89\xea\xc4\xfa\x9d\xcc\x8a\x11\x98\x94\
~\x82\x02\x8cke+\xbd\x86r%'\xcdB\xa6\xa6\
rx\xec\xc9g\x85\xab\x13\xa2\x87b\xd3$\x92V\xd7\
\x0d[=\xf6\xa6\x14\xf9\xb2\x1f\x0ac\x7f\xaf\x86\x5c6\
\x87dw\x97V\xd0\xcd\xe6A\x04\x01.\x5c\x1c\x93b\
\x84\xbe\xee\x84H\x14eje\x84\x22\x89%\xae\x18\x9e\
\xb9\x89\x93X4\x11T\x11\x0dy\xc8\x174\xcdA7\
\x9e\xf9Yi+%`\x8cy\x90u^\xfe\x02G&\
 \x14qQ(\xe4\xf1\x99\xcf|\x06{\xf6\xec\xc1\xa6\
\xcd\x9b\x1b\x8d\x15\xafrn\xfe\xf7\xcb \xb5\x5c\x11\xf6\
f\x8b\xef\xcd\xec1\xd8\xa4\xfa\xac\xe8\xfa\xc2\xcf\xd6\xe7\
\xa2\x8a\xc7p\xf8\xc0\x01|\xe63\xff`\xdaw\x19\x12\
\x9e\xee\x0f\xf2Z\x9eh\x89\xbe/\x95\xe1\x86G\xb0\x82\
\x0cT\x13BPA\xabt\x1a\xd9\xca\x19\xb4\xa7\x06\x85\
\xd4#\xcdID\x90\x94\x12vY\x94=z\xdb\x5c\xec\
\xda\xb9X\xd3\xd7\x01<2$\xf9S7,T\xf4\xa8\
\x1b\xc3\x0b/\x1e\xc3\xd1\xa3\xe7D\xf5\x8a\xf4j[\xd0\
dS\xa6\xba\xf4g.\x8ee\x1b\x00\xbd$\x07\xd9l\
\x1e]\xed\xed\x88\xc8\xe2o\x02\xe9\x0c\x11\x88\xae\xd7\xe8\
\xd8\x186m\xec\x934\x9f\xef\x13e\x8d\xb5\xacIn\
9hY\xb4\x02H\x99\x83>k\xb5Uc@\x14N\
\x85=\xc6V\xce\xa6U\xf8\x12\x99a\xf2\xf0B\x01b\
\xc2\x0b8\x82\xcf\x7f\xfe\xf3R\x88\x92Ie\x96\x01\xbc\
\x5c\x1b\xaf\x85a\xfc\xcd\x19?[\xb2HG\x8b\xe10\
\x05Y)\xe3\xaf\xfe\xea\x7f\xe2\xec\xd93\xc2Ua\xf1\
\x98\xf4\x99\xe4\x9c#\xe8'\xea\xbaK\xa1\x1f\x19\xf0\x8f\
\x19\xa5P\x15\x89\xb4\x0a\xe42\x8c\xd1E\xa8\xe1\x00\xbd\
\xf4\xa3\x17\x9f\xc1\xb9\x89s\x08\xbc0\x12\xc9\x04jU\
\x17\xa7^\xaaaz,@<\xe6\x08\xb0\xd9\x96N`\
\xb0\xbf\x0f\x1d\x99\x94H\x82i\xd94\xe9\xf1\x0cC\x5c\
\x8cLf\xf1\xd8\xd3\x07\xe1\xd7\x5c\x84\x13\xae\xd4\xaa\xa8\
g\xccj\xc2FI[\xc3g1\xd8\xc4ro\x92\xad\
\xc0\xcb\x17\xf2\xc2\xf7\x8fF\xe2\x08S\xd9\xa4\xeem\xd0\
\x8a\xb9\x02\x14\x9e:}\x16\xd7_\xbf\x01\x91p\x0c\xa5\
b\x01\xe9$\xdb`\x9b\xb8~AO\xc0\xa6\x17i\xe0\
\x08r\xe8bW\x06!C\x1bM\xed\x84E\xf4\xa3\x11\
\xdb[q\x04>\xa0\xb99\xfe\xc6\x90\xf8/\x14B%\
\x08\xf0\xd5\xaf~\x15\xbbw\xef\xc6=\xf7\xdc{\x8d\xa5\
\xf7}6,\x8d\xf8J\x8c\x80ns\x22\x8eG\xbf\xfd\
-<\xf0\xc0\x03\xe2e\x0a\xcfDvk\xab>e\x0b\
{\x97zv\x9a\xbaf8\x1ecq\x93_\xd1T\xa0\
\xe6\xa5\xea9\xfc\xb1\xdc\x05\x94C\xa75e7\x11A\
\xad\x1a\xc1\xf3\xcf;x\xfe\x89\x02\x92\xf1\xa8pRb\
$\xd2ud\xd0\xdf\xd7#T\xe4X$,\x8a[\xd1\
\x88\x8b\xf6\xf64F''\xf0\xd2\x8b\xc7\x85l\xc4\xa2\
 f?\xb4\x17\x806\x0c\xb2h\x9d\xa5\xc8\xdb\xcc\xda\
2A@K\xd3\xd5\x00\xaaJu_$\xea;g\xdd\
\xf3\xa2`G\xd5\xc3\xc93\xe7E\xfa*\x91Li\x85\
\x9ct>]bz\xcd\xc8\x80\xa9[\xcf\x94\x89\xf9<\
;\xeaH!\x8ey\x14F\xa2\x89\x0fg\xeb\xd6\xad8\
v\xec\x18\xf2\xf92\xa2\x91h\x03\x1b\x90\xec\xc1,d\
9\x14\x12p\x88:\x044\x027\xec\xdd\x8b\xee>\xea\
\x05\x5c]\x0d:\xbe\x1fG\xfd\xe9\x5c\xc1\xda\x09\x87h\
y\xa5\x82\xcf\xfc\xc3?`rj\x0a\x89XB\xd5\xa7\
(\xba!\xd3\xccj\xf7-\xfd;\x1d./v\x15\x0e\
\x87\x10\xa1\xc4w@%l\xee\xda\xba\x1bk#{\xf5\
<\xc8a\x10\xaa}\x8d\xf3\x16*\x1e\x02\x07\x95\x8a\x87\
\xaaW\x03\x85\xbd\xc6\xc7\xa7p\xec\xd8I\xc5FL\x0a\
\x92g\x15\x8d\x91\xee\xab\x094\xa6\x18\xc5\xe3f\x190\
\x5c\xed8$r\xe7\xb3*w\xcd\xbf.\x89\x98nI\
\xaf\xac\x80kuC\xa41\xa8\x13\xc6\xf0\xe8\x14\xce\x0f\
\x8fji\xac\xec\xe8\xf6e\xc5\x10\xdd\xc6\x8b?\x9b\xf1\
j\xe8\xa5\x894z\x85\xba\xe8$\x22\xd505\x9dC\
\xb6P\xd6\xeaA\xa3\xfeC\x0e\xfe-\xb7\xdc\x82\x9f\xfe\
\xa9\x9f\x12\x1e\x81R\x1f\x17p\x07\x0d\x0a\xcc\xbc\xeb\xd3\
O=\x83\xe7\x0f<\xaf\xc6dY=\xdf\xae\x8d\xd7\xc3\
\xf0\x99\xdf\x8fF\xf1\xfc\xb3\xcf\xe2\xe1\xef<$\x9b\x87\
U\x80P&\xa7\xeaY(D\xb4\x1c\xa3\xa3 `,\
Q\x93\x97\xccU\xd9;\xad\x92Us\xf1\x8f\xd6\xacH\
\xb6\xc3|\x96\x7f\x93\xd5\xc1\x0d\xcb%Q.,\xbb?\
\xd5\x93#\x91\x18\x5c*gEb\xa8\xd4H\x22\xe29\
\xd2\x10\xf8*\x10j7OiD:\xffy_\x22\x06\
\xa0\x19\xf9J\xd5\xb0\xf1fUDX\x1c \x9b+\x0b\
\x18\xc8\x0e\xa7\xa5\x22\xd5V\x18\x0f\x91\xb6\xc9x\xca\xba\
V\xb6\x08B5\xd3\x95\x13\xa1\xd2\xc9r,Ced\
+mA\xff\x0b\x05\x8c\x8e\x8eI\xd9m=w/`\
!\xeb\x0d\xc2\xf8\xc1\x1f\xfb1D\xa3I|\xf6\xb3\x9f\
\xc3\x91\xa3\x87\xb5\xfd\x98I;\xce\xce\xf5\xf3\xdf\xd4^\
\x9b\x18\x9f\xc4g?\xfbYl\xdf\xbe\x0d=\xfd+\x8c\
L\xf85/\xe0j\x19\x8ey\xd4_\xf8\xc2\x1716\
:.\x1b\x08u\xf5\xb5xK\xf7*z\x8c\xba\xa1\xa8\
J\xcf\xe2C=e/\xa8!\x91\xa10\x0c\xc3Se\
\x04\xda\x84\xa3v\x0c&W\xbf\x86t{Zd\xf0J\
\x02b\x12\xffR\x0d\xcc@\x96\xa8\x95\xbd\xb3\xbe\xac1\
\x11B{65&\xf5\xbe\x82\x81J\xe5\x99s\xe0\x86\
&\x8c\xdd\xcbO\x036]\x9a9V\xb9\xca.@\xf4\
\xc5#3\x7f/'\x0f\x14JU\x5c\xbc0\x86\x5c!\
\x8f\xb6L\x02\x95RI8\xf2\xc1\x8c\xb4\x81\x86\x04\xb4\
\xc2\xd2\xd2K\x8c\x80V\x00\xf2\xc6\x88\xa5\x14\xa0C\xad\
c(\x08\x8b\xa0\x08AF\xc6\xf1D\xefY\xd8!\x17\
\xe3jz\xe4Moy3\xae\xbf\xe1\x06|\xf63\x9f\
\xc1W\x1f\xf8*.^\x18\x96\x87\x19\x89\xce\xf5\x08h\
\xa8\x98\x15\xa0`\xc8\xb7\xbe\xf5-\xbc\xfb\x87\xdew\x0d\
\x0a\xfc>\x18W\xaa{P@\xf6]$\x8a\xb3\xc7\x8e\
\xe3\xdb\xdf\xfa\x96\xd4m\x10\xf8\x93l\x119\xf9D\xfe\
\x05\xf4k&\x0b-\xe9\x0ce\x1dp)\xba,\xc9%\
\x85\x9c]\xab\xa3\xec\x08\xa4\x8cB\x12\x02\xa5\x0f\x8eT\
5\x02\xe1\x88\x8b\xa8\xeb \xeb\xb3F@\x01<\xb2k\
-\xa3\x8f\xc7P~\xbfA\x18\xe4w\xc6\x18YE\xaa\
\x80k\x84\xb8\x19\x0b\x8e\xac\x88\xa8\xae\xad+f\x00\xec\
`\x81\x81\xc4\xe3\xf5\x0eA\xcd\xd7\xaf.\xce\xa1\xc3\xe7\
\xf1\xdd\xef\x1d\xc4\xc65+\x85\x8a\xdb\xd5\xdb\x8e8\xf5\
\xce$\xb7\xc9x\xc5\x97\x02\x09K\xab\x14\xab+h\xa9\
x]Bz`\xd1G8\x14C\xb6\xe2\xe1\xc4\xf9)\
\xbcp\xe44r\x85\xa2\x16\xf4\xd0\x00HuX \x1e\
\x80(\x07y5\xac\x5c5\x84\x9f\xf9\xf9_\xc0M7\
\xdd\x8cO\x7f\xfa\xef\xf1\xd8c\x8f\x22\x97\xcfj\xe1\x88\
\xcd\xe7\x1a\xcf\x80\x86\x83\x84\x8f\x7f\xfa\xa7/c\xdf\xbe\
}X\xbdv\x9d\xa6\x05m\x0b\xa6k\xe359\xae\x84\
\x8f\x16pe\x85\xc3\xf8\xda\x83\x0f\xe2\xcc\xe9\xd3\xa2\xc5\
\xc7EF,M\x08\xa8\x86\xb8\xd3\xf4\x89\xa5\x1f[N\
\xd2G<\x191\xf5\x03zL\x86\xc1JB\x0aP#\
\xc7 \x14B\xb1X@G2\xae\x8cA\x09\x81Yq\
\x18\x08=\x85\xac\xc0\xc6\x0a\xb3\xba\x19\x0dq\xba\xd9_\
\xaa\xb57\x0dce\x95\xc6\xae\xb0\x010u\x01\xec\xd3\
'|\xfa\xa6:i\x83\x0aR8\xe4\xe2X\x0e_~\
\xe0q8x\x5c\xea\x02:\xda\xe2\x18\xe8\xefDgW\
;b\xf1(\x22\xd2#M\x09\x18n\xe0c\xfd\xbaU\
X\xbbv\x8d\xa0\xb0t\xdf\x8b\xc5\x92\xd4\x81OLL\
\xe3\xd9C'p\xe0\xf0)\x5c\xbc0\x8a*\xc9A\xd2\
i\x95.\x8f*\x031=\x22\xb7\x88]\x80\xaaUQ\
\x1f\xbe\xe9\xce\xdb\xb1y\xeb&|\xeb\x9b\xdf\xc4\x17\xfe\
\xf1\x0bx\xfe\x85\xe7\x85\xc9\xc8\xe3[C@r\x08\xff\
<p\xe0yQ\x0e\xfa\xf1\x1f\xffq\xbd\xdd\xcc\xa5\x18\
N\xf9\xb5\xf1\xfa\x1b\x01w\xdeH\x04\xd9\x91\x11\xa9\x12\
\xb5tY\xa9\x03\x085\xfdy\x89\xa6F\x80>\xb7\x86\
x*\x8e\x90KO\xb9\xdaDio\x10\xd8$\xdb\xe5\
P\x16\x8f\x05f\xda\x03\x90\x1b\x90\xf9\xd5\xb2\xbe]v\
|\xfe\xc5\x84\xbcR>=\xa7[\xf7\x15\xf2\x00lu\
\x80\x5c\xc8<\x9b%\xd7\xd0\xd8tV\xe3\xf0\xc0A\xf6\
\x5c\x01\xa7Ne\xa5<\x927C\x08JL\xed\xd5j\
\xa8xe\xf4\xf4u`\xfd\xfau\xb2\x9b\xb3\xb1\x07\xf9\
\xdc\x148,\xe5\xcb(\x95i\x07#b0\x94\xcd\xd5\
\xd0I\xa7EU\xb1\x06\xc3\xc1\x92\x9b\x19 \xa8\x94\xd1\
\xd1\xdb\x8bw\xbc\xef}\xb8\xe5\xd6\xdb\xf0\xb5\xaf>\x80\
/\xff\xf3\x97p\xe8\xd0ai\x0aB\x0c\x80@ \x19\
W,]\xa6\x01\xb8\xf5\xd6[\xb1e\xc7\x8eW\xbco\
\xe0\xb5\xf1\xca\x8e\x80ns4\x8a'\x9e|\x12/\xbd\
\xf4\x92\xcc\x9fFs\x19\xf3\x22\x18u)\xb8\xb0\xc9\x94\
\x85c\x81 \xfa!W\xe7\xa8.~\xf2b\x14\x0c\xb4\
\xf4\x1c\x0aw\xb8Le{E\xa5<S\xf1\x8b\x9f\x97\
u\xb5|\x03T'\xb5\xcd#\x07~e\x0c\x80\x05\xf1\
f{\xffu\x19#Q\x12\x952b\x9b&d\x5c\xa5\
\x9a\xfff\xf1\x8a\x91\x10\xbb\x87\x8a\xef\xe2\xf4\xb9\x09y\
qa\xd2\xfaJuT\xc8\xd5\xdc}D\xb5\xb7\x186\
\xf03\xd2\xa4\xd4\xe0\x07\xb6hD\x05\xe3(\xf7E\xa2\
\xa4\x0eR.\xf9b\x97\xe0\xf7\xfd\xf8\x07p\xfb]\xb7\
\xe1\xeb_\xfb\x06\x1e\xf8\xca\x03x\xe1\xc5\x17D\xed\x95\
-\xc28\x01N\x9f>\x8do}\xeb\x9b\xd8\xb0i\xb3\
\xc4\x86\xf2\xa4\xae\xb1\x03_\x97\xc3\xe1s-\x97\xc5;\
d\x95(\xab\x06\xebJU\xec\x13a2RV\xf2K\
\xdb\xd2/\xf1\xd8\x92\xed\xa2\xfe\x1f[\x8dE\x84\x05H\
\x02\x9a\xdb\x82\x8cC\xf7\x97\xda\x03\x02f\xcb\x8e\xad\xc5\
n$=\xd3\xfe\x18\x9a\xcd\xa2\x86\xa8\xe1\xea[1\x11\
n\xb2\xae\xa9\xc9\xc1\xcb\xe1\x01\x18\xba\xe5\x82\x95K\xc6\
\x152oaQE\xf3\xb0\xb6C%A\x03\x91\x0e\xe3\
\x88\x85U\xe8\xc1\xa60\x98\x9f\x17\x09\xa5:\xc5B\xd9\
\x7f\xa2xb\x5c)1\x00V\xb2\x99\x86\xdb\x1c<\xc4\
j+1\x04\xaa\x224\xb4v=\xfe\xc5On\xc0\x0f\
\xdc\xffF|\xe9\xcb_\xc4\x17\xbe\xf0y\x9c8qR\
\x8eC\xcd\xb7g\x9f}\x0e\xd9\xa9)t\xf6\xf7k\xb3\
\xc6\xcb\xbeI\xd7\xc6km\xc8B\x8fDp\xf1\xecY\
<\xf5\xd4S\xf5\xdd_D\x5c,>$\x9c\xb5K\xc3\
\x81\x04\x00\x0c|D\xc3\xa4\xae+\x16@\xac\xc9\x03E\
r\x9b\xb9\x0cZ\xe0\xe3\xc6\x22\x02f\x0b`\xe7\x01\xa5\
\x5cE\xd5\xb6\x96Y\x95\xde\xa8\x87Q3c\xf53m\
O\x83\xe0\x8a\x18\x00\x03L\xb0\x8e_vc\x22\xfb\xee\
\xa5\xf5\xb7\xabs\xb5yW*<a\xe6K\x8d\x12l\
\xdd\xb8h\x01\x88\xf9js\xa13I\x0c\x96\x0f`\xfe\
\xd1\x92#b3\x00\xf4\x068\xfa\x06\x07\xf0\x13\x1f\xfe\
0\xee\xb9\xe7n<\xf4\xd0C\x82\x01<\xf6\xe8\xa3\xb2\
\x1bT\xc8\xa5\xbe6^w\xc3\xa2\xe2\xb2\x85D\x22x\
\xe6\xd9gq\xea\xd4)1\x00v~4\xca|\xcc\xbf\
\x8d\xa7\xcb\xc5\xb4\xb4/\xa1\x01 \xfe\xef!\x91\xf2\x91\
H\x93P\xd4\x00\x13\x9b1\x05.L*Es\xdfc\
\xea\x91n\xbfWsP)-_\x93b\xeeF\xac\xe7\
,53\xf3\x1ck\x86\x01 \xf7\x99\xe0\x98|\xc8c\
\x8b\xafr\x9d\x18\xd3\x0a\x08\x99\xa9\x04py\xa3A\xb5\
\x5c\xfa\x98\xc1l2\x16oI\x1a\x81\xd6\x10\xd0\xdd\x0a\
<\xd1X\x7f\xff\xfbW#\x97\xcf\xe1\xc0s\xcf\x09\x8d\
\x99\x22\x9f\x98\x87\xe8tm|\xff\x8e\xfa\x14\x93\x86\x8d\
5<\xf1\xc4\x13\x02\x0a\x8b\xda\x8f\x99\xebR_\xe2\xe9\
\xa6\xe3\x18Yy\xe9r\x15\xd3\xe5\xb2h%\x80\xe9\xe2\
C\xe1\xcf\xf6\xf68\x18IR\xfc\x83\x80\xb5d\xb6\x9a\
\xde\xc8\x10\x97\xf2x\x94\x01c;/\xe2P\xbe\x1fm\
t\x09\xba\xc4\x11\xd4\x0b\xf7(\x07\xa6\xf3\xb8\xd5*\x9d\
a\x00\xa8\xd8C\xe5\x13\xd1\xf13\xc2\x9b\x15#\x8e(\
\xc6\xa0\xc1\xf5\xad\x9f\x9ce3]\xeep\x9a8\xfa\x1c\
\x22\xfc\xc88\xde\xb8\xf4\xcdiL[\xe49\x83\xed/\
\xa1\x80\xf4^V\x18`\x09\xc0\x8d\xe8\xca\x11p1n\
R$\x16\xc3\xfe[o1\xe5\x96\x8b\xd4\x15_\x1b\xdf\
\xa7Cg\x0f\xa5\xe6&\x86\x87q\xf0\x85\x17\x84\x12\xde\
,q/\xb9{a\xa0:\xc27\xb9\xf9\x96[q\xc3\
\x0d{\xa5D8\x9b\x9dF\x94\x1d~\x16\xdb\xf3\xa4{\
5\x90J\xa7\xd4\xbb%\x9c \x8dA\xfdz\x06\xc0q\
\x22p\x98\x812b\xa1v\xe3\x95\x8f\xf3?i\x1f\xd6\
\x10\x07]\xec+\xad\xa7\xa2\xdd\x8b\xebD\x01\x81\xb1\xf4\
\xca\xe7ng3@n\xba\xbe\x5c\xe8zr!\x91V\
\xa2\xd4uww\xb7\x18\x07{b\xf6`\xda\x9c\xe3\xca\
\xf4\xb6\xb7.\xbc\xbd\x08\xdb\xf8c)\xe4\x0b{\xd1\xec\
! E\x02\xcb\xfa^\x15\xee\x94l\x80\xf0\x12\x88\xdd\
\x5czE\xd9\xb5\xf1\xda\x1e\xf5\xb02\x12\xc1\xd1\xa3G\
E\xeb_[\x837\x87\x9c\xaa9Y\xc8\x17q\xe7]\
w\xe1\xff\xff\xfb\xbf\x8f\xfb\xee\xbfO<\x05\x12t\x16\
\x9e\x8e\xa6\xd2OZ\x0e\x04\xc8\xb4E\x10\x12!\x1b*\
\x0ekINco\xd2\xc6\x9f\x8a9\xc0\xec\xfe\x84\xb1\
h`\xac\x06\xe6\xe5\xcdC\xe9\xbe\xb5\xc0afx\x00\
\xbc@\xbe\x88H\x12\x98\x88\xb1\xa0\xc6X\xa5\xf6\xf6v\
\x01\xd9\xc6'\xc6\xeb\xb2\xe0\xc26\xb2\xa9L\xee\xbe\x97\
\xb9f\xecBn~ \x0b\x0dk0\xe4\xfb\xad\xf6\xb9\
-VZ\xb6\x11`&\xf3\xea!\xfe\xb4\xba\xb7\xafw\
\xa3\xd7\x88\xff\x05\x1d\xc3\xa1C\x87d\xd3k\xbev\xed\
\xf2T\x16\xf4\xfd\xa3\x1f\xfd\x19\xfc\xe4\x87\x7f\x12\xe1L\
\x06\x9f\xfb\xdf\x7f\x87\xb1\x89Qtvv\x1a\x15\xa0\xf9\
\xe6\xa6\xc6\xdad\x13\x86#>bq\xa5\xf6\xd6k\xf1\
\x8cX\x87nx\x9ed\xb6X\xc1GO\xbaZ!Z\
\x1f\x86WsQ.\xfa3\xb95\xcb\xb8Fi\xbac\
\xca\x81\xf3\x85\xa2\x9e\xd5\x9c\xe6\x22-\x0c\x00?@=\
5\x0asJ\xbb&\xd7E<\x16\x93\xdd\x98.2\xbd\
\x01\x1a\x01\xbaA\x85B\xb9\xa9\xb8\x07R\xb1$\xda\xf7\
u e\xf9}\xde\x9b'\xe0r\xeb\xbai\xa4\x98\xd7\
\xaf[\xa4kc\xe1{\xdd\xd4x\xd3rMg\x1b]\
M%\xcfdB|?\x9b\x08\x9dO\xe6zj5\x9c\
9sFv]\xcd6\xa9(-=`\xb6\x82\xfb7\
\xff\xf6wp\xe7=\xf7\xc1+\x17\xe1\xe7\xf2x\xe2\xc9\
\xa7$4\x14\x80\xda(\xeb\xcc\xfb=f!\xc6b\x8e\
\xe0\x06\x8eS\x13\x8a;i\xbd\xcd\x9f\xf2\xe0K\xb9o\
(L}@V\xd0r#\x0d\x83\xed\x02*\x15[\xd6\
\xbe\xfc\xf9l\x1b\xd7R\x1c%_T\xf9>e\x0e6\
\x0b\xf8\xb5\xd0\x03\xe0\x0d\xe2B\xa7U\xe4\x8e\xcf\xbf\x0b\
C\xc9\xdc .2\x82\x84\xbcA\xb1X\x09\xd9\xa9\xac\
\xe4,\xeb\xbc\xc4\x19sj\xf9\xc0\xa0\xca9\xcf\x15\xf7\
\x98\xcf\x13\xb0.\x9bEh\xc5\x9aK\xbf\xc0\xcb\xcfn\
\xbe.\x87vb\x95gS\xc8\xe5\xf4g\xa2v\x13R\
}}\xe6\xa2i\x18\xb8\xe8\xf9^\x0a\xae\x94Y\xf2\xdd\
$|y\xf9\x8e\xde\xab>\xe8\xdd\x16\xf2y\x99/\x1a\
\xf6)I\x87\xff\x1e\x18\x18\xc0\xef\xff\xc1\x1f\xe0\xc6\xbb\
\xeeBmj\x0an,\x8e\x0bg\xce\xe2\xc5\x83\x87\x10\
\x0d\xc7\xc5\xa5&\xc0\xa4e\xc2\xf3\xc1\x81jhb\x09\
\x17\xd1\x88z\xca\xa2($\xfa\xb6\x86\x13\xc34!\xb9\
\x01a\x07>\xbb\x14\xd5\x02TJ\xd2s\x0b\xa5bM\
zX\xcc\xdb\x84{\x81\xc1u\xc0\xef#~a\xa5\xf3\
\x1bb}\xce\xc2\x06\xc0.&\xf6C\xa3\x07\xd0\x96\xc9\
\x08I\xc6\x92l\xec\xe2d\x0d\x00I\x13aqQ\x98\
\xb2\xe3\xe7fj\x83]\x8a\x07\xb0\xf4B\x8b\xb9a\x00\
\x8d\xd5\xc4\xc4\x84\x5ct\x98\x8c@\xdb\xac\xef\xdah\xdc\
[Vh\xe6s\xf8\xf8'?\x8e\xaf}\xed\xeb\x8d\x90\
+\xe4\x08\x0a\xde\xdb\xd3#}\x19\xd6\xad[\x87\x0d\x1b\
6`\xcd\x9auX\xb3j\x95h\xedQ\xd7Q\x04)\
_'\x83\xdeb8l\xda\xd5\xf9\xbe\x84\xbe\xeb\xd7\xaf\
\xc7\xef\xfd\xde\xefa\xf7\xbe\xbd\xf0\xa6\xa7t\x16Gc\
\x82\x15\x8c\x8f\x8d\xab\xab\xce\xc5\xc5=\x8f\xc5j\xc6\x10\
\xcc\x99f\xc6X&S.b1\xe5\x03\xa8\xf7\xa0L\
\x1d\x1b\x0e\xb0\xff\x01;\x06K\xc5k\x8d\xf5\x00\x15 \
Hab\x8c\x82\xb7\xd4\xfbk\xf0g\x96\xf5\x9cE\x00\
\xc4GU\xeat\x16\x1e-\xb7JN\x0c\xb1\x8e\xa1\x90\
4\xc4\xb4=\xd1\xf9\x22b\xca\xdf\x93\x9f\xcf6_\x11\
^\xa0Oa\xd0\x99\x87\xba\x14\x0f\xc0~\xb7e\xf6-\
\xc7\x00\xf0\xc2/^\xb8\x80b\xa1\x84Lg\xea\x9a\xb0\
\xc7\xac\xa1)\xad\x10\xb2\xc5\x02\x9ey\xe1\x05<\xfe\xcc\
3BL\xb1\x15clPQ)7\x9e\x19E&\x06\
W\xf4\xe3\x07\xdf\xf1N\xfc\xd2\xbf\xfa%\x0c\x0e\xac\xd0\
Vp\xaf\x07\xabj6\xb4\xed\xdb\xb7Kx\xcb\x8d\xa3\
\xaf\xaf\x0f?\xf1\x13?\x81\xd5\x1b7\xa2V\xc8\x8bG\
 Y%\xc7\x11\x9a0\xd5\xaf\xd2\x91\xb4l~\x14\xf8\
Pp\xbeu\x83\x5c\xb9\xd7!\x07\x89\x14\x10\x8a\x95\x04\
3\x88D\xc8\x01\xb4\x8aU\x9a\x0bHD\xd9\xbf\x80\x1b\
k \x02\xba\xc4\x00*E\x07\x93\xa3\x14\xf3\x88\x5c\x12\
\x09\x88\xcfS\xea\x08\xcd\xdf\xe7t\x03\x9d5\xc23\x1a\
1\x98\xb6H6\x1f\x9a\xcd\xe6\x10\xe3I\x9a\x10\xc0.\
6v\xd8q\xdd\x9ap\xe5]W5\xf5/\x17@\x9a\
\xc1\xbfnz-\xf5\xb3\x1c\xa7N\x9f\xc6\xf4\xe4$2\
]l\xcaym\xd8A\x98F\xc2\xa4Z\x0d\x03}}\
\xf8\xa3\xff\xf7\x0f1\xf2\x1b#Z,bb\x7fJ\xbc\
\xb1\xd7\xfc\xe9S\xa7\xa5\x87\xe2\x8b/\xbe\x84\xc3\x87\x0e\
\xe1\x1b\xdf\xfc\xa6tL^\xb9z\x15|!G\xcd\xcc\
'_\xa9\xb2\xdcWj\xc8\x5c\xf1}\x09q\xdf\xf5\xae\
w\xe1Moz\x93T\x82\x12\xf7b\x08\xe4\x97J\x08\
\x87\xc9\x0a\xe4\x82\xaa!(\x95\xc4\x03\x90\xcfY\x15a\
\x02\xc6uoh\x0e\x0f\xde\xb0\x0c}D3.|\xd7\
G2\x16C\x04\xecfMua\x9b\xd6V\x9a\xb0=\
l>\x9b\x17\xeaj1[A~:/r\xe0\xcb\x1d\
\x0a\x00\xb20\xcf\xa8\x0a7H\x0f\xf3\xba\xc3a\xdb\xa4\
\xb3\xa3\xa3C\x88@\x16L+\x14\x0bR\x8dG\xebh\
cs\x1b\x06\xa8\xb1\x08#\x12\x22\x82i\x19sW&\
\x15\xd8\xfc\xe7r\x06\xcf\x91)\x9d\x8b\xc3\x171\xb4q\
\x0b\x02\x91r~\x1d\xecVWhHrJ\xea\xc4=\
\xac]\xb5\x12k\xd7\xadkb\x87\xd9\xfbd'\xb5'\
\x18\xc1\xf0\xf0\xb0pAz\xbb\xbb\xe1\xd5*\xeaZr\
r7q?\xbe_\xef\xb0M1\xa7\xd3id:;\
\x05\xef U\xbc!\x1a\xa3\xb8@~z\x1a\xe7\xcf\x9f\
\xd7B\x1e\x96\x8e\xb3zUz=.p\xe5t\xf9]\
 \x99\x89\x09CV\xca\x80\x85\xd7\xef\x8a\xc1\xac\xb2S\
V,\x8cD&\xd9D\x93w\x10\x0aB(LWP\
)\x96\x15\xc7\xbaD\xe3\xaa\xc2\xa3\xaa\xa5\xb9\x18\x91-\
\xcc\xd8ohh\xa8\xde=\x94.>A>\xa2\xa3\x93\
\x13\x93\xc8e\xb3\x98\x9ab<\xc46\xd8\xf1F\xc5]\
\x83\xcc\xbc\xa4&\x89\xcb\xbe\x88%z\x00uMx\xd7\
\x95\xf3\xe4\xa4\xad\x17\x03\x5c\x1bs\xef\x17\xa5\xdc*e\
\x91Xkq3\xeb;\x07q\x945k\xd6\xa8\xfa\x13\
\xb9\xe4\x16\x8d\xfe>\xdb\xf1\x17\x1b\x1e\x95\xa4\xcc\xdfg\
\xcf7R\x85\xc7\xc6\xc6\xe4%*Vu\x84\x7f~\x8e\
\x98\xdc\xaf\xc0\x97\xd8?\x99v\x11\x0aW\x95\x15@\x9a\
/\xbdh\xf3\xd9t\x9bf\xd4\xe0\xd4\x84\xfbO{T\
-;\xc8\x8eS\x1fC\xb5\x02.)\xfe7LF\xd2\
\xf3\xf9j<\xb0\xd6^@\x98\x17\xc7\x85Mt\x9f\x8b\
\xde\x92px\x96d\x05\xa6S)aC\xd1M\xb2\xd6\
q6o\xfa\xd5\x1c\x16\x9b\xb0),\xad\xe4j4\x12\
\xbd6f\x0e\x15R%\x82\xad\x1a\x0c\x1c\xb2\xe8\xcd\xa8\
\xdf6\xf6_\xe4|\xb8T\xe1\xc8\xd7\xf8\xb0\x9d\x9b\x83\
\x161|s\xb1\xd0\x89\x13'0<2\x22l=r\
\xfbE\xaa\xceT\x07\xce;D\x07\xd0E4f{\x07\
R\x96\x8bu3\x0a\x22F\xa3aDbt\xd3\xb5\xdc\
\x9cxZ\xa5D\xbe\x0d\xe5\xe9r\x02\x00\x86#K\xe8\
8\xd44\x1a\xd93CD\x92\xfe\x99$\x16-\xc2\xa5\
\xe1\x07/\x10<+\x16\x1b\xed\xb3\xc2\xec\x98k\xae\xc5\
4W\xa4g@\xc3\xc0\xf71d\x90\x05'\xc2\x86V\
t\xf0\xca[\x83\xba`\xc2\x22\xa3Y\xeb\xef\x85\x17\x0e\
\xa2\x92/\x18r\x85\xfd\xe9\xabm\xa6^\xdd!\xddn\
\xccK*#\xa5\x8d\xb6\xdd\x1d\xb4\xac\xda\xbeBVZ\
Jt\x19\xadx\xf4\xeb\xcf\x9a.\x18n\x06\x8d\xbf>\
\xf3\xcc\xd3\xc8g'\x10!\x9d\xd7\xd7\x05+\xed;\x9b\
\xeeY\xf3K?N\x0e\x00\xf5)\xc2\xe2\xd6K\x0b<\
\xe1\x0e\xa8\xd8m$\x16A8\xc6\xa0\x80\x1e\x17\xd3\xeb\
UY\xac\xec8Lo@\x04A\xea^\xb0\xedE\xa8\
\x1a\xc0\xcd/\xed:\xa4/\x91\xff\x96\x10O\x0b\x8e\xe9\
\x85\x94+U\xe9\x12\xb4\xa8\x01\xa0\x1bD\x02\x10\x173\
C\x01\x9e\x0c=\x02\xca#Q\x81T\xf4\xf4\x22\x91:\
\xd8\xa7\xfd\xc6U4\xb1Y\x81\xe4\xd5\x186\x87\xcbA\
\x0c#\x9dN\xe0\xe8\xc1\xc719q\x1a\x8eP0\x97\
W\xc7\xfdz\x1d\xd6>\xdbRjNL\xea\xc7i\xbb\
h\xbbs\xcc6\x08\xcd.\xe4U4\x1c\xe2%\x01\xfc\
\xfc4\xce\x9e>!\xe25r/(\xd3e\xfac.\
<<\xc4\x92d\xfa\x05p\xc4\x0do\xcc?r\xff#\
\x89\xb0\x90\x7f\xd4\x05c\x9fK\x15\xef\xa7\xf6%e\xc0\
%\xfeg-\xbb`-\x0b\xbdZ\xeb\x01H\x19\xb0\xef\
K\xbb\xf1\xc5\x86\x18x.d\xee\xeat\xf59\xd4\x08\
T\x05\x0d\xa5D2=\x00\x86\x09\x16\x0cd\xda\xafT\
*\x8b\x14\x97\xa4\x05\xeb\xdf\xde|\x0f\x97Y\xd97\x0f\
\xf9g\xa9u\x00\xbc\x86b\xa1(*\xae\xed\x1di\x9c\
9~\x18\x17N\x1fC\xad\x927\xfd\x08\x1b*j\xd7\
F\xe3\x09\xb5~JW\xeb\xbd\x0a\xc4\x95e\x04\x5c\x98\
\x1a\xc7\x85S\x87\xd1\xd7\xd7\x81\xce\x8ev\xe1\x97\xd8\x1d\
y\xfe9i$\xef\x1d\x0f\xa947K\x92r\x8c\xca\
\xaf\xf4\x08\xaa!\x14\x0d\x10O\xb2\x97\x06\x0d\x80\x16\x06\
\x15r|\x8f\x8b\x5c\xb6\x82b\xdev\xaa\xd66\xe1K\
\x1f\xba1[\xaf\xbcZ\xa3W\xc1P\xbe\xd1\xc7\xb0\xd5\
\x087\x0b\x080\xf7\xcf\x9d\x9e\x0b\xbe\xc4\x90 NI\
\x22MG\xd0#\xe0\xefH\xb8\xd1\x82!\xad\x1d\x88\x84\
\x03\x84I\x8f\xe4\xc54\xe9\xe7]*\x0f\xe0RB\x00\
\x1b\xff\xd3>\xff\xe1\xc7\xff\x934a\xf8\x81{\xdf\x80\
\xa9\x911AT{\x06\xfa\x91l\xeb0\x1dVM\xc3\
\x86k\xe3\xda\x981T\x8a\xbbV.`t|\x0c\xa5\
\xa9\xb3\xa8\xb2\xfb\xb4\x11\xef\x94\xbe\x81aV\xa7.\xa1\
\xdc\xdc\xadh\x11\x90H\xfaZN\x8b\xf4\x03F(\x16\
F(\x1a\x12\x17\x9dL?2\x00KE\x16\x0aE1\
9^\x04\xfb\x9dF\xe5;\x5cC8^\x9a\xf7ZW\
-6\x8e\x83\x08\xf6\xd6T}x\xa1\x11\xb2tZk\
\x08\xe8\x05\xd8\x18\x9f\xbb\xfc\xec\x9d\x98\x86\x80\x99\x03K\
\x08b\x93N!\x1c\xcc\xba1\x97ZGo\xc3\x0a\xfb\
\x9dKa\x07\x0a\xf2\xca\xe7\x17\x0e\xe3\xd8\xa9\xf3\xf8\xd9\
_\xfem\xfc\x87?\xfb\xaf\x88E\x22p\xbd*.\x9c\
9\x81\x89\xb1s\xf0=\x82Z,\xcc\xa0 \xc8\x95\xd3\
2\xf8~\x1b\x9c\x973_\xa1%\xbf^\x9f\xfa\x08\x81\
P\xa4\xd9\x17p\xf8\xfciL\x8e\x9c\x92\x9d\xfc\x99\xe7\
\x9e\xc7\x03_\xfb\x06\xa6\xa6\xa7MS\x8f\xc5\x80.-\
\x02\x22\xfe\x14OP\x93\xd2\x93\xfe\x7fVZ\x8c\x1b;\
\xbb\x0d\x8b\xa3 \xa0\x0c[\xde\x11\xadW\x05\xed\x12\x0b\
\x80B,\x11\x169\xe2\x19\xe9\xd6\xc5\xaf\xc0l\x96\xec\
p\xe43\x13\xa1\x8aF\xf2\xbb\x05\xfa\x02\xcc\x01x\x19\
\xdb\x8f\x8f\x8f\x0b\x02L\xd7\xc5\xa6\x07\xeb_d\x8a&\
\x18\x12\xc4bQ\xc4\x13\x09ESg\x81\x0d\x97\xe2\x01\
\xccP\xf5Y&5X\xb0\x09*<\xc7\xa2(U=\
\xfc\xdf\x9f\xf8S\xfc\xea\xef\xfe;\xbcp\xea\xa8\xb4-\
\x98\x1c\xbf\x88\xb3\xa7\x8e#7=\xa55\xd9Mm\xca\
\xaf\x8d\xabm\xd8\xaa\xc0@w~\xbf\x8a\xe2\xd4(\xce\
\x9f:\x82\xfc\xf4\x04b\x91\x18\xbe\xf5\xd0#\xf8\xb3\xff\
\xfa)\x9c9\x7fNh\xbc2\x8c\x8c\xfc|C\xe9\xef\
>\x12\x096\xf9T\xe6\x1f\xc3\x01\xd3\xdfG\x90\xfdH\
<\xaa}\xfa\x04l%\xa3\xb6*\x9a}\xac\x00\xacV\
\x18b\xab\xc7q)C;\x01\x015v\x07\x12\xa9\xfc\
\xc5\xf5:Z\xfa\xc2\x8c%\x98S\x0fww\x0b\xab\xc8\
R\x81\x1b\xa5\xb7Z\xf1,\xda\x9b\x22\x9dp\xe9;\xfe\
bcId\x1ec\x98\xd9? \x99J\xc3\xabM\xa1\
\xeay\xf8\xc2W\xbe\x89b\xa5\x80\xb7\xfc\xc0\xfd\xb8y\
\xff^t\xa4\x03\x5c<WD)\xdf\x85\xb6\xcenD\
\xe3)iR\xa2X\xcc5C\xf0\xfa\x1ff'$8\
\x1c0\xf5VB\xb5T@\xa5\x5c\xc4\xc48\xebH*\
\xe2\xf6\x7f\xee\x8b_\xc6??\xf8 \x8a\xe5\x8a``\
\x9e\x91\x90\x93#,\xb86\x95|\x13Kx\xda\x0a,\
`y\x9f\xcd\xcd3\x9cf\xa3\x11J\xd9[\xb7\x9e-\
\xedj\x08<\x07\x95r\x04\xb9\xe9\xc2e%]\xa5\xfd\
\x9eajr\xfe\x1b&\xb3\xfel\x1eC0o0,\
\xc55\xe3\x13\xe8\xee\xecB\xd5\xad\xce\xc8\x02\xd4K\xc2\
\xe4\xa0Z\xb2(.\xcd\x15\x1cKu\xff9\xe8\x9c1\
\x02\x89F]tw\xf5 \x9dJ\x0b!(\x1a\x03\x86\
G'\xf0\xe9\x7f\xf8<\x8e\x1d9\x86\xfb\xee\xbe\x13\x1b\
7lDvjBx\x0d\x1d]=h\xef\xec\x03\xc2\
Q\x04\x14\x1c\x95f\x0c\xda\x94\xf1\xdax\x1d-yA\
\xf5\xb9\xe88O\x19Y\xfb\xa8\x95r\x18\x1b9\x8b\xec\
\xd4\x98\xb0Z\xe1Dq\xee\xdcy|\xe5\xab_\xc7\xa3\
O<)\xe9\xb3p\xc8E\x0d\xd5za\xdb\xa2\x9b\x11\
[I\xf8@\xba=\x8ep\x94M?|\xa9\xa6\xe5\xf7\
\xbaa\xca\x83\xc7\xebb\xb6\x12\x06\xf8\x90\xba\x7f\x96\x00\
\x17s5\x14r\x158\x81\x8a\xd2\x5c\xcahP\xe8\x99\
\xb1\x5c\x1a~\xb6 \x1aV\xae\x94119!4a\
\x0e\x1a\x01\x9brc\xd9\xa2\xa4\x93B\x141\xd0\x0c\xc0\
\x95\xa2\xde6\x97\x04\xcfG\xd4\x98\xfd~\xe9\xc3\xe6\xd5\
Pe\x1a\x05.zz\xba\xe0\x07\x15D\xc3\xe4/\x04\
x\xf2\xc9\xa7q\xe1\xdc9\xec\xbf\xf1F\xec\xbda\x0f\
\xfa\xfb\xfa1>:,\xb5\x03\xa9\xb66ttv!\
\x14\x8e\xd5\x95X\xae&\x87\x808\xc0\xebq( \xa6\
\xae\xbe\xf4{\x94\xb4\x5c\x0d\xe5\xfc4\x86/\x9eG!\
7\x8aH\xc8E\xb5T\xc3\xf3\x07\x9f\xc7?=\xf8u\
\xbct\xe8(\x1c\xc6\xe1\xe2\xf9R\x9c?\x983\xcf\xe6\
[\xa0\xd2\xaa/\x04D\x931\xd9\xe9\x1dO\x9bz\xb2\
\xc2:\x91\x89#\xdd\xae\xd4_\x05\xf7\x1c\xd4*>J\
\xf9\x12BA\x1c\x85\x5cA\x08A\xb2$%\xa7O/\
Ek\x05\x96;\xc4\x07h:\xc7\xc6F\xda\x82\x09\xb8\
\xf0\x81\x1c\xa9\x82b=\x00\x8b'\x08\x00\xf2\xc6\xc4\xe3\
,\x10\x8ah\x0e\xb9\xe9\x06_\x89a\xbb\xb1\xda\xa2$\
\x11c4\x92\xcd\xf3\x9e\xa7\xc8\x86k\xd9e,\x96@\
\xadjb|/@\xa1XA{\xa6M\x00\xc0\xd3\xe7\
\x871\xf6O_\xc1\xc1\x83/b\xdf\xde\x1b\xb0}\xfb\
Vtt\xb5aj\xfa\x02&F\xd3\xe8\xea\x19D\xa6\
\xbd\x03.]\x07\xe9X|\x15Y\x81\xd7\xe3\xa8\xeb\xe2\
\xa9&\x7fP\xabbz|\x0cc#\xe7Q*\xe5%\
\xd162\x9e\xc5\xf7\x1ey\x0c\xdf}\xe41\x9c\x1b\xa1\
7@\x0do\xed=\xa1\x7f\xce\x9ew\x8b\xc2\xeaHf\
\xe8\xea\xfbp|z\xcc\xec\x0d\x18B<\x15\x95\x0aA\
\xd9\x5cdSc\xa7k\xa0Ve\x91V\x04\xd3\x13%\
I?\x86\xe9\x81^\xe2Z\xaa\x9f)9\x05K<\xc6\
\x22\xf90\x05*\xe8\x09\x90(d\x19\x81\xb4Jt\x9b\
l%\x99\x95P^\xcan\xbd\xd8h\xfe\xbc5\x00\xda\
\xf0c\xa1\x0f\x99s%\x88\xc8\x0eA\x8c\xa3\xaa\x9e\x00\
\x99c\x139\x94k\x01\xba;\xd2\x12#\x15\xab\x1e^\
8t\x0cg/\x8e\xe0\xd0\xd1\xe3\xd8\xb7\xe7zl\xdc\
\xb0\x0e\xae_\xc4\xb9SG\x11\x8f\xa7\xd1\xd6\xd9\x85\xb6\
\x9e\x1e\xc4\xa2Is]\xf5\x14\xf1\xb5\xf1}\xe3\xf6[\
\xedJ\xa6\xd8\xd8Y*\x87\xc9\x91\x11d\xa7\xa6\xa5\x9d\
\x1d\xab\xed\x8e\x9c8\x89\xaf\x7f\xe3;x\xf6\xb9\x03\xb2\
\xd1I\xbbm\x06\x08M\xe9\xe7f\xd1\x19\xdd\xfd5w\
?gh\x91!\xc2\xe1\x0a2\x1d)\xa9\xfc\x93UA\
\xe0\x8f\xbd\x01c!\x16\x03\xebT\x15I0\x17\x85|\
\x15^-\x8cJ1\x8a\xa9\xd1\xa4\x84)\xba{\x9b\x89\
\xb6\x8c\xf9\xa6kQ\x0d\x1d\x0d\x8d\xd6\x01,>\x96\x94\
\x10\xe7M\xb1JA\xf6f0;\x10u\xa3R\x0e\x1c\
V\x82\xf4\x153\x00\xcd\xc7X*\x0e =\x1e)\x5c\
a\xc8\xeb\x91X\x14\xc9\x90\x83b\xa9\x88\xa9\xa9\x9c\x80\
\x96\xedmiDh\xe1\x9d\x1a&\xa6\xb3x\xec\xa9\xa7\
q\xfc\xc4I\x5c\xb7s\x07\xee\xbam?\xfazz\xe1\
\x15r\x18+\xe4051\x86\x8e\xcen\xb4wv#\
\x12K\x18\x0e\x81\xb2\xb7\x16\x06<g\x14\xcb^\xc6\x9d\
\xb86\x967\xec\xc21\x02\x1d\xec\xf2\xebWP-\x16\
P\x98\x9a\xc0\xf8\xd8\x08je\xba\xdb\xcclU\xf0\xf4\
s\xcf\xe3k\xdf\xfc6N\x9e<#^~\xc8\xa50\
\x08\x09eZ\x0c\xd5\xa8ti\xae\xa7o\xfd<\x15{\
\xa3\xfc\xae\x87p\xd4\x17\x19p5\x22\x81\xf0\x82H\xfb\
e\xeb9m\xda\xad\x909S\x83\xc5\x02q'\x12\x81\
J(d\x0b\xd2A\xcb\x0a\x86(\xd4\xb6\xbc\xd8Lx\
\xff\xa4\x05\x9b\xae\xdaK\x19\xcbb\xc4\xd8\xec\x00\x8d\x81\
\xdc\x8c\xa8\xc67J4\xbfr\xf1?C\x00\x9byh\
\xb6\xc0\xf3\x0d{\xa9\x117\x82r\xdd\x80:\x08G\xa3\
HG\x5c\xd4\xcaeLO\xe7\x84\xd7\xd0\xd5\xde!:\
\xec\xc4fj\xbe\x8fsc\xa38\xf1\x95\xaf\xe0\xe8\xd9\
\xb3\xb8\xeb\x8e[\xb1{\xdb\x16$cQT\x8a9\x5c\
,\x140=>\x89\x8e\x8e.\xa4;;\x10\x89'U\
\x15g\xde\xd0`v\xbe\xf5\x9a\x01x\xf9\x87I8\xcb\
b\xa17\xaa\x0a\xbc^\xa1\x88Bv\x0a\xd3\x04|E\
\xfe,@\xa9R\xc5\xe9\xb3\x17\xc4\xe5g?\xc0R\xb9\
\xa2:\x96\x5c\xbb\xea9Ka\x94Ng]\xf8v\xde\
qN6\xa7\xa8\xedw\xeb\xaf\x8dJP\x10 \x9d\x89\
#\x91\x22\xa8\x5cB,\x19\x13U \xa6\xfe\xac(\x97\
~&\x84r\xa9\x8aB\xbe$!\x07\xbbPU\x0al\
\x05\x1e3z\x83\xa6\xb5\x98\x80\x01\xcb\xb8\x13d\x01\xb2\
\xb1\x88\xe9\xd8\xad\xb7e\xe1\x03\x5c\x12%\x8e\xe2\x11\xcc\
3\xb6\xa7;\x10\x8b\xc4Qck\xef+\x94\x05\xb0\xdc\
\xfe\xba\xd4\xf7\x12p\x00\xe1M\x85B\xd2\x04A\x8a\x22\
\x1a\xbc(-m\x8d\xc7\x10u\xb5\xc1\xc3\xd9\xd1Q\xa4\
\x12I\xf4t\xb5!\xcc\x90!\x08a|j\x0cO\x1d\
<\x86\x91\xe92\x9e=x\x0c\xb7\xddx\x1d6\xad\xea\
G<\x1cE\xb54\x8d\x0b\xe7\xa7\x11\x9dL\x22\xdd\xd6\
\x86t\xa6\x0d\x89t\x87!l\x98V\xce\xaa\xc1\xd2t\
6\xd7\xc6+7l\xaf=%\xe1T\xca\xd3(\xe7\xa6\
\x90\x9b\x9aD\xb9P\x80\x13&p\xed\xe0\xf0\xa1\xa3x\
\xe4\x99\x03x\xe2\xf9\xc38r\xe80\x22\x91\x10R\x89\
\x84(\xf5h\x03\xd0\xe6\x9e}\x86O/;iC\x9d\
\xaa\xde=\xd8l0\xcd\xab\x93`#\xdb~e\xda\xa3\
\x88\xc7C(WQ\xef\x0bH\xbb\xd1\x10\x12\xe5\xf1\xc2\
\xa2\x5c%\xa0\x9f\x17\xc7\xf8H\x0d~-\x8cpSw\
\xadz\xf1\xd0\x12\xe7\x93U<\xd6\xd7\xd23h\x97d\
\x00,.06>\x86D\xa2[\xe2\xe6+Y7b\
\x09A\xc2m6b\xa4\x0b\xe3\x00\xfa`l?\x03n\
\xef\x82M\x8aU'8\xe8 D\xf927\x84\xa0\xe4\
`2\x9b\x15\xc0\xb0\xaf\xbb\x0b\xbeW\x95\x0a\xaa\xa9\xa9\
,2\x19\xcae\x1d\xc2\xf1\xe3'p\xfd\x8eM\xd8\xb5\
m3\x06\xfb\xfa\x91\x88DQ\xadM\xa3R*`j\
r\x0c\xc9d\x1b\x22\xd1\x18R\xe9\x0c\x22\x91\xa8\xf4O\
\xe0N\x22\xc4\x08yh\xcd\x056\x8dGz\xcd8\x5c\
\xcehr\xc3\xed\xad\x945\xe8\xa3\x92\x9b\xc4\xf4\xf4(\
\xf2\xf9i\xd4\xaa\xd4\xd5\x0b!\xe2\xc6\x11\xcb\xf4bx\
r\x12\xff\xf4\xc07\xf1\xdd\xef=\x8ai\x11\x02-\xc2\
\xa7\xfb]\xf1P,\xe7\x11ce\x1e\x17j$$\xcf\
Y\xf71\x81\xe1gx\xe0\x0dO\xb45\x83T\xc8>\
A\x09\xe96\x86\x10\x14R\xa5\xc6_Q\x80=\xc7\x89\
\xeb\xb1\x9a44\xcae*\x04\xf9\xa8\x14j\xc8M\xb1\
\xf9\xad\xeal\x5c\xea\x22\xb2\xb8\x85\xeacJI\xe1\x82\
\x19\x0b;.\x99\x14\xaf\xfd\xfb\xd8w\xcc\xb4\x1d\xa2\x05\
\xb8B\x9b\x9f\x0a\xd2\x12\x10Q\x05W\x0ek\x89[\xd7\
n3\xff\xca\x8bf>wF\xe3\x22-\x9dd\xee7\
`\xb8\x12A$\xc5\xf6\xe2!\xe4\xf2y\xf9`\xd8\xa5\
\xe7\xe0#\x16u15Im\xb8\x1e\xe4JU|\xe3\
{\xcf\xe0\xec\xe84z:\xda\xb1f\xa0\x0f\x1bW\xaf\
Dg[\x0a\x89 \x82R\xa5\x82\x82\xe3\x22;>\x82\
\x10'N\x22\x85h4\x8eX*\x83p8\x8ex\xaa\
M\xba\x0e1&\xd4\x07\xa0n_#\xb8\xab\x9f\xf9\xec\
\xbbzen\xe0\xebf\xcc]l\x81\xd4\x9d\xe8\xcf\xca\
\xf9,r\xe3\xa3\xc8O^@\xb94))\xe9D\xb2\
\x0b\xa1h\x1b\xce\x8f\x0e\xe3\xb1g\xbf\x87\x87\x1ey\x16\
'N\x9d\x11O @\x0c5?/Y\x1e\xc7\xa7\x10\
\x87/\xad\xe7Q\xa9I\xcb\xaeP\x1b\x10\x8fD\xeb\xd4\
YI\xeb\x99\xf0sQ\xd9;a\x13;h\xeb\x88k\
\xdbo+\xb8*\x1eC\x93>\x85\xf9;\x0d\x00\xe7D\
\xa5L\xaf\x85\x14\xe0\x99\x1e\xc5r\x07\xd7\x8b6\xb2v\
\xb5\xc3\xb0\x91\xeb_\xec\x98\x97^\x15#q\x13e\x8e\
\x8c(\xe7\x15\xe4\xd4\xd3\x98\x8c\x8dM\xa2\xb3\xb3]k\
\xd2\x17\xb9\xf9\x8d\x86\x22\x16`i6\xdd\x86%\xa8e\
Q\xf2\x83T*!7\xbcT\xd1\xde\x874\x08\xdc\xc1\
\x89mLOM\xa3\xb3\xbbSz\xc3\x8dMf\xb1i\
\xcbv<w\xec\x10\x9e}\xe9 V\x0f\xad\xc0\xba5\
k\xb0np\x10\x9d\x89$\x1c\x16\x5cT\xaa\xc8\xe5K\
\x08\x5c\x96xN\xc0\x8d\x86\x91\xealG{W7\xe2\
\x91\x84\xb46\xaf\xbb\x8b\xe6\xfcf\x9e\x5c\xb3\xb3p\xb5\
{\x09\xcd`\x9b\xa1\xe9\xca?\x1b^\x94\xe3\x17Q\xcd\
g%\xbe\xcfM\x8e\xabj\xb5\x1bF<\xd3\x8bB\xb1\
\x8cg\x8e\x9e\xc5\xb3\x07\x1f\xc03\xcf?\x8b\x8b\xa3\xd3\
p\x9d\x94t\xb5\xca\xe7s\x18\x1b\x1f\x97yJ\xb4?\
\xe6\x92\x93\xaf\xe06\x1b\xc1RK/\x9b+#\xdc\xce\
\xf60\x8d\xba~!\x11\xcdjB\xd3j\xd0\xab`\x0d\
@$\xaa\x99~\x1e\x82\x85t,\xa7\x9f\xa1\x99a6\
,\x96\xfd\xd2\xf3$\xff\xbf\x5ca(\xbat!\xdc9\
w\xad\xa9\xa7\x83'M{m\x7f\x87\xc5\x8fw\xd9e\
q\xb2\xf0g\xb9K\x97y@Y(\xa4d\x92\x81\xc9\
x\x8a\x0d\x14\x17\xbc\xf9\xe6\xe2\xc3\x8c\xe7<[\xf1\xb7\
\xc0W\x04<.\x8d\x00\xc1\x98\xb2\xc4\x80V\x00\x83\x0c\
A\xfe\x9b\x1d`\x86/^\xc4\xb1\xa3Gq\xdf\xfdo\
\xc4\x91\xe3Gp\xf8\xd0a<{\xe8\x14Vtu`\
\xc7\x865\xd8\xbc~\x0d\xba\xbb\xba\x10\x0f+i\x84\xb8\
H\xc9\x07\x8a#9d\xa7\xc7\x91L\xa4$\x95\xc8\xb6\
c\xe1P\x0c\xa103\x10TkQ\xaf\x89\xd4\xe5\xc6\
\x8b\x1e\x82\xa1\x88J.x\xceM\xb9\x94\x1b\x89Wg\
,\xf6\xddvA\xcc6\x86\xfc\xa1]\xf4\x96B\xeb\x89\
$Y\xb5\x5cA\xb5\x5cB\xad\x90C\xad\x98G\x8d\xdd\
3\xbc\xaat\xbe\xb98\x91\xc7\xc1c\xc7q\xf0\xe8\x09\
\x9c:{^~\xc6\x8a\xd0D,#\xf1\xf6\xe4\xe4\x84\
pY\xea\xb1<\x88\x07\xe9\x82\xe3\xdc\xa2gX\x11>\
>_\xbe\xaa\xf1\x04Z\x17\xd3\xbcr\xd5\xa5nu]\
\x8a\xea\xf3\xf1\xc6\x13r\xd2\xac\xaaA$\x1a\x12M\x0d\
\xdd\x9c\xec5*Z\xef\xd7\x08\x0cDQ*T\xe4\xb1\
\xd71\xabK\x1c\x9a\x01\xd0\xfb\xa6\xdd\x80\x976\xaeP\
]\xac\x22\xafW\xc2\x09\x90\xb8\xa8Fy$_DI\
C\x89\x88\xea\xaa/\xc2\x91\x96b q\xb9I\xefP\
\x22D=d\x98\xad\xf5\xd6\x14\xd31wJ\xdd{\x82\
\x88\xd2\xf2\xc9A\xbd/\x02\xc9O\xcf\x1d8\x80T:\
\x8d{\xef\xbd\x17\xeb\xd7l\xc4\xc9\x93\xa7p\xe4\xc8\x11\
|\xe1;O\x22\xfe\xd8sX5\xb8\x02\x9b\xd7\xad\xc2\
\xea\xc1>\xf4\xf6\xf6\x8aaa\xa9\xa7\xef\xb9(\xe5\x8b\
\xc8ON\x0b2kQdV~\x89\x14\xb7\x89ai\
\xb4\x98\x9al\xeb\xe8@\x8c\x9a\x8bQz\x0d<\x1f\xee\
PZ\x15\xd6\xc0\x1446\xb5F\x92\xc3\xb6}\xd0\xfe\
\xefv\xe7\xb4u\xe9\x0d\xcf\xe2\x950\x05\x8dE\xddP\
\xd0mz@f\x96\xeb\x9f\xba\xbemS\x19\x15\xdb \
\xfb\x8d\xc6\xd1\x936\xd9U\x89\xa1+\xc5,\x9cjI\
\xba\xdcx\x01u+*\x98\x9a*`d|\x1c\xc7N\
\x9d\xc5\xb3/\x1e\xc6\xf9\x8b\xc3\xc82\xa4\x03\xab\xf0R\
H\xc6:H\xf6\x95\xef\xe41\xc8a\x99\x19>6v\
\xf8\x8a\xc8fi\x9b{u\xf7\x1b\x17\xa3d4\xa6\x06\
\xf5\xfd\xd24v\x9e\xcd\x8e\x9fg\xb68\x1c\xa1!\xa7\
o\xecK\x13Q\xa6\xff\xec\x5c\xb4\xa1 ]~\xb6\xb1\
t\x10E\xb9\xc8\xefo\x88\x8c\x5c\xca\x12\xb2\xe7)\xb7\
R\xfav4j\x17^F\x03`I\x0d|\xf1\x029\
\xb1)\x99\xd4\xa8\x98Zn\x81\x90\x96\xf5\xeanN7\
\xa6T\xad\xa0#\x94R^\xf3\xa2gJ\x10\x90\xc2\x0a\
\xac\x0a\x0cPca\xb5P\x95\xb5BKO\x997G\
\xfa/\xd5\xfb\x0fX\x0b_?W\x96Q\x02\x98\x9cd\
\x09h\x08mm\xedx\xf4\xd1\xc7\x85\xf9x\xf3\xcd7\
c\xfd\x86\xf5X\xb3n\x03\xce]\xb8\x88#\x87\x0f\xe3\
\xa5\xa3'\xf1\xf8\xd3\xcf#\x93\x8ec\xe5\x8a\x01\x0c\x0d\
\xf4\x0a\x9a\xdc\xde\x9e\xc1\xba\x95\x83X9\xd0\x8b\x8eT\
\x9c\x85\xdf\xf5\x90#\x11O\xc0wB\xa8q\xb2\x97\xd9\
\x99\xd8G)7\x8ep4\x8eH\x9c\xddd#\x88D\
\x12\x88Fb\x22\xce)k\x87J\xb4\x86\x80\x15vc\
\x08\xc2\x11\x93RV\xc3\xa0\xfcrz1\x0c9Tz\
J\x9f\x80..-@\x99;\xbd$4\x9a3\xa3g\
\xf7^\xb6OG\x9f\xfb\xbcC\x8cS\xb8\x11\xea\xd4\x1f\
\xbf\x12\xdfk\x5c\xc8\xd5\xb2\xe0F\x92\xb11\xeaCR\
l\xc3.6\xe6\xf9T*,\x8a!\x07\x9fu;%\
\xf8\xd5\x0a\x0a\x85\x12.Ndq\xec\xdc\x08^:~\
\x0e'O\x9f\xc3$S\xbbB\xfdv\x90n\xeb\x92{\
\xce\x8e\xba\xb9\x5c\x1e\xd4<%\xee\xc3c\xd7#\xab\xba\
d\x97\xc6\xcaA=\xcbd<\xc8\xb0+\x1e\x815\x06\
\xb6iJ\xb3|X\xab\xc5/w\xd9\xf1\x10\x8e\xb3!\
h\x83=,*\xda\xe2\xd8i\xb9/\x9f\x13\x8d\x09\xeb\
\xf4\x05\xe3r\xd4\xa0I\xbc.,\xc1K\x04\x00=c\
\xa8\xdc\xb0l\x9a\x15\x82\x80\xf5'f\x1f\x82EM\xaf\
\xa8\x07`\x17\xbb\x0db\x1bm\xb9.e\xc7i&_\
\x10\xe8)W\xa9i\xe6\xc11*'\xf2\xdbyB\x01\
\xfe>\x12\x0dc:WE\x91\x13J\xd2!\xaa^\x14\
\xa2[iz\x8c\xd3 h\xb95E\x19\xd4j\xda2\
J\xc15l#\xc7\x80F`J\xdeG\x06\xe4#\x8f\
<\x8aD\x22\x89]\xbb\xaf\x17\x89\xecU\x83\x03X9\
\xd0\x87\xe9\xdd;p\xea\xd4i\x1c>z\x14\x87\x8f\x9f\
\xc2\xa1c\xc7\xc5ee\xfc\x97L\xc4\xd1\xdf\xdb\x8b\xed\
[7`\xf7\xf6\xedX10\x00\xafV\xc4\xc93\xa7\
\xe5\x0bb\xf1$\x12\x89\x0c\xda\x92i\xc4\xe3\x11\x04\xae\
+\xdc\x84ri\x1a\x85\xfc\xa8\x11heY6O\x88\
aP\x18\x91pL4\x1b\xb9\xb3\xf0;\xc8}\x08\x85\
\xc2r]\x96Ca\x05\x00%\xa5\x1a\x89\x22\x96J\x89\
\x10\x85\xfa\xb0z\xa1\x9c\xe0\x02\x16\xd1\xb8Z\xfcVl\
HH\xeb\xd1\xeb\xe1x\xc3\xb7\xf8\xff\xca{\x130;\
\xcf\xeaL\xf0\xbd\xfbV{\x95\xa4\x92TZ,\xc9\xb6\
l\xc9\xf2\x22\xcb6\x06\xdb\xd8\xc16\x9bYl\x9c\x04\
\x08\x84\xc9\xd6\x81&=\x93y\xd2$\x9d\x84@2\x9d\
\x99\x86$d\x92'\xcf\xa4\xd3\xe9L\xcf\x13\x9e&\xcd\
\xb4!\x01\x12v\x0c6\xc6\x1b6\x06\x1b\xbcK\xb6%\
\xcbZj\xbf\xfb~\xe7y\xdf\xf3}\xf7\xfeU\xaa\xe5\
\xd6\x22\xdbL\x7f\xe4\xa6\xac\xaa{\xef\xbf}\xdf\xf9\xce\
y\xcf{\xde\x13\xb8\xdbg.\x04i\xd2\x13\xd8rn\
\xbb\xdaR\x91\x8cCi\xaa:\xf2\xb9Y\x14Ky-\
p\xee\xf4V \x1bR\xcf<\xdes\x1a8\xba\xe2\xbc\
F:\x04\xb9B\x19S39\x9c<=\x81S\x13\x93\
8qj\x1c'N\x9e\xc2\xf8\xd4\x0c\x8aU\x1a\x076\
\xa9Ial\xcb&\xec\xda}\x0ez{\xfa\xf0\xd2\xf1\
\xe38r\xe4\x88Hj\xe2\x92\xd4\xeb(\x16iL\x16\
\xb6g!\x87\x1d\xd1\x00\xd0h'Sq\xcb\xe6\x04\xe6\
\x9b\x9f[\xc1\x9f\x0b\xcc>\xa9\xfd\xa4\xfa\xa2\x88$\xa2\
\xa87\xa9L\x15R\xc9|\x9bF\xeau\xfe\xd4U\xdb\
\xee\x1fq\xebB\x91\xed\xf7\x5c\x190\xbd\xa0U\xf8\x00\
4\xa6\xb6\x16\xc3\x229\xf1\xdfV\xc0\xb4\xfc:\x5c\x93\
\x01\x90s\xca\x89\xd7\xb6\xaa\x9d.=\xab\xfbB7\xd1\
\x5cg\xd3b\xa9\x84\x06\x17\xad\xbb)\x8b\xa9\xb7*M\
H\x0d\xf7B\x09/\x1e?\x8df\xc8z\xb21\x06c\
#\x8cT*if\x99\x16\x9d\x13\x8d\x80N8\x82\xa9\
\xe9,\xb2N\x05I\x92\xcd\xed\xab\xf2\xd5\x8e@\x96e\
\xd1\xd1\xa8(\xd0\xdf\xfb\xde\xf7\x90\xe9\xe9\xc7\x9e=\xbb\
\xe5Zr\x11\xf6\x0f\x0c\xe0\xc0\xe0 v\xef\xd9\x8dq\
RMs9LLL\xe0\xc5\x17\x8fKHb\xfc\x99\
#x\xe2\xc8\xf3\xf8\xea\xb7\xef\xc3\xee]\xbb18\x98\
\xc1}\xdf\xfd\x8e\x84 \xd3\xc9\xb4\x9aF\x0c\xf6\xf5`\
ph\x00\x9bF7a\xeb\xd8\x16l\x1a\x19\x16k1\
\x95Jh\x92\x0b\xdd\xe5\xa95ayn*\xc8p\xe1\
\xb2\xda,L\xcdF\xd3\xac\xef\xf81\x0d\xe5\xa5\xf5\x1c\
\xa2\x11$3=\x88&\xd2h\x85\xd9\xd7\xa1i\xb5\x16\
\x0d\xd3\x7fT\x16GB\x1f\xfe\x118\xd05\xb8\xe7\x07\
\x1a\xcch\xb3b8\xe3:Z\x98&\xa4\x1d\x8b\xc6\x84\
\x9e \xa9\xb6\xed9\xe0\xda[\x11d\xe3\xf9\xc6\x9c\x81\
a\x91V\x92*S4\xc8h\x88\xb19>9\x8d\xc3\
4\xa2\xcf\x1d\xc7\x8b\xa7g0\x95\xcda&_\x16a\
\xa7\xccsm5\x90J\xa4\xb0e\xf3\x16l\xde\xbc\x05\
\xdb\xb7\xef\xc0\xe8\xe8f\xe16?y\xec\xc7\x0a\xcd(\
f\xc3\xe7\xc5E0=5\xa5\xfe\x16j\x94\xb1\xe0\x9c\
l\xc9kl\xb6\xea\x88G\xc3R\xf1m\xd1\xf3\x08\xc8\
\xcc\xe9s<\xff\x80\xea\xf4\x82_\x15\xaaK\xec\x83\xf6\
\x83xB2\x11B\xa6\x87\x99\x07[\x9c6\xb3X\x0a\
\x1cB1o\x1a\x1b\xb5J\x03\x95R\xdb=Y\xdd\x9a\
q\xcf\xc0G^4\xb0\xdd\xd2\x80\xd7\xc1\x00t\xa6\x1c\
'\xa1\x8f\x91\xd6c\x08F\x91\xa8\x81\xb9\xa3\x9e\xec\xd3\
\xcel,`\xa1\x19\xfb\x90\xd3\xdd\x0aEQ-7\x11\
K\x00\x91-\xa3H\x92\x8c\xc1\xca\x0b\xf7\xcd\x9a\x90l\
\xd0P\xb7F\x10\xed\x07=\x1f+pn\xe3\x14[G\
m\xd8\xa0\x89\xff\xedo\x7f[\xc5P[\xb7\x8eI_\
\xdf\x1aL\x84$H\xbas\xe7N\xfd\x9b\xc82\xe5\xd6\
\xd9}\xf6\xa5\x97^\x92\xca\x12w\xa2G~\xf4CY\
\xfaX\xb4_\x92\xd0\xd9b\x15\xd3\xd9\x19<\x7f\xfc\x14\
j\xd5\xb2lv<\x19E_&\x8d\xfeL\x8f\x8c\xc0\
\xf0\x86\x0dH'S\xd804\x88\xad[6c\xd7\xae\
mH\xc4\x22h\xb2\x18K\x13\xdb\x18\x8d\x9d4\xac{\
&,\x08\xa1A\xad\xb7P\x9c\xc9\x22\x1e\xce\xba\xf0\xa0\
\x03fq\xb2pB\xd2\x13\x92\x1b\x1a\xbcp\xfd\x9f\xb9\
\xae\x81\xa68\xfa\x19aO=y\x1a\xf4\xb0\xcc\xfd\xd5\
\xae\xc9\xf2\xd6rE\xdfKPS/.\x81\xa6\xb9\xbd\
\x1ew\xe1\x0ex\xe2\xe4i\xccdg\x11\x8e\xc51>\
1\x8e#/\x1c\xc3\xc4\xe44fs%\xd4\xb8#r\
>\xf1\xf3\x0a{\x22\x18\xdd\xb4Q=\x0b\xb7o\xdf\x86\
Aj9\xc4\x132\xdc'N\x9c\xc2C\x0f=\xa4\x8e\
F4f\x5c\xfc\xbc\xff\x14\xb5\xa1\x91>\x93\xbd\xd7\x99\
\xbd\x8d\x86y*\xb4\xac\xe4s\xd0\xa0\x0b\x84\x0c6>\
\xf1\xc0\xe1\x12\xd4Z\xdb\xfcZ\xe8\x1b\xc8\xb8\xcc\x05\x01\
ize~\x9e\xfa\x98\x98\x1e\x113\x005\x85r\xd4\
\xda\xa1\x06`\xd3\xe3\x0f\xab\xf0\x9b\xe9]\xd1\xcb\xb5\xeb\
i\xa2\xc4\xf9\xdfy\xc8\xcb~~\xcd!\x80\x1d\xcb&\
I\xa7X\xc2\xfe\xb6\x9a\xb4F\xb0S\x0a;\xa4\x0a\x95\
\x8d\xb3\x87\x1d\x9f\x8d\xb9\xe7f\xec\x1cS\xd0\xb3\x9e\xdc\
,\xe5\xce\xc4\xf0A\x98D\x83\xf1eE\xe5\x96tE\
\x83\xd8\x04\x8d\x85o\x0dm\xf6\xf7L\x87\xc9\xbc\x02r\
\xab\x1bZ\xd0l\x1fE\x11\x89;\xbf\xf9-\xdcx\xe3\
\x8d\xd8\xbcyT\xe2\xa9\xdaa\x9a\x14b\xb4\xd8+\x1a\
\x89c\xcb\xe6\xad\xd8\xb2yL;\x12\xbd\x02\x02Q\xd2\
\x98?5\xaex\x96\x0fN\x9c\x04P \x92\x13\x91Z\
\x8bE\xd4\xeb\x15\xe4\x8ae\xe4\xb2\x05\x1c{\xe9\x04Z\
O<eqz\xbd\x8e\x0d#C\xf8\xa3?\xfa(F\
6mE<\x91T\x8f*..\x9e\x1f\xaf\xc7\x98k\
\xd6\x83\x9en\xb6\x94\x9b]\xf61\xc2p@\xf7\xd0I\
\xc7\xf2;Y\xfd\xac\x05\xdaY\x9c\xda\xe9\xda\x0f\xc3\xef\
\xe2!4\x08Zs\xf7'j\x1e%\x0e\xc1\x9d\x9c1\
n\x1c\xb5F\x1e1\xc4\xf1\xc5\x7f\xfcg<\xf9\xf4\x93\
Z@\xd5FY\x06\x96N-\xc38z\x07\x04h9\
W\x99\x02c\xfc^\xa5\x01\xa2\xf1\x8d$\x10\x8a$\x10\
%\xb9j`\x03\x06Ri5\xa6\x1d\x1c\xe8U\x93\x1a\
\x82\xb1\xcc\xca\xd0\x0b\xe3\x19\xd7jv\x9d/\xbcp\x0c\
\xf7\xdf\x7f\xbf\x9e\x0d\xe7\x9do\xef\xcd\xc5\xcf\x9f~\xf1\
/\xb4)\xf1\xfdU\xa9^\xb1\x09'\x0dZ\x14L\x00\
\x86(+\xe5z\xfe\xb5\xc3N\xd5\x0a,\x91\x06\xe4\xdf\
)\x03\x96L\x90\x9d \xa3\xc9s\xe1\xbdj\xa2\xd2\x06\
l\xcd8X\xb5\xab\xae\xa3\x14\x82xK6\x03\x96D\
^\x16]/.\xf5\xd7$\xd8X\xaf\xa3P.I\x86\
,\xf4\xf2x\x00\x1ddz\xfdX\x00\xfe\xbb\x81\x1a\x17\
U\xb5\x81\xa4H\x1c\x0b\xdd\x1e\x0f<\x19\xba\xda\x01k\
\x5c</\x97\xb9\xaa\x05\x12\x12\x08\xe6L\x07\xab\xa5\x1c\
I\xc7\xba\xb3,}\xbb|\xf7a\xba\xf6#\xc3\x1b\xc5\
\x15\xa0'\xc0\xber\x9c\x98\x5ch\xde\x08\xfaA\xef\x85\
\xc7b\x1c\xc8\xd7\xa6M\x9b\xb0{\xf7\xb92\x04l5\
\xc5^\x0c\x0c\x19\xf2\xf9\x9c\x14ab\x89\x04\x12\xe9^\
\xa9\xd34\xebU\x81\x98\xd2/\xa4[\xdd\xa2>c\x11\
}$%\xed\xd8\x81\x9eL\x1f\x22\xcc7%\xd2\xdc\x8e\
\xed\xb2\xd4^FbpmL\xc6v\x06z\x02\x11\xbd\
8\x91\xd5\xdc\xd3\xef\x8a|nr\xcd\x03MY\x85%\
\xd0b\x98z\x8d\xa1X$\xb2\xb2-\xb6\xb5\x9c\x92\x00\
K;1QC1\x7f\x1a\x95|\x19O\x1e=\x8a{\
\x1ey\x14\x89T/\xea\x0a\xb7\x22F\x97\x0e\x13\xaf\xb0\
f2\x8cN\xe9=D\xfb\x87\x90R\xacG\x03\xd1\x12\
\xbe\xb2{\xcf\xb9\xd8\xb6m\x1b2\x99\xb4)Q'\xe2\
\xed\xd2p\xee\xd6\x5c\xb0vO\xe3\x98\x99\xc9\xe1\xbb\xdf\
\xfd\xae\x16\xbb_l\xa5bQ\xe9>_G\xb2\xd80\
\xd5\x5c\xba\xfe&\xcc\xc9\xf0\x91\xa5\xee\xcbOb\x0f\xe6\
\xcd\x9d\xa8\xd6\xec\x83\xed\xc0\xad\xf5Z(\xcc\x9e\x99n\
>\x9e\x81\x95\x84\xcd\x1bj\x84\x91\x9d-\xab\x1cX\xd9\
!\x87\xb5\xacT\x9b\xc1\x1b)>\xaa\xd9RQ\x19\xb4\
\x05\x8f{6\xb2\x00\x8c\xfd\x1a\xcd\x9a\xb1\xf0\xe8\x05\xc6\
\xbc\xa4\xf1\xaa\xbf\xd2\x85C\x8ca\xad\x83j\xa9T@\
o:\x15@r\xe7~D\xee\xbb\xb7\x94\xce%\xb6a\
\x1e\x02[.\xd3)!\xd9\xa7\xd3\x98\xd9\xe1\x17\xceK\
2.\x83O\xad\xb5\x964\x02\x9cp\xec$\xcb]\xe7\
;\xdf\xf9\x8e\xd2\x83\xec/gL\xc5\xe0\xa6\xe9\xa2q\
\x1a\x1a\xe7>\xd2\xfd\x1f\x1e\x1e\xd6\xeb\x82\x0b.P\xba\
\x91F\x85X\xc1\xe4\xc4\x04N\x9c8\x8e*\x1a\x88\xc4\
\xe3\x88$,5\xc5\x05Z\xab\x95D\x14)7Bx\
\xfa\xb9\xa3\xd8\xbem\x07\xd2\xcd(P-azf\x16\
\xc5b\x01\xb1h\x04\x99L\xafB\x11\xeeV\xde\xa3\xa1\
1\xa95H6a\xcfy\x86&\x13\x22\xc4\xd4\xaa5\
\xa4\xd3)y5L]2_\xdd\xd1bh\xe1\xd4\xf8\
i\xc5\xd6\xa5J\x05\xe3\x93\x13\xa8\xd4\xab\x18\x1e\xda`\
\xa1^(&\x8eC!\xcf\xf3>\x89\x99\xc9\x93x\xfe\
\xf0\x11<w\xf4\x04\x86G\xb7*\x8dI\xa956\xba\
\xe0\x84\xb70\xc1\xc0>yg\x11Ru\xb9c\xc61\
48\x88\xd1M\x9bd 7l\x1c\xd5b\x96G\x22\
\x03\xcd\xdd\xdeZ\x98qA\xd1\xe5\xb7n\xbe3\x02e\
\xb9\xd8}\xbfJ\x96\xf9\xf2\xdf\xed9\xb1\x88\xfb\xab4\
s\x95\xf4oC\xe4\xb9X{z2\x88\xc59_\x8c\
}\xba\xd8\xe0}\xe9\xd4\x01\xf8Y\xc6g\x1cB:U\
E\x22YF\xb3U\x93\xfaO:\x13_`\x0f\xe7\xbd\
\xb04`\xab\x15C!oEuv\xbe+\x0b\x00\xac\
\xcd\x98\xe1.>\xedJ\x00\x90\x19\x07\xfb>\xef\xd5\x9e\
E\x0f\xc0e/\xac\x12j]\x13\xcd\x1e\xc3\x04\xb2\xf9\
\xbc\xc86g\x92c:\x83.&]\xb0B\xb1h\xec\
D\x7f~\xba)\x0e\x90jg+l\x95\xb2\x08\x84\xd8\
@\xa5f\x881S@\x0b\xdd0\x054.\x14\x90@\
J\xb9\xa2\xc5O\xd7\x94\xcdH\xe9\x09\xdcp\xc3\x0d2\
\x02\xde\x13\x98\x7f%*6q\xff\xe2{<\x98D\x86\
\x1a\xdd[\x0e\x86\x0a\xcf<\xf3\x0c\x9e{\xee\x08N\x9d\
:-M\xf70S\x7fa\xca\xb1G\x90\x88\xf4\xa1P\
\x89\xe0?|\xea\xef\xd0\xdbG\xeaqB\x9c\x02z\x10\
\xa5r\x19\x91pH\x85JRlN\x9af\x03\x9bP\
\xd2\x03\xa2;\xcc\xf4\x10[\x80\x13X\xe5\xef\x94!\x88\
F\xec\xfd\xf1\x84\xfe\xdbc,\xf4\x98h\x94*Uj\
\xe4\xd5\x1d\x15.$W\xd9p\x07\xb6\xd5b!TS\
\x9e\x0a\xb3,\x1d\xbalD\x9e\x08C\x04\xb6\xd1f8\
$\xe6]2\x81tO\x0fR\xe94\x06\x86\x87\xd0\xd7\
\xdb\x83\x81\xfe~\xa4\xd3I\xbdWx\x82\x16A\x081\
u\xa3\xa6\xa1\xf1\xe1LS\xf1<\x178\xbd\xa6'\x9f\
|\x12\x13\x13\x93\xba\x07\x12\xb1\x9d\x9eB\xa5X6O\
\xd0-\xfe\xc5\xc0hz\x11\xc2~\x98\xf6\x0b\x01\xbd\xa9\
\x14\xd2I\xb2\xf5|\x9a\xd4\xe7\xeb\x030\xe8\x1cm\xfd\
\xf9\x13\xdd@Ab7\xd1\xb8[\xc8af\xa4\xfc\xec\
\xe9\xbc\x9f\xf7\xa7X\xa8\x8apT\xab\x86%\x02B\x8b\
\x18\xe8G\xba\xa2a\xec\x0f\xa3\xbb\x13\x07*\x91\xd4\xe6\
B\x16\x95\xc5w\xf1}\xab6\x00>}\xc6\xf8\x97\xaf\
@\xe4\x18x\xc7\x0a\xad\x02c\x17\xd5\xdc\x93_\x9f\xc4\
l\xbe\x84J\xad\xae\x05Ni\xdf3\xb9%!\xe9\xae\
\x09\xec\x92[o\x84\x0a\xcb\xbc\xd8\xc3b\x1aMq\xed\
\x1c\xcf\xc4z\x190\xce\xe4nX\xaf\xd2\x08\xa4\xda\xf5\
|\xc1!7\xd1\x89\x89\xdb1#\xed\xd4\x927\x02w\
\xddu\x17\xae\xbb\xee:-\xa6`\xf5\x98\x8e4g\x12\
\xce\xcdf\x04\x09\x1b\xdc\xdd\xf6\xed\xdb\x87\xf3\xcf?_\
\xdfIC0\x9b\x9dB\xa5\x5cE\xa9T\xd1\x5cb\xda\
._\xac`&Wh\xf3\xd5\xbd\xc7E\x03V\xaaL\
\xa1\xd9\x9at\xbc\x87\x86&\x05\x024V\x7fn,\x93\
6\xa3\x14\x92\xf0e\xb1B~\x82\xc5\xff\x5c\x88\xdcm\
i\x14\x893$\xd3\xae\xef\xa2g\xef\xa9\xb6\x82a\x02\
\x0bhb\x88\xba&\x97\x9eIIM\x06\xaaE\x8f\x8c\
l\xd0\x8b\x8b4\xc1:\x09\x858\x19\x01\x88!\xea\xeb\
\x0b\xd4\xedp\x05\xe4\xe6S\x87rv\xd6\xdcx\xb6\xa1\
+\x97\xa5\xedH\x10\x95/\xe3\xbb7\xe5\x15\xb0E=\
\x7f\xd2 (\xdew\xa4\xa9E+F\xe5\xc1\x91\xff\xcf\
X\x9b\x1d{C\xe8\xeb\xc9 \x93\xa6\x97\xd2\xeadB\
|6Eq\xb4\x89\xde\x98\xfbi\xed\xb9l^up\
.\x85\x04M\xa6t\x13\xc6(lT\x90N\xa5\x90J\
3\xb3\xc4\xf0*\xb0\xba[\xdc\xa4\x0a\x9aSe\xe2<\
\xb34\xdc\x0c\x84\x8c\x80\xc6\x9b\xe2\x89\x90\xeeT\x16\x1d\
\xbc\xd7\xf5&7?j\x0e\xd0\xb0\xb0\xa3wIkA\
\xaf.{j\xac\xcd\x03X\x05\xd9g\xe9a\xdf\xc5\x87\
\xcc\xc5\x14\x89\xcc\xa2R\xaf\xa3R\xab\x22\xd3d\xc5\xdd\
\xdc\xf7\xe9\x1c\x1c\xab\xae\xc5\x92d\x9f\x92t\xbe8\xff\
U*\x95E\xb6\x88\xf5\x08\xf1\x0a0\xbd\xd8\xb7=\x86\
r:\x83\xd9|\x01\x91z\xbd\xdd\xf9\xf8\x8c\xeblc\
\x1c\x9c\xe4\xb6\xa0\xe8\x1es\xd0\x9d?z\xf4\xa8\x8c\xc0\
5\xd7\x5c\xa3\xd8u\xbe\x9e\xe1b\xe0\xd1|C\xe1\xc3\
\x08\xc6\xf9cc[dh\xe8\x19(]W3 \xcd\
\x03~\x96\x08\xb1\x85\x99\xcb\xe6$s\x96\xa5\xe4y8\
\x84Z\xb3\xae].\x18\x96t\xcaE;\xfa\x0a\x16;\
\xdb\x02\xf7\x95\x97\xfe\xf7\xbc\x17\x5cd\x17_|\x11v\
\xedfv\xa3)@V\xf1\xbf\xca\xb5\xcd\x10\xd8\xfd\xb0\
\xdd?\x1e\x8b!\x1e%\x89)\xa6\xb0\x82\xe4)\xdb \
\xa2\xc2\x108Y\x89\xee\xfb\xe62\x0c]\xa6\xa6'\xb5\
\x88\x19\x0aq\xe1\x13#\xf1y\xfc\xa0\xe1\xf2\xe1\x89o\
S\xc7\xfb\xa2\xf6\xe5\xf5\xba\x81j\xcbH\xc6\xf1;H\
DB\xab\xa6\xf0\x83\x99\x964=%\xaa\x03\xd9\x9b\x96\
\x9e\x99K\xfd=\xdc\xc2\xc0`\x12\xe1h\x1d\xadz\x0b\
\xe94\xbd6>\xcfy\xf3\x88\x1e\x08\x8b\x8fZ1d\
g\x1a\xa8U\xa3\xd62\x5c\xa5\xc8\x9d\xf7t5\x88\x0b\
;\xf2\x14\xef?\xbbb)\x11\xe43e]\x8e5f\
\x01<\xe0\xe4\x5c#7\xd9W\x9b\x094-\x800B\
5*\xfcZ\x99f\xb9\xe2\xd1\xda3\x9d\x8a6We\
\xceo\xe6\x04\xe2B\xe6\xd9$\xb1O%\x99sO\x8c\
\xff\xca\xf4\x98\x01`\x9e\x99\xa9\xa0n\x1e\x81\xcf\x11{\
\xca0=\x01\x22\xfc\x8c\xbf_\xff\xfa\xd7\xeb=\xa6\x9f\
h.\xbf\xd77\xf4\xe8\xf2\x19a\xc2\xbcF\x95>\xb5\
\xa8\xde\xf5\xbd\xbd\xfa\x1d\x13jD\xaa9\xd4\x88%\x90\
\x9f\xe7\x82I\xa73\xb8\xfb\xae\xbbqz\xf2\xb4c\x95\
\x99.\xe2\x5cW\xd8\xed\xe2\x02?\xecs><\xf2U\
k\x1c\xfc=\xeb\xd8\xb9\x80\x09\xc8\x8d\x8dm3\xc3\xe1\
\x1aP\xfa\xbbn\x06\xc0&\xa0\x19\x04\xd3\xb4\xe3\xf9\x17\
\x8b%LM\xd9\x82~\xf1\xd8K\x16\xb3F\xa3\xaa\xc2\
d\x0c\xcf\xbc\x7f.\x97E\xb9b\x13W\xc4\xa6(\x8b\
g\x12\xba\xeevz\x96Y\x84\x80,7\x07\x17?\x8d\
\x86Z{;\x91\xda\xc5\x9e\x93\xee\x17\xc1\xe4ZE@\
p:\x19Ao&\xad\xb0\xaa\xd9\xa8v<\xa4e\x9f\
\xfa\xa2GA+TA\x22\xc3\x9d\x97\x86\x8b\xa1\x80\x93\
\x1e\x07=\xa3\x8e\x8e\x00\x9a\xd4\xfe'\xf1*\x8d\xd9\x89\
\x9a4\x0a\xc9KY\xcd\x82\x91\xc7\xd6\xb0\xe7K\xd6,\
\xeb\x1f:g\xf4r\x19\x00\xba\xa5\x02\xb8|\xae\xde!\
\xc8k\xc9\x09\xb8.\xa8\x04h\x8c\x9f\x0f\xa1\xbb\xcd\xd6\
\x80\x81K\xae{mpx\xdb\xb0P\xaa\x96\xbfb\xe9\
\xa5\xc7\xf9t\x88\xf6\x1f[B\xa4{{2r=9\
I\xe8\xb2.\xc7eh#\xaf\xce\x08p\xb1s\xe7\xa7\
\x11\xe0kll\x0c\x8f>\xfa\xa8~O\xe3\xc0\x09\xcd\
L\x00\x19{~\x91y\xa3\xe0w\xe4\xe0+\xf8\x9ev\
\x99\x88\x10{W\xe3\xed\xce\xdd\xae\xcf\xe2\xde\x03\x07\x0e\
\xe8s\xdf\xb9\xeb;\x8a\x89\xe9\xfe3$\xb2B-O\
\x13v\xcfG;S\x08\x09\xd7\xee\xcd{\x00z5\x9b\
\x8a\xc1/\xdaw\x91\xbest\xf3\xa8\x16 ?\xa7\xa2\
,\xe5\xe6#m0\xadT-#\x9f\xcbia\x934\
5\xc3]|z\x06\xa7N\x9f\x96g\x92\xcb\xe5\x15\xc6\
\x90\xc4C\x03\xcbz\x87D2\xde\xce\xbb'\x13\x09\xc3\
\x1e\x1c\xd9\xa6Z6\x92\x8c1\x0a[\xc2+\x08j\xf6\
\xf6\xf4\xb41\x94\x89\xf1qyC\x0a\x7f\x96\x99j\xc4\
=\x1a\xe2{\x00=\xa9\x84(\xdbF\xaab%\xab\xf7\
\x14\xe7M\xc1.\xcdA;\xfd\x1c\xae\xa2\xa7w\x00h\
U\xcd\x08R\x8e\xac\x9dF\xb4\x17\x9fQ\xb5\xdcB\xb9\
\xcc\x0a\xd2\x10\xa6\xc6g\x11f\xdd\xca*\x96\x8a/T\
R\xd1O8,\x9c\xac\xc0.^\xce+\x5c\xc9\xf2[\
\xbd\x1e\x80\xf8\xe6\xac\xd8\xa3\x12J\x87\x10\xd4AJ\x97\
\xefJ\xb2\xf0\xf7\x9a\x1b\xc3\xd4\x97\xf1\xf8\xa1\xfa{^\
,\x0b\xa8\x08V\xb5\xeb\xac\x03\x0fK\xc4\x96v\xac\xea\
r\xdd\xfa\x13oP\x01\x95z\xaf\x81KA\x8a\xba\xc2\
\xbb&\xfa\xd2i\x14\x0b\x05\x14\xca\x05M*\xee|\x8b\
\x19\x81\xf9\xbf\xe7\xa2\xa3\xeb\xca\xcfq\x91\x7f\xf3\x9b\xdf\
\x94\x0bO\xa0\xf0\xd4\xa9S\xfa;wq\x1a\x01\x12X\
h(\x08\xfe\xf1\xdf\xde0\x98\xbb\x9dp\xc76#\xe7\
]\xf2\x8e\x910\xc2\xc8\x19-#\x15\x97\xda\xfb\x88!\
P\xee||r\x1cU\xa6\x12\x9d\xf7\xe1\xbf\x8f\xe7\xc2\
\xe3\xf0x4tD\xbf\xb9\x83r!\xb3$V\xe1F\
\xb9\x22\x12\xcby\xe7\x9d'd\x9e\xbf/\x95\x8b(\xe4\
\x0b\xda\xcd\xa7\xa7f0>>\xa1\x98\x9c\xd7M\xde}\
\xa5RV\xb8\xc2\xd2\x5c.*\xab\xe5`\xc5\xa3\x91\x07\
x\x8ct\x22\x89D\xda\xbaH\xf1\xb9\xaaz\xb2\xd6Q\
~\xb6\xeb\x0d.\x1c\x03#\xe9\x11\xb0\xc8\x8a;\x1e?\
Gy/\x15\x89\xd1h,B\xce\xf1^\x8fR}\x8c\
\xf9C-\xf4$\x13\xe8\xebI[m\x84\x5cn\x7f\xac\
@\x93\xa8\xc0\xe7\xe7\x22\xfd\xac\xdc\x9ckl\xbc\xa1\xa6\
\xf8F,\x1dF\xa6'\x81F\xb3\x22\xef\x8b\xdeS\x87\
9hF\x9a\x1c\x83\xeclQJ\xc0\xa5B\x11\x85l\
\x11\x91Po\xbb\xa5\xf8J\x86\x8c\xa3#\xc7\xb1\x01\xc8\
l>\xefP\x89\xee\xd3\x7f\xeb\x92\x06\xe4\xab\xaeB\x07\
#\xd3t\x04\x0fW\xff\xad>-\x12\xa6\x8a\x8f\xd2Y\
\xbc\xa7\xb6\xe8I\x0c\xa2\x018\xe3\x13Z\xeb\xe61,\
th\x92uh\x1ch\x99\xdb\xeeBgoE<\x1a\
B\x7fo\x06\x93D\xbe+UC\xb8W0xn\x5c\
\xf0\x9c\xa8\x5c`\x87\x0f\x1f\x16k\x8d\xa1\x0b5\x14\xfd\
b\xa1\xd2\x90\xa7i\xfaX\x9b\xef\xa7\xa7@#\xc1\xff\
&\xa6\xc0\xcf\xd28\xf0\xf7\x0c+\xda\x06B\xde\xd1\xdc\
g\xec\x8d\x1dwnN:\xee\xd8[\xc6\xb6\x98\x04U\
@K!\xf8\xf2n\xb3o\xf3\xee\xff\xedAI\x1a\x02\
.vR\x9f_x\xe1y\x9c:y\x023\xb3\xb3\x02\
\xb0\xb8\x9b\x93\xe3\xc0\xef5\xe96\x96V'e\xd4x\
=\x11w\x8c\xad[\xb7b\xcb\x96-\xd8\xbb\xf7B\x1c\
~\xf60\xee\xbc\xf3\x9b(\x94\x8a(\xb9n\xb9\x96\xab\
\xb6\xb9\xd2\xa1\xdd\x06\x98w-r\xf3SJ\xb9z\x83\
@#\x93sa\xd7R^Z\xdb\x9b\xa9\xd7\xf4l{\
S=H\xc4\x99\xb5 \x1f\xc4\xdd\xb7\xa5\x9e'\xac>\
\xc0{\x9bF\x8c\x9c\xa7y\xe16\x12\xde\x8f\x9e\xe1\x1a\
\x92i\xf2\x19\x08\xc6R\x17\x80F\xce\xd8\x95\x06&R\
t\xa6\x85\xd9\x19\xd2\x92\x93\xc8\xcd\xb4P+\xc7\x10\xe7\
\xbc^\xd1L\xeb\x1c\xdc\x1a\x0e3\xf6/:\xf7\x7fu\
A\xcc\x1a\x0d\x00u\xcd\xddM\xea\xb2\xf8`\xb9a\x93\
\x96i/\xba\xe6\xbd\x98\xcd\x16\xc5\x19\xb7\xd0\xc2\xeb\xaa\
u\xf2\xf9>\x15\xc2Ie\xa0\xb2a\x11\x9e\xc3M\x8b\
O7\x90\x96:Eq\xdf9\xcf\xd0\x8b7\xb4\x84\x08\
3\xed\xc5\x22\x94z,.r\x88v\x92./\x88\x8b\
\x8f\x0b\x9d\x0b\x98\x0b\x81\x14`\x02[d\x01r\x11s\
\x01[\xbe=\xde\x99\xcc\xb9\x9c\x08A\x1c~Aq\xf0\
=~\xa7\xa6\xc7\xc0\xd4\x19\xa5\xc9\x08\x8c\xfa\x0e\xce\xde\
(0\x8d\xc8\xf7\xd0`\xe88\xeci@49\xe2\x0b\
\x83,^\xf4\xc7\xa3Q\x22?\xbe\x5c2\x86\x22\x175\
\x7f\xc7\xc5On\x80/\x9f\xe5\xdfL\x05\x9a\x9e\x98\xdd\
\xadH,\x82T\x92\x8da\x93\xba^^'\xbd\x04\x1e\
\x7fzfF\xee?\x91/\x1a\x90\x0f\x7f\xf8\xc3x\xdb\
\xad\xef\xd4\xf5|\xee\xbf\xdd\x81/\x7f\xe5_\x0c\xbct\
\x8cQ3F._\x1d\xe0\xd8\xfb\x85\xcds\xe7\xbd\xf4\
\x99\x0b~\xa7\xf2\xfcK,|/\x8be\xee\xb1-\xfe\
\xfe\x9e$\xe2D\x8f\xdb\x9aum\xf7\x14\xedpk\x1e\
&#\xb0\xd4\xef\xe0\xf2\xca\x5c3\x9c\xb6\xcc\x96+\x15\
\x96\x12U\x0d\x03\xc3\x09\xc4\x12\x0c\x89\x0c\xcb\xf0\xde\x85\
7f\xd4\x8f\xcc\xce\x96\x94\x02\x8c\x87{1y\xba\x80\
V#\x09\xc4\xe66\xf0\xe8f\x08\xd0\x14 k\x22\x02\
|\x96\xca~-\xd9\xb6\xfc,\xea\x01\xf8\xfa\xf6n\xda\
&w3<\xaa\xd9t`\x94j\x00bn\x22\xfb\x87\
\xe0\xde\xeb\x0d\x0fA-\xa6\x0a\xb9\x80\x83\xf1\xb1\x1f\x9c\
\x17\xf4\x1eH\xf34\x03\xe1\x8e\xe5\xf3>\xf46\x00\xe5\
\xa6\xcb%\xb6gj\x22\x99H)mD*\xebr\xe7\
\xaboq\xb5\xe7\xdc\xf1\xd9I\x89\x13\x84?9\x19y\
\x1dD\xbe\xc9\x00\x13Z\x1e\x8fk\xf1\xd0c h\xc8\
Ex\xe2\xa5\x13\xfa,\x17\xaa\x16c\xad\xa6I\xcf\xdf\
\xf1\xbb\x9e\xfc\xf1O\xda\x8b.H\xb6R\xba.\x1e\x9f\
\xf3\x12i\xc6\xfd\xb7'0q\xf10s!F\x1dk\
\xe0\xfd\x0e\xe7\xd4\x9c|`\xc1\xef\xf3\x1d\xa0\x86\x06\x86\
T\xd3>08\x80M\x1b7\xa2T*\xe2\xc4\x89\x93\
\x02\xf8n\xbb\xf5V\xdc\xfes?\xa7E\xfaw\x7f\xfb\
\xb7\xf8\xf4\xa7?\xad\xe3\xd0\x0b\xe3\xf5~\xe63\xff\x15\
W^u\x15F6m\xc4\x91\xe7\x8e(\xcc\xb0T\x9d\
\xdds+\x8c\x99_igO\x94\x0cF\xde\xbb =\
\x99\xe7\xef\x8d\xc1B\x13\xdd\xd7\xc4\x1b\xd8\xd3\x14\xc9\xa8\
/\x93@\x8cX\x92\x9b3\xc1h_\xac\xc4\x06\xb3\x0b\
T\x01>#\x06\xf0\x05\x95\xed\xbf\x05q\x19\x1aTq\
\xf0\x1d\xfc582\xd0f\x95q\xf3\x12\xcc\xe2\xf0\x97\
p\x84U\x97lN[R\x197\x0b\xb9&\xc7\xa7\x01\
\xea=\xacb\xf0{I\xceb1\xb5<\x00\x92\x9a\xd6\
 \xca\xbdf\x03\xa0\xf2\xd9u\x93\x03\xeaP+\xc9\x13\
\xe7\xa4\x91\x01P^:\xecXq5\xc5\xf2\xc1+\xd6\
$\xafV\x1cUt\xfe\xd7\x85\xda`\x92\x80#\xee\xec\
\xf3\x0f\xe8\xe2\xb4T<\x89\xa1\xa1\x01\x11\x8a\xc8\xacc\
\x9a\x8a '\xf3\xe6\xcb\xb9\x9d\xfeo\x5cd\xfco\xba\
\xf4\x5c\x80\x5c \xf4\x04xn\xd2\x86\xe7\xb5U\xabz\
q\x81_r\xc9%\xf8\xa5_\xf9\x9f0=9\x83l\
.\x8b;\xfe\xfb\x1d\xf8\xfc\xe7?\xaf\xe3\xf9\xeb\x91W\
\xa4\x83\x98X\x09\x7f\xcf\x85\xecq\x03\xfe\x9b1\xba0\
\x02\x97&\xe3\xce\xc5\xeb\xe5D\xf5i5K\xcf%\xd1\
\xd7\xd3\x17\x10(a\x8c\x1cB_\x7f\xbf\x0c\x12Sk\
</\x1a\xa2=\xbb\xf6\xe0\xe3\x7f\xf81\x0co\x18\xc6\
\xc0\xd0\x10\xbe\xfc\xc5/\xe1\x93\x7f\xf2I\xcc\xce\xcc\xe0\
\xb9\xc3\x87U\x9c\x94H\xa5\xf4o\xee\x98\xdek\xe21\
X\x22\xfd\xb5\xaf~\x0d\xef\xff\xa5\x0f`\xfc\xf4x\xa7\
j\xcd \x8b\xb6\xb8\xe6\xdc{j\xe9\xba`\xfby\xfe\
\x9d\x1e\x89\x0fO\xe6?\x03\x1fks\xd0\xed\xa6\xb2n\
<\x1dC\x92\xbd,\xa57`u\xf7\x0b\xe1Q\xad\xc5\
\x9e\xa7\xaflt\xa1\xe5\x19Y\x9a\xa6\xa9?5Em\
n!\x96\xb04'\x0d\x02e\xc1x\x1f\xbc\x8fJ\xbb\
P,7Q,\x10\xb7H \x9f\xab\xaa\x02\x90\xa5\xdc\
\xab\x01\xcb\x99\xd1R\xb9o$\x84b\xb9\x22\x1e\xc7j\
\xa5\xc4\xd6G\x11\xa8\x03t\xae\x8a\xfb\xb3\xd0\xf7\xc9U\
\x0c\x14\xa5(\xb6$ETu\xe6\x0d5m\x94\x08\xab\
\x0b\x01\x9c\xd1o\xf3\xb4\xe6\xdcV\xf6\x0cl5\xa5\x08\
;4\xd2\xa7\xb8k\xb1Sl5kH&y\xac\x14\
B!K1\x09\xdc\xaa7\x10O&D'n\xd7u\
,0\xfc\x84e(\xc0EG\x9a-\x17\x1d\xeb\x05H\
!f\x182\x9f*\xfd\xc5/~\x11\xd7\xbf\xfez\x9c\
\xb3g'\x06\x87\x07\x14K\xd3\xc8\x05+\xd9D\x81\xad\
Tp\xed\xb5\xd7\xe1\xb6\xdb\xdf\x85\x17\x8f\x1dU!\xcc\
\xb7\xef\xbcS\x8b\x9f\xfc\xf9\xc1\xa1!T\xcae\x1d{\
rbRi6~\x0f\x17\x13\xc9E\xe9LZF\x90\
\xf8\x04\xef\xa1o\xfbNC\xf5\x8e\xb7\xbf\x1d?\xfb\x9e\
\x9fS\xa3\x97\xdf\xff\xfd\xdf\x17\xa7\x81\xe0\xd9s\xcf=\
\x87\x93\xa7N\xe1\xbc}{\xf5\xde\x99\xec\x8c\x8e\xc7\xc5\
I]\xfd\x7f\xfc\xdc\xe7\xf1\xb3\xef~\xb7\xd2z\xde\x98\
\xf8{\xc0\xef\xbf\xfb\xae\xbbp\xc5\xa1+eT\xf4\xb7\
0\x90I\xa6\x95\x19\xa1Q\xe4N6\xe7\xfe\xb7\xd8Z\
;\xd5fG\xea\x98332H\x0b\xed\xfc>\x93b\
B)a\xc4\xa2\x04\xe0\x9a\x88\x87\x99\x9a\xa7&D\xbb\
M\xc8\x99\xcf:\xa8\xfe\x13\x18\xc1\xd4\xad\xef\x13\xeb\xdb\
\x83{\x8f\x84\x9e\x03\xa1oy\x14\xe1*b\x89\xaa\x0a\
\xb3\x08Xf\xfa\xa8)\xa0\xa5\xef\x8cN\x083\xd3E\
4\xaa4\x0caL\x9c(\xa1^\x8e#\xa6\xa5g4\
\xe7\x15\x81\x7f\xa6{\xaf\x7fp\xa3\x12\x0d\x7f\x05\xdc\xff\
\xf9c\x0d\xc4\xfd\xa0\x07\xe0\xfe\xbbK\xf6\xd1\x92\xc3\x03\
.$\x7fx\xce>\xdd*\x81\x81\x9dF!\xf3\xdd|\
!\xcbm\x17\xb0\x93\xf7\x0eZ\xce*\x8b0\xb83.\
Z\xd4e~\x1f\xab\x0f\xb9\xf8\xfb\xfaz10\xd0\x0b\
4\xeb(\xe6Lr:\xa8N\xbc\x98\xe55d\xbd*\
`\x90\x13\xdf\xa7\x03}o\x83\xe0\xe7\x89\x010u\x07\
G\x12y\xea\xa9\xa7\xf4YO^\xf1(y\xa1PD\
O&\x83\xebn\xb8\x0e\xef\xfd\xc5\xf7\xe1\x83\x1f\xfa\xa0\
8\xf4\x5c \xf42\xfe\xfc\xff\xfcs\xfc\xa7\xff\xf2\xb7\
\xf8\xd5_\xfb5]\x07\x0d\x17\x8d\x08Q\xfd\x0f\xff\xc6\
o\xe0S\x7f\xf9\xe7\xfa\x1b\x8d)\xcf\x8b\x06\x89/\x16\
&Q\x13ahdX`)\xcfG<\xf9HDF\
\xe4\xd3\x7f\xff\xf7\x98\x99\x9a\xd6yO\x8c\x9b'\xe3\xcf\
\x89 !\x1b\xae\xce\xce\xda\x0e\xdd\x0e'\xb4\x88j8\
z\xec\x18\xfe\xfao\xfe\x06\x13S\x93\xaeH\xd6\x06q\
\x03\x1a\xc7 [\x8d\xdf\xcf\x82 \xde'\x0f\x5c\xf2\xda\
\xe8Q\x05\x8df'\xb7o\xe7\xc0\xe7N\xdd\x07\xaa:\
\x13\xe8\x8b\x93\xae\xec\x0e&\x83\xbd\x8c\x98\xecbc>\
\xd3\xd2\x03\x80\x9e\x8d\xc8y\xc2\xaa\xbbj\xa3\x8ad&\
\x82D\xba\x85\xcdc\x19\xf4\x0d\xd0\xef\xa0\xb7bX@\
\xb9\x0c\xe4\xb2%\xa5P\xd9\x0ctv\x9c!f\x5c\xbd\
\x03W\xb2Y\xda=52\x18C^fg\xb2\xb3\xb9\
6\xd9h\xb5^\xf8\x9a\x0c\x80H\x91\x9a\xa4\xdd\x8b\x10\
.;\x14G\xb9\xea>_\xb4Fk\xabx\xcaI\x84\
;\xd5\x1e\xabKc~\x9b\xa5\x90T\x102`\x84\xd3\
\x90\x8f\xc1\xbb\xcd4$\xd52]n\xc6K\x8b[K\
\xe5\xba\xc9A`\x8bWU\x10\x1a8\xb8q\xc30z\
3)T+e\x14\xf29\xedH\x1e\x8b\x88\x90\x08\xe3\
^\x1eX\xf2\xa86wA_\x9d\xe6\x8d\x00\x7fvP\
o+v\xb9\xf3\xceo#;\x93S*\xf2\xd8\xb1c\
\x8e\x08\xd4i\x93\xc6\xc9G\xb7\x9a\x8buj|J\x7f\
\xff\xfe\x03\x0fj\x87\xe6\xf8\xc1\x0f~\x80{\xbfw\xaf\
\xdeG\x0a1\x17\x8e\xaf\x88\xa3>\x02wt\x8e\xa7\x9f\
zJ\xa9\xc9 \xb3\x8e\xe3\xf1\xc7\x1fG\xb5XQ~\
\x9d\xe7\xeb\xb1\x16\x8e\xc3\x87\x8f\xe0\xfb\x0f|\xdf\x8c\xd5\
\x89\xd3\xd2\xbf\xe7]\xe7#?r\xe4y\xdc\xf9\xado\
#\x9f+\xca\x03\xe3d\xd4T\xd0\xce\x17\xc1\xd4\xcc,\
\x1e\xf9\xe1#\x18\x9f\x9aD\x98\x82\xadT\xe9i\x01\x97\
\x5cz\x10\x17\xee\xbf\x08q\x8a\xe8\xb9\xac\x11\x01R\xde\
\x1f\x9f\xb9`\xa8\xc3\x97\xdf\xf9\x83\xea=F\xe9\xad\x8b\
\xc3A\xe1\x97\x04\xc5<\xa8\xc8\xcb4\xb1\xc2\x08z\x00\
>\xcb\xe0\xe8\xba\x0b>\xef\xd0\x22S\xd0o2\x8e7\
\xe1%\xe3\x82\xc2 a\xd6\x914\x8c\xa5\xda\x97F+\
TG,YSqQ\xc7\x0f\x0dcr\x22+\xa3\x19\
\x8e\xb6\x90\x9d\x89`j\xd2\x8a\x90V\x9a\xb1\xe31U\
\xc4\xe4\xeaRf\xa7Y\x03B~\x8b\xcb\x08\xe0\x15\xf1\
\x00LT\x81q\xe6z\x0d?\xe9\xa3b\xbe\xd1\x97\xb3\
<\x9f.\xdc\xb7\x0d#\x02\xda&Y\xd8\x0f\xc6\xd6\xe6\
\x01,lX\xf9w\x0a06j|\xcf\xe2\xec1\xd5\
\x22\xb8\xaf\x8dp+aX\x10\x0dK\x90cxh\x10\
\xf1h\x04\x15\xe6\xc5\x0by-.\x811\x0b\xdcH\xbf\
\xc8\xb9\x13\xd3\xdd\xf5F\x80\xe1\x80\x14k\x5cL\xcb\x9f\
\xcf>\xfb\x0c\xee\xbe\xfbn\x01l\xdc\x81\xe7\xa4\xec(\
\xb2B\x1c\x22\x1a\x95+\xcd\xbf\xf3\x1e|\xf7\xee\xbb\xc5\
\x95\xe7{hh\xee\xbf\xf7^\x9d;\xb3\x0f^#\xc1\
/\x9c\x87\xbe\xff}\x14f\xf32\x18\x1eW\xf0\xf8\x01\
\xffN\xc3\xf2\xfc\xf3/\xe8\xb3$\xf5x\x03\xc0\xc9\x9e\
\xcbf\xf1\xcd\xaf\x7f\x03\x13\xa7'\x8c}\xa7\x14`D\
\xe7\x9d\xcf\xe5\xf1\xd5\xaf|U\xd7\xc8E\xc6\x0c\x04\xf5\
\x0e\xcdc\x0b\x1b\xf8\xc8\x8c\x02\x95\x96U\xafaM[\
.\xbd\xec2\xdcr\xcb\xdb\xa4\xb7\xa8\xcf%\x88\xbd\x0c\
\xb7\xf9\x0a\x04>\xbd\x90g\xf0~Z\xda\xb2*\x0d\xff\
L2%*w*A\x99\xb40\xa2\x8c\xff\xdb+j\
\xa1\xa2\x9d\xeeGk\x91\xf0\x80\xf3\xdc\x1bg^\xe3\xcc\
L\x11\xb1d\x14\xa9\xde\xb8u\xfd\x93\x1c^x\xce\x06\
\x90U\xea/\x8aF=\x8e\x93/R\xf9($\xb9F\
S\x0a\xea41\xedj\xa3\xa5\xa6`$$\xcd\xbf\x5c\
\xbe\xd8\xaewY\xcbX\xb3$\x98\x5c\x22/A\xb4\x0e\
X\xa0G\x83\x09fY\xad\xbec\xbb\xb5S\x84a\xb9\
\xaab\xac\x09lqT\xd6`Y\xf0\x02\xe7\xc9E\xc1\
\x8958\xd0\xafXq\xd1k\x92\x07\xe1\xe2Y\xd4\xad\
\xa5\xb3,\x0c\xf3\xc9\x09\xf5\x0d\xcc\x97\x8a\xc8\xd1\xbd\xae\
\x12\xb1\x8f\xb8j:\xdf\x15\xe8L\x9a/]q\xab \
$&`F\xc0{\x06\xbc^\xfe\xfdK_\xfa\x92\xf2\
\xff>6\xe7\xef}j\x8f\xe9\xb8J\x91\xa5\xbf3\xe2\
|\xff\xe4\x87?\xc6\x83\x0f~\xbf\x1d\x22\x90\x80\xf3\xfd\
\x87\x1e\xc2\xf3\x87\x9f\x17\x0b\x8f\xdf\xc72[\x0f4\xbe\
\xf0\xc2\x0b\xf8\xd2\x17\xbf$\x85\x22\xbe\x9f\xdf)pr\
|\x1c\xd5&{0L\xe2{\xf7\xdc\xe3R\x84%\x19\
Zb\x03\xbc\xd7d\xf7=\xfe\xc4\x13\xf8\xecg\xfe\x9b\
\xa5\xe1\x9cB\x0f\xaf\x8b\xf7S8I\xa1 \xea\xf6\xb9\
\xe7\xeeAoo\x9f\x0c\x8d\x91\xa0,{cj\xcb&\
\xacB\xea5q\x8e}\xfb.\xc4e\x97]*5\x1f\
\x86F\xde#\xa21\xe1\xf7\x06\x17\xbfx\xfcL\xed\xd5\
j\xda\xf17\x0e\xf7\xa2F\xc6 \xab\x10\xe5\x15\xba\x22\
2\xcf\x09i+\x10/7\xcf\xb0\x80\x17\xd0\x91,W\
,\xafb0g\x80\xa8PE\xefB.x\x15\x13\x93\
Y\xec\xbc\xb0\x1f\xc9\x0c\x15H\x1dY\xc8\x91\xe4h'\
N\x9f\x9aD\xadb\xcdgr\xd9:&\xc7YD\xd6\
QX\xf2\xba\x15\xcb\x0d\xee\xf9\xc2\xc5\x5c\xc6m27\
\x83\x0a\x0f &\xe4\xda\x16\xdd\x9a<\x00.K\xda1\
\x16\x9f\xf0\xfeK\xd4\xc0W#\xad\x01\x99dj\x86\x5c\
j\xaf\xcfn\xbb\xbb-\x16\xa1\xd7\xec\x1bP3w\xc8\
\xe7\xfc\x95G_\x22\x15\xc9\x0b-\x97*\xc8\x17,o\
\xba\xe4\x8d\x0b\xe6\x86])\xac\xaeWL<\x86\x05i\
l\xda0$\xf2P\x84i\xb5rY\xea\xb3>w|\
\xc6\xb1]\xf1\x90W\xae\xa1'\xc0E\xe0whNp\
\x82s\xf4\x02\xfc\xa2\xe6\x8b\xef\xd9\xbd{\xb7~\xf2\xfa\
\xf9;\xf6)\xf8\xdc\xe7>\xa7\xb6l\x5c8\x04\xcc\x18\
\xaf\xd3\xcb\xf8\xec?\xfc\x83\xbe\xef\xb2K/\xc5\xe8\xe8\
\xa8\x5cj\x0eN\x9e;>w\x07\x9e~\xfai\x1d\xb3\
\xbf\xaf\x0f\xe9LF\x86\xd4\xb3\x08\xa9mp\xef\xbd\xf7\
\xeaX\xbc\xc74F\x87.?\x84\x81\xc1A\xed\xfc_\
\xff\xfa\xd7\x85\x19\xf0Z\x18\xbf3c\xc0\xeb\xa0\x8e\x01\
\xd3\xaf\xfc\xfdu\xd7\xbd\x1e\x1f\xfb\xf8\xc7\xb0c\xfb\x8e\
ve\xa4\x11\xbb\x1dY\xbc\xd5\x92\xe7A\xe3\x12\x89G\
\xf0\xeb\xbf\xfe\xeb\xfa\x1e~\x96\xe7(\xe5\xa4\xd9\x19a\
4\x9aC\x0a\x91\xaa\xa8\xd6X/PCO2\x85K\
.\xbc\x00\xfb\xce;_\x82\xac\xc9X\x14-z$N\
\xe8\x84\xb7^\xd0\xdc<&\xdf\xeaG\xa8=\x1d\xf8\xdc\
|\xf7\x1d*:\x17\xcbE\xd4[u\x8cn\xe9A$\
\xcaL\x0a\xb3*V.]\xad\xb6p\xfch\x0e\xd9i\
\xce\xc9\x98\xc2\x96\xd3\xc7\xab\x98\x1e\xa7B\x13U\x87h\
\xbb,P]\xfe<m~p\xbes\x93\x13W%_\
\x02\x9d\xe03+p_F\x03 \xd2m\xc8\x1a\x1eW\
e\x00\x88\x9c\xb2J\xad\xe1^V\xa6\xbb:\x83`\xe5\
\xac*2\x91\x91s\x00\x88\x8b]\x8d\x96\xe9\x5c\x5c\x8f\
\x05\x84\xa9*\xdb\x91\xf5\x9c\xf3m\x5cdt[[-\
\x94Y2\x19\xe0\xe0\xcf\x1f\x04\x09\xadG;\x8d\x0bk\
\xdb]\xdb\x03\xcf\xb3V\xa9e\x0b\x91&\xb0kl\x0c\
7\xde\xf03\xd8\xbb{\x8f\xe23N\xe2z\x83\xbc\xf7\
\xbaP\xe2\xa0y\xe7y{\x92\x0d\xff\x9b\xe4\x19\xbe|\
(@\xe3\xc0E\xec\xa5\xac\xf8\x9e\xed\xdb\xb7\xe3W~\
\xe5W\xe41\xa8\xc8$\x1a\xc5?\xff\xf3?\xe3\xe1\x87\
\x1f\xd6\xbd \xd3\x8e\xf4_.(~\xf7\x9d\xdf\xfe\xb6\
\x0c\xcd\xde\xbd{q\xf3\xcd7\xe3\xe0\xc1\x83\xc2\x0eD\
\xea\xc9\xe6\x14S\xf3{\x991\xd802\x22\xca2\x17\
8'\x17k\x18\x18^x*\xf2\xa1C\x87\xf0[\xbf\
\xfdou\x0e<\x16\x8d\x00\xcf\x9d\xde\x03EP>\xf0\
\x8b\xbf\xa8z~\x93-\x0f\xe9Z\x98m\xd8\xb2}+\
~\xe1\xfd\xef3\xa1\x91x\xa2\x03\x0c\xb3\xfe>\x1c\xc1\
\xc6\x91\x8d\x18b\xe7%\x84\xf0\xc4\x13O\xb4\xbd\x08\xcf\
y\xd0\xf3s;\xb8u\xb9\xa1am`\xeb\xa6\x0dx\
\xd3\xcd?\x83=;\xcfA*\x1e\xc7\xf6m\xdbp\xc1\
\xf9{1\xbaa#\x22j\x89\xed*\x15\xdb\xbaoK\
\x83\x7f\xcb\xd6{ P\xcd\x89\x88\x08o\x0c1[Q\
j(61\x9be5h\x08\x1bF\xd9_\x92\xe1i\
\xcc\x1d3\x84\xa9\xa9<\xb23\x9c_q)1\x95r\
a\x19\x80V5\xac\x8eS\xa2\xebs*\x91\x92\xec\xa6\
\xda\x02\xb8v{.\xab\x9e\x81\xc6\x87i\xe0BI\x9a\
\x14&\x9a\xd2}\x13\xd0\xb3\xe4\x01\xd8`z\x8bM8\
\xab\xad\xba\x9d\xd8\x0a\xa2\x01/\xa2\xe9'J\xf0st\
\x19\xf9k\x15\xf3\x04*\xe9\xe2\xec\xdf\xe6\xab\xe6\x5cX\
\xa0\x8bYB\x00\x92\xef'\x1d\x98TR\xde\xc0\xa5,\
o\x90,4\xef\x0fZ\xd6\x8cYw\x8cm\xc3\x8e\xad\
[1\xd8\xdb\x83\xab\x0f]\x81\xbd\xbbv\xa3I\x22\x92\
#\xf1X\xb3\x89\xb9w\x81\x13\x9di:/cE\xb2\
\x0b_\xfe>\xf8t\x97\xa7\xeb\xee\xda\xb5\x0bW\x5cu\
\x08\x97_~\xb9\x0aw\xe8v\x12$\xf4\x95p\x17^\
x!>\xf0\x81\x0fh\xf1\xd1pp\xf1\xff\xe8G?\
\xc2\xd7\xbf\xf65\x5cy\xe5\x95x\xd7m\xef\xd2\x22\xe5\
\xf7\xd1\xb8\xd0\x00\xd0c\xe0gI\xb1\xfd\xe8\x1f|T\
\x0b\x9c\xbb2\x8d\x04\xe3\x7f\x9e\x1f\x0d\xceU\xafy\x0d\
F\xb7\x8e\xe2\xd6[o\x95\x81\xa1k.\xf2\xd2\xc8\x08\
n\xbb\xed6\xbc\xfb}\xef\xc5E\x07\x0e\xc8\x0b\x117\
#\x163d\xbf\xd5\xc2\xb5\xd7_\x8b7\xbd\xe9M\xca\
Z\xc8\xa0hq\xda\x0d\x1d\x1b\xdb*b\xd17\xbe\xf6\
M\xfc\xd5_\xfdU;\xd5J\xe3\xa2[\xdc.\x01\xb6\
Md\xc3\x86a\x5c\xf3\x9a+q\xc3u\xd7`\xd3p\
?z3,\xe8I\xcb\xd8\xb3\xee\x9e\x06\xe1\xc2\xf3\xce\
\xc7p?\x8bq:s\xc9WL.4V\xb2hB\
\x12*\xb1\x10\x84\x1f\x937W,`:[@4\x1a\
\xc2\xf00u\x00\x9d\x94\x1aX\x97_C.K\xad\x7f\
\xfb|\xb3\x9e\xc2\xf8\x09`z</\xefQ\xc4\x22\xc9\
#\xb9~(\xcb\x9c\x0a\x8fM\x03\xc0y.#\x99\xcb\
\xc9\x10\xad\x0f\xedn\x1d\xd2\x80\x1cT\xaf\xf1\xa9\xb9\x95\
\x18$Zm\xee\x9cmw\xde\xc37J\xc0R\xe0\x91\
V\x8e\xb2`\x155\xba\x90\xe0\xa5Z\x80\x19\x1bN\xa9\
\xa7\xb60\x09QmJQ\x9d\xb9\xb6\xbd\xa7\xc0\x8be\
Z\x8c\x0f\xb0&\x82\xc8\x02\xb7\xb1\xb5\xd8\x8eaOk\
h`\x00;\xb7o\xc7\xf0\xc0\xa0\x94o\x8a\x85\x9c\xc8\
'\xaf\xbd\xear\x5c\xbc\xef\x02\x84\xd5\xf6\xc9h\xb5\xed\
vM\x81\xf3\xe0\x82\xa0\x01 \xe0\xc6\x7f{#\x10L\
+r\x02s\xe7\xbe\xec\xe0\xa5\xfa\xf7\x1b\xdft36\
m\x1a\xd5\xc2%\xdd\x96\x13\x81\x0b\x8e\x06\xe2\xd0\x95W\
h\xc7\xe7\xf7r\xf1\xd2\x13\xe0\x0e\xcf\x9et\x97]y\
\x10\xaf}\xdd\xeb\xb4\xc0%\x8a*\xb6c\xaf\xf0\x156\
9\xb9\xfc\xaaC\xb8\xe9\xa6\x9b\xf4w\x1es6kT\
\xe1={\xf6`\xef\x85\x17h\x87\xb9\xf9\x8d7\xe3\xb2\
\xcb.\x93\xbbO#s\xe1\xbe}\xd8q\xceN\x11Q\
\xde\xf3\x9e\xf7(\xa5\xa7\x8aB\xe5\xf9\xfd5\xb4\xf0\xde\
\xf7\xff\x82<\x102\x08\xf9Y\xcfn\xa4\xcb\x7f\xd7\xb7\
\xef\xc6'>\xf1\x09]\x8f\x97Q\xb7{c\xe9^\xf6\
\x17HE#8p\xde\xb9x\xd3u\xd7\xe2\xc0\xde\xdd\
H\xc7\xc9\xe6,\x80\x92\x0d2\x02\x99\x94\xb4\x22\x09\xba\
\xf7\xf7\xf4a\xf79\xe7\xe8~l\x1a\xd9 \xb1\x17\x05\
\xe1]t\xd2\x9d?XZK\xa6$\x89J\xa6\x1e\xcd\
2h\xf3j=\x18\x97\xcb\x17\xc4\xfbOg\xc2H\xf5\
0-ZE*M5b\xa6J+\xa8\x969\xb7,\
,-\x15\xea8~\xb4\x82z5--\x04\xcb'\xa8\
#\x82\x0b\x8e\x96\x1e\x5c\x1f\x94T#Z7[\xc8\xa2\
\xc4\xcdp\xbdV\xffz\x19\x00Qfe\xf2Vvf\
\xc1\x8a)\xaf:\xa3!\x5c\x8f1\x95\x09t\x90zJ\
mxa\x0engU:-P\xf8\xc1\xc9GU\x96\
\xc5\xc9]v~\xd5F\x139\x12(\x18\xd3)\xbd\xb8\
p\x0e\xc5\x83\x8e>\xd3\x91I\xf7h\xb7\x1c\xdb2*\
\x09)j\xed\xd1\xaf\xe8\xeb\xe9\xb5\xa6\x12\xd1\x08\xae\xba\
\xfc \xae:xP\x95gM\xea\x10T\xca\x92\xe5\xea\
\xec84`\x94\xa0\x8e\xb6\xeb\x00\xb8\xe0\x18w{L\
@\xc7\x0e\x85\x14\xc3\xd3\xbd\xe7\xe0\xcf\xd7\xbe\xf6j[\
\xc8\x0e\xef\xe0\xae\xcf^\x04\x8c\xa5\x0f^~p\x0e\x90\
\x16q\x7f\xe7Ep\x91\xb2<Y\xec\xc0PH}\x0c\
\xe8\xf6o\xdb\xbeM\xf7\xfc\xa6\x9bo\xc2\xaesv\x99\
\xd2\xaf\x8aX\xc2\xd8\xb1s\x07z\xfbz\xd0\xa4\xbe}\
O\x0a\xef\xba\xfdv\x15\xf7\x98P\xc9\x18\xa2\x09\xa2\xda\
\x0d\x5cv\xe8 \xae\xbf\xfez\x9d;\xbd\x04O5\xe6\
|\xe8\x1f\xec\xc7G?\xf6\x07\xb8\xf4\x92K$\xe9F\
\xaf\x8d\x86\x8a\x80\xe4\x9f\xfc\xc9\x9fX\xdf\x87BA,\
B+S\xe6\xc2\xaf\x22\x8a\x06\xc6FF\xf0\xfaCW\
\xe0\xea\x8b.\xc6`<\x8e&\xa5\xae\xe8f\xbb.\xd4\
4f\x89h\x0c\x03\xbco\x99\x1e\xab\xee\x0b\x850\xd8\
\xdf\x8f\x9d\xdbw\xe0\xbc\xdd\xbb\x05\xa0\xb6\xd3\xa9\xed\xca\
\xd1\xb934\x14(<\xd2\x08\x87\x91+R\x07\x91a\
\x9c\xa9\x5cQ\xbe\xbd\xfd\x0c\x1d\xf8W*\x1b\xe5|l\
\x8clO.|#\x8dMM\xe6\xa4\xf2\xc3\xe6&\x1e\
\x868y\xac\x8e\xc9\xd3\x0cg\xad\xd5\x9b%\x99\x96\xf7\
\x91\xf9y\x13Be\xec\xcf\x10\xa7\x85\x5c\x8e\xf3\x16\xeb\
:Vm\x00\x8c\xe6\xe02\x01BG\x99\xb7\xef\x08o\
.7\x84\xec*}h\x9a\xf1\x8c\xcf\xc5\xdf\xf0w.\
\xd4\x12\x1d\xd7\x04\x0fZ\xea\x12d\xb7\xad\xa9\xc5K\x05\
\xa0h<\xa6\x90\xc3\x0bh\x90\x22\xacL\x13Uh\xe6\
\x85\x03\x8a\xf9]8\x9f\xcd\x97\xc4B\xf3`\xd3\x9ca\
.\x85\x16\x11\xd1uvm\xd92\xba\x15\xdb\xb7\xef\xc4\
@o\x9f\xf0\x09J\x8dGba\x0c\x8d\x0c\xa1\xaf\x9f\
n\xae\x95F\x93vz\xc9\x81}\xb8\xe1\xba\xebD\xd2\
\xa1\xacU\xb9RD\xa5Vv\xb8\x00]S&\x0eY\
\xd5hi\x22\xc6\xbd\xfc\xe9\x8d\x80\x80\xb3pX\xec>\
\xba\xe9\xe2\xff\xc7\xa2r\xa9\xe9b3\xe6\xe6\xef\x08\xe4\
m\xdd\xb2U\xa7|\xc5\x15W\xe8o\xfe:\x19\xa7\xf7\
\xf6\xf5i\x8e\x9d\xb7\xef|\xbc\xe5-oQA\x11\x81\
?~/\x17+\xfb\x1d\xf28\x1b\xb7l\xc2\xb5\xd7]\
+5\x1f\xa5_#\x115\xde\xb0\xcc\x0a\x17e\x0b\x97\
_y9\xae~\xcdk\xb4{\x8fm\xddjiW\xd6\
\x12\x84Z\xb8\xe5\x96[\x14\x8a\xdcx\xa3y\x12&%\
\x16\x17_\x81\x99\x85\x13\xc7_\xc2\x89\x17_\x92\xa4;\
\xc1\xba#\xcf<\x8bf\xad\x8e\x18\x95\x81\xcaU\x09\x88\
p\x01GC-eX\xce\xdd\xb5\x13\xd7\xbe\xeejl\
\x1f\x1bU\xb3\x0d\xde7\xa9\xe6p\xc6I~\xcbr\xf3\
\xe6\xf5\x01\xc94\xfb*\xb2r\x92^\xa35&\xe9\xed\
\xeb\xc5\x9e]\xbb\xb0e\xd3f\xeb\xfc,-\x84\x8e|\
\x9du\x8a\x0e<r\x07\xcb\x13+*\xb3\x11)\x19\x9b\
JA\xd3`\x13\x8b \xe2.Z\xa1\x08Ye\xf6\x1d\
\x03\xb0yk\x9f(\xbdD\xe7\x0b\xb9<f\xa6rN\
w\xc2\x8eY\x98\x8e\xe2\xf0\xe3e\x84\xeb\xbc\xb7\x14\xba\
\xa5|\x97\xcda\xff\xbf\xc5\x06\xed\x0d\xcb\x99\x95\xb4f\
;\xfb\x1c\xd5\xa1H\xb6j\x17\xb1\xbc:<\x00\x89O\
\xca\xbd\xa3\xd6\xda\xe2\xf9\xf5\xf9\x83u\xcc\xbc\xbcJ\xa3\
\x8eb\xd5\x885*\x16q\xd5|\x1c^k\x8e7\xa3\
T\xe4\x22\xb2\x10@nY0\xe6w(\xad\xe9\xb2-\
o\x84\xc8\x0a\xa4.=%\xae\x16\xb2\xc4<:\xdb~\
\xf7gzq\xe1\xde\xbd\x18\xdb\xbcE\x15et\xed9\
\x913\xe9\x94\x5c_\xd6\xd3\xb7\xddH\xa9\xefX\x1f\x82\
\xed[6\xe3\xa6\xeb\xaf\xc5\xfe\x0b\xcf\x15R\xdd\xa4>\
\xbe\x8bM}\x0d:\x07\x17\x0bwM_\xe8\xc2\xd8\x9b\
\x8b\x93\xbb\x0c\x9b\x8c\xb0\xae\x5c\xf9\xf8V\x13\xfb/\xde\
/`\x8e\x8b\x8c\xae4\xb9\xfb\xc3\x1bFt\xfaD\xec\
\xe9%\xd0\x00\xf2\xd5\xdf? /\xc3\xeeK\x0b\xef\xb8\
\xf5\x9d\xd8\xbfo\x9f\xde\xc7\xac\x02\xf1\x04k[e\xe7\
\xf1\x86\x9bn\x94aP\xc95\xfb\x0fl\xd8\xa0\xdf\x1b\
\xd5\xc2\xc4Coy\xfb\xdb\xb4{\x8f\xb06\x9f\xfcw\
\xe7q\xec\xde\xbb\x07o~\xf3\x9b\xf1\xd8\x8f\x1f\xc3\xa9\
\x93\xa7\xf0Ow\xfc#~\xe7\x7f\xfdm\xbc\xf7\xe7\xdf\
\x83\x7f\xf3\xe1\x7f#\xe9nzm\xd4\x17,2\x03\xe3\
\xe4\xbd\xa7f\xa6QnTP\xa8\x16\x91\xe9I\xe2\x9c\
mc\x88\xb4\x9a\x18\xe8\xc9\xa0\x97\x0da\x1b\x15\x01\xcb\
\x8b9\x95>\x0af\xe8\x91Pj\xd5\x84W\x94\xa2$\
}:\x9e\xc0\x96\xad\xec \xb4\xb9\xd3\xe7\xcf\x81\x7f\xf3\
\xf1\x81\x16\xefS$\x8c*\xbb\x09\xcddQ`\xc3\x17\
= \x82\xd7\x0c\x01\x0c\xd0n\xb4B\xc8\x15J\x9d\xe8\
\x22\xd2B(j\xc2\xa5\x14>1\x91\x92X\x1b\xd8;\
\xfc\x93<\x8aY\x1a\x13\xd7]\xa8\xcb\xb5\xe1\xbdN\x86\
\x91b\xb8\x86\x9a\x98-\xe4V\xf0y\xbc\xbc\xdd\x815\
q\x98\xd3^\xa8g\xdc\x02\x83\xbb\xbd\xc4;\xc2\xc0\xf8\
\xcc\x8c:\xbf\xa6\xa8\xa5g\xca\xe8mE`\x03\x84\xdc\
g\xbc\xd8\x87\x98\x7f\xc6~\xa2\x95\xe6D\xa4\x10\x03\xdd\
\xc9\xc9\xa9\x19\x13$\xf1vm^\x9e\xd5\xe3\x03\x0c\x01\
\x8b\xf9\x22\x1aC\x94\xa9r\xa5\xa2>1\xeb\x8aV\xb6\
\x8d\x8da\x1bw\xd8&[8U\xa5\x22K7\xb6o\
\xa0\x0f}lB\xe9Xa\xf3\xbb\x16\xcb\x95\xad\x95\xd1\
\x9fN\xe0\x9a+/W\x9b\xafg\x9e=\xa2\xae74\
*\x11.L\xd7\x8b\x90Wcd\xa1\x92\xf2\xe6\xdc\xc5\
i\x04\xf8\xf3\xf2C\x97[\xb12\xcf\xadn\xc6\x82;\
\xf9\x83\x0f>\xa8\xf3\xe3{zzzM#!\x11\x91\
(\xe9\xfd\xf7\xdd'\xae\x00=\x06\x15\x9b\xf0\x1c\xebM\
\x0c\x0c\x0f\xe0\xad\xb7\xdc\x82\x8f}\xecc\xf8\xe0\x07?\
(\xaf\xa3\x97\xae3w\xb7z\x13;w\xef\xc4\xeb\xae\
\xb9F*>j\x96\xe2\xbc\x0c\xab>4\xa3\xbew\xff\
\x05\xf8\xf8\xc7?\x8e\xfd\x07.2\x11\x94\x89)\xe9\x1b\
\x1c>\xfc,~\xf0\xfd\x87\xf1\xc0\x03\x0f\xe8\xc5EN\
\x0a1\xcf\x97\xc6\x8c^\x0d\x05^)\x14Zk\xd4E\
H\x9a\x9d\x9eE\xa3\xc9\xe3Dp\xee\xaem\xb8l\xff\
E\x98\x1a\x9f\xc4\x0bG\x9eA\xa3n\xba}\xcbE\x93\
m\xae\x9d\xe7\x7f\x84\xc3\xf2zh\xd8X\x18\xe5C\xc6\
\xcd\x9bF\xf5\xdc^8v\xb4\x1d\xfb+c\xe02F\
-_\xe7\xcf,\x0d\x05Wg\x0b\xe8I']Ge\
k,k\xa2\xb31\xcc\x16\xf3\xc8\xaa\x9d\xbc\xca\xfd\x10\
I\x84\xd1\x0a[W&\x1a\xdcP*\x85\x0aK\xf3[\
\x11\x14g\x9b\x98<\xd9@,\x9cP\xb2|\xa5\x9e\xbb\
\xf5P\xb4s(7j\xea\x87h\xfaP\xa1W\x9b\x01\
pVU\xbd\xea\xbax\xb7+\xb6\xe0\xa0+5\x9b\xcd\
#\x1e\xe1\x226F\xa1\xcd\xb7Nl&\xe0E8\x83\
\xdd\x10S\xf8u\xbb\xbe\x07tB-=p\xe6GU\
\x0b/\xb4\x96%\x9d\xf3D\x1c\x021 =\x8ar\xb1\
\x80t\x9c\xe9\x1bs\xefX\x06\xcc\xf3\xdb\xb9c'6\
\x0c\x0e\xa2BR\x0c\x0fF\xd5W\xb2\xf8F\x06\xa4\xa5\
o\x08\xff\xe2\x0fC\xdd\x89\xd8\xa6*\x1c\xc6\xde\xdd\xbb\
\xb1ih\x18\xcf\x1c~\x1eO\x1e>\xa2\x0e\xc1\x11\xb6\
*\xd3NeWG\xa1\x92r\xb1\x88\xc9\xf1\x09l\xdc\
\xb4I\xdbG\x96\x8dI\x15\xd6t\x84J\x09\xea1\x14\
 y\x86nw\x82\xc8\x98\x1b,\xbd\xdd:6&v\
 A\xc5X\x948\x85C\xc3\x1b\x0d\x9c\x7f\xc1^e\
\x01x\x1f/\xbe\xf8bIs\xa9XF\x0d,\x80[\
o\xbbM\x94`\x1a\x96m\xdb\xc6\xcc\xc5N\xd8\x22)\
\xe5K\xca\xf7s1\x7f\xe5\xcb_\xc1c\x8f>\x8a\xc7\
\x1e{\x0c\xc7_<\xae\x0aF\x86J,\x84\xf1\x15\x8a\
\xbb\xb7\xeeV\xbc\xcfgcte\xf6%(b|b\
Jj\xb8\xc4Pv\x8d\x8e\xe1\xdc\xdd\xe7bt\xe3\x08\
\x92\xa9\x04&O\x9dR\x18`\xfd\x1f\xd4Pl\xc9<\
M\xf0\xbf\xf5\x19\xe7\x15\x12\x1b\x8a\x0dD\xa5T$\xaf\
\xb1Q\x17\x83\x93\xd7\xc9~\x8d\xe4\xd0\x07K\xd7C^\
+\xce\xf5\x81\x94\xca\xaeM\x07\x0bO\xd9>^\x12h\
u\xccL[i6\xe7k\x8d\x84\xaat\x5caH,\
\x11\xc7\xa6M\x03\x98\x9a\xa8\xa3T( \x1aJ\xe0\xd4\
\xb1\x02\xf2S4\x0c\x04X\x03\x80d\x17k\x84\xefg\
\x01\x9aW\xbb\xce\xce0se\x8dW\xd7\x83l\xb7~\
\x06\xc0\xc5\x22\x1e\x8c\xd3\xaeH\xffh\x01\xd5\x1e?T\
\xc4\xc1|9X\xe6\x99C\xa5\xdaD3\xc2\xda\xf7\x8a\
\x84?\x98ZQ\x0c\x1e\xb5x\xcd\xb0\x17S=UY\
k,\xe9\xb4\xff\x1d\xcf[\xb9{\xcd\xe4\xb6\x0a\xfbb\
\xd2$\xfa\x8d\x14)\x8cS\x9e\x9b\x9dAo:\x89x\
\x8arNu\xa4\x13)\x81H\xcc_\xb3\x93\xad\xc4\xab\
\xc3\x9c\xd4q\x8c\x0c\x0f\xeb\xa7HD]\xe0\xb7^\x1a\
\x8bFedhP\xdd|H}}\xf2\xd9gpr\
z\x12\xa1\x06{\x04\xc6\x9d\x5c\xb9q\x18\xaa\x95\x8a\x0c\
\x01'\xf1_\xfd\xc5_\xe2k_\xf9\xaa\x18{\x8c\xbb\
\xb7m\xdf\x8e\x0d\xa3\x1b\xb0\x7f\xff~\x91v\x18\x1e=\
\xfc\xe0\xc3j\x88\xb1\xf7\x82\x0b0:6\x8a\xb7\xbf\xfd\
\xedj\x95Eo \x92\xb4g\xe0=\x14\xde?\xea\xef\
\xd1U\xff\xe5_\xfae\xc4R1y\x16\x95r\x09S\
\x93\xd3H\xa5\x93x\xe7;\xdf\x89\xcf|\xe63\xa2$\
\x13\x99\x7f\xe2\xf1'\xc4\x1e\xa4L9S\x8f\xa4\x0c\xf3\
\x19\xf8rd\x9f\xae\xec\x1d\x1a\x12^1\xb6};\xf6\
\x9e\x7f\xbe\x00\xc3\x1f\xff\xf8\xc7\x92G\x9b\xa0R\xd2\xc8\
 Z\xad\xba\xc2\xa1\x1d{v\xe3\x9c\x1d[1\xb6y\
\x13b\xe1\xa8\x10w.R\xdb%\x8d\xe8\xe5\x8apm\
\x97\x0f\xc6\xea\xfe\x1fmM\x01W\x18$\x10\xd8w\xe2\
1\xca8\xb3\x1d\xa4%g\xb3\x14 -c\xb0\x7f@\
\xc6\x8fiT\x01\xa5\xae\xe6\xbf\xe5\x0a\xc9\xe8\xe5MO\
M\xeb\xab\xd5<VM<\xbc\xd8]\x18\x05\xaa\x18\x97\
\xca\xed\x0d\x8f#M\xe4\xbf^C\xa6\xd7\xf4\x13*\x95\
B\xbbE\xdc\xc9\x17sh5\xcdptp\xa6\xe5\xe3\
\x00\xaf\xdf\xc0\xccC8\x1cG\xb1\x5c\xc5\xe4\xf4\xec\x92\
\x1b\xce+\x1e\x02p\x98\x18\x835\xe9 >\x7fF\x19\
\xa6\xdb\xcd\xe9\xca\x9b'\x16j\xa3\x9a\x91\x06\xc5\x12+\
h\xf4d\xb4\x10\xa3\xec\x01\xe0\xdav\xc9\xc5S\xff\xf3\
\xa6\xb8\xf7\xec\xc0\xda\xf9\xca\x8e\xdanp\xc1\x07y\xf0\
\x0b\xe5|-\x9d\x03L\xcd\x1610D\xb7<\x8cL\
:.!L\x96\xcc2\xf6\x12\xb8#\xe6ZR\x8b\x9f\
n\xa4\xdc\xf1\x15\x0c\x9fI\xe0\xc3L\xc6#\xd8\x7f\xfe\
\x1el\xdc4\x84\xc7\x9e~\x06G\x9e{A\xe9H\x0a\
\x8f\xd0x\xf9\x9a\xf5\xe9\xe9)\x0c\x0f\x8f\x08\x84\xe4N\
\xaf\xa6\x17\xe5J[:\xcc\x17\x13\xfd\xf5_\xff\xb5v\
^\xee\xf0\xc4\x0b\xf6^\xb0W\x93\x8f;.\xc9B\x8c\
\xbd\xf9>\x1a\x90]{v\xe3\xfe{\xefS\xfc~\xe7\
\xb7\xee\xc4\xd4\xe4\x94\xc5\xe1SS\x22 1\xb5\xc8\xf3\
\xdc\xbce\x8b\x18\x89\xbf\xf7\xbb\xbf\xabt\xa2/\x8b\x95\
1\x0b\xa4'\x19W\x93O\xc0E\xcf\xc5\xceT\x1f=\
\x17\xfe\x8e\x86\x82\xc7\x7f\xe8\xa1\xef\xeb~m\xdcH\xe3\
0\x84\x0d\x83\x03\xd80\xb4\x01\xfd\xfd}\xa0\xbeKK\
\xd2\xe5fDL\x9a\xbc\x932]n\xa2\x07\xff\xaa\x18\
\xddazsi\xf5\x94z\x8ba\xa0\x7f\x10\xb18k\
7\x8a\xaa7\xe0\xe2b\xf6\x85\xb8U\xd4\xbf\x95\xbbl\
\xd1\xc2\x06}\xbf\x0a\xd1\xf8\xdcL\xb4\x93\x09\xd4l\xb6\
`\x82.\xcc\xe6\x93\x08\x16\x09!\xd9Cr\x0e9\x10\
\x09\xc9\xcfs>G#)L\x9c\xaab\xe2t\x19\xd1\
\xc8\x80\x13\xfa\xef.C\xe6\x8b\xc3\x88\xfc\x83u\x05\xe1\
\x08&f&Q\xae\xb8\x863\xeb\xbc\xfb\xaf[\x08`\
H\xbeY\xba\xc5\xea\xaf}.\x9d@\x0bwx\x0a#\
2\xddB\x17\x8a\xe0^\xb5J.\x81\xaf\xfc\xe2\xae\xc5\
\xce8\xf6 \xd4vL\xbbX\x05\xadA\x92D\xcc\xca\
{\xed6(\x9e\x0b\x94\x96:\xd2\xd0b\xc4 \x8f\x05\
\x94\xeb\xc0\xb1\x97&\xb1w\xcfF\xdc\xf8\x867a\xf2\
t\x16\xf9rVM*\xb9\xb0z\xd2i\xa5\xb0\xacS\
\x8d\x8f\x09W\xfe\x14\xcc\xf3\xb0\x86\x96\xc3\x03}\xb8\xfa\
\xe0A\xec\xda\xba\x03\xf7?\xf4}\xb5\xc4\xe6\xe2\xae\x87\
\xa9\x11\xcf\xd8\xcf\x040\x88\x05\xf0\xc5t\x1e\xcbuY\
\xeb\xcfE\xe9\x9b\x92\xf8\x85\xc3\xf3\xa2;\xce\x8a@\x0e\
\xd5\xea?\xfcp\xbb\xce\xc0(\xd2\x11\xe1\x02*\xa4j\
4\x84#\xa8\x10H\xe4\x95N\xe1\xd1\x93O=\xa5\x0c\
\x82\xd7\x22\xe4b\xa7,\x1bQ}v)\x1e\x1a\x1a\x94\
\xe8(\x17\xbc\x07\xdc\xbc\xa1\xa5A\xb9\xe7\x9e{\xc4F\
<\xf1\xd2q\xc4\xe2\x11l\x1c\x1e\xc1\xbe\xbd{1:\
:\xa24)\x1d5z\x02\x8d\x9ae:\x822`&\
\x03\xde\x09\x0f\x97\x1f\x9e7\xd2\xf1B\xcfd\xf5\x1bs\
\x94\xa9\xda0\xa2\x98\xcdg1\xbaq\x93\x08J\x044\
+T\x9cRG\xa8\x10&\xd8 \xc6\x11lt_]\
6\x88\x0c@k\xee\x9aw\xcdA\xacT=\x91\x0e\xa3\
w\x80\xff\xa6\x11\x8b\x22\x9f+\x9b\xc1\x08%q\xfc\xf9\
\x02\x1ae\x0a\xa0\xfa\x862\xdd\xef\xdc\xda\xfd\xf9\x89H\
\x5cJ\xbf\xd3\xb3\xb9\xb6<\xfa\xab\xd2\x00\xf8\xb8D=\
\xdc\x9c\xee\xda\x82\xd6J\x1a\xfdM\xcb\xa9\x86C85\
5\xad\x1b\xaex\x99\xd9\x80J]y\xe7\x16\xf9\xffN\
\x83NB L\xc79\xe7\x9ei\x10!\xb0L\xbb\xc9\
\x853X\xd0\xa3\xd5\xf6\xa9\x0e~\xb0\xb8\xe2\x0b\x17O\
\xd4b\xadj\x05\xef\x7f\xdf/(N~j\xfc\xb0\x0a\
{\xe8q\x10\xb8\xe2\xee\xc9\x82#\x1a\x19\x8b\x1b\xd7\xc2\
1w$\x99F\x0b\xf1p\x18;\xb7\x8dahp\x08\
_\xfb\xe6\xd71>5\xa5~r\xdc\xcdXe\xe6\xd3\
\x83J\xfbE\xa3\x02$I\xaa\xe1\x22c\x9c\xca\x1e\x06\
\xa2\x1d;\xb91\xbf\x08\xdb;\xb63\x0c\xc1Z\x03\xba\
\xbe\xcc\x5cx]\x02\xa6\xfdx\x0c_Q\xc8\xc5\xee\x01\
H\xa6\xd1\xfaz\xfbd\x08\x92ik\xf0\xe1\xc9W\x9c\
\xfcT\xe5\xa5bS\x98XH\xc3h\xc2\x8f\xfc\xf0\x87\
\xaa:\xcc\xe7\xb2\x12\xe7\x18\xdb:*\x83\x96\xcff\xd1\
\xb3c\x0c\x8dj\xc9)\x1b\xb9\xd6\xe3m\xd5f\xb1\xdd\
\xad\x0d8E2IXZ@\xaa\xfb\xcc\xbb\x89\xb9\x86\
PMG\x16\xfa\x94y\x08}\xbd\xcc\xd8\x98\xb4X_\
O\x0f\xce\xd9\xbe\x03\x87\x9f\x7f\x9e\xe5^b\xd7M\xcf\
\xe6\xdb\xdf\xc9\xd2e\x01\xb5\xf5\x06\xa6\xa6g195\
\xad\xfe\x8a\xc4&8W9\x1bG\xfa\x12\xe8\xc9\xa4\x11\
\x0a\x15Q\xab51;S@4\x9cAn2\x84\x93\
\xc7r\x88\x84\xd36\xcfV\xd06\xcfcK-y \
a\x1d\xd7\xea\xff-Uz6\xc6\x9a\x0d@P\xa0\xc1\
\xf3\xf3y\xd2\xdcu8\xcc>\x18\xeao9\xed\x18\x8e\
\x9f\x9aP{+\xa3Y\xda\xc3\xce\x15K\xeam\x16O\
X\xba\xcd+\xb1\xf8\xf70\x17JF \x0d\x05ct\
\xf5\x0fp\x06\xa7\xc5\xfej\x0e\xd5\x0d\x8e\xc5\x04J\xa4\
^\xc3\x98?\x1e\xc1_~\xea\xdf\xe3\xf2K\xf6\xe3o\
\xff\xd3\x7fn\x0bvrq\x0c\x0f\x0dwd\xc0\x022\
\xcck\x1d\xbe\xb0\xa4^-\xabA\xc5\xe6\x8d\x9bP\xae\
U\xd4\xc4\xb4V\xaf\x22\x1e#\xd9'\xa4\x9d\x9e.:\
\x8d\x90/$\x22\x07\x9f\x06Q-\xc9]G\x9f\xf9F\
.\xc8&\x0c>#\x86\x13\xc4\x0f\xd4h\xc4\x19\x86\xb6\
\x82\x8f\xfb\x5c\x90\x18\xe3{\x04\x90\xb5Po\xd6Q\x15\
\x08\xd5i\xc1N\xcdA2\x0f\xbf\xf1\xb5\xaf\x0b\x14$\
~A\x03\x94\x92\x8c\xf7\xa0\xf8\xfa\xe3\xa7O\xa3\xc5\xa6\
\xa4{w\xab^\x7f\xae\x8cw\xe7~\x0a\x13\xaa9I\
qq\xdc\x8d\xb5\xd8\xfd=u\x9e\xe3\x22\x18\x99\xdc\xf8\
V]\xfd\x1fZ\x8d:ffs\xba\x0f\x83\x83\xfd8\
v\xf2\x14N\x9d&\xb5\xda\xe9\xf9\x11\x88\x8c\xd0\xd8E\
\xd52mj&+\xc0\x8f\x9b\x967Z4\x01\x1b7\
\xf5\xaa\xfd\x97Z\xc5\xe5):\x0b\xb0y\xdd\xb1\xe7g\
P\xce&\xac\x89\x8b\xdf\x94\xe6g\xa2\x16\xad\xf7\xb7\x06\
8\xe1\x08\xbd\x95\x02f\xb2\xdc\xfd\xad\x07\xc3\xd9\x1a\xeb\
\x82\x01\xa8`\x81\xa8\xa5\x0b\xc6\x88\xe8[\xbb\xa6\x80Z\
\x98z\xcf\x01%v\xa8\x9d\x9e\xed|\xd6\xf7\xc9\xa3\xf6\
[!\x8f\xde~\xd2V\x8d\xf8\xd1\x96\x8fv\x0b\x87F\
D\xad\x95z\xe7\x82A\x1cdd\x99.cG\xe0r\
\xa1\xa1Z\xf6f\x1d=\xc90>\xf5\xef?\x82\xf7\xfd\
\xec\x9bq\xff\xbd\x8f \xd4\xa2\x8bl\xddo\x84\xa2;\
\xf5\x1e\xdf\xedh=\x87\x80&63\xcd\xb3\x91\xc6\x94\
h\xc5\xfd\xe7\x0c\xe2\xa9\xa7\x9f\xd1\x8e\xce\x1d\x97\x13\x8b\
\x0b\x8c=\xe7YbK\x17\x9f\x7f\xbb\xee\xdak\x95A\
\xf0\x82\x1f\xf3\xb1\x8e\xb6\x82M\x80U\xc8\x09\xc4\xdd\xdf\
\x17$\x05\xafG\x1e\xd8\x1ca\xce\x80J\xaf\xbd\xc1\xdd\
\x03\xf3\xae\x94\xff\x0f\x85\xa4\x5c\xf4\x8do|\x03\xcf<\
\xf9\x94\x11\xb6Zu\x8c\x0c\x0e\xa9\x95X6;\xa5\xaa\
>\xee\x97\xdcmE2jZ\xc9\xec\x99\xfa\x9b\x9dj\
7\x03gW\x9e2\xf3\xd7\xbd\xd4\xe7Le\x8at\xe3\
\x18\x92)\xd2\x9a\xcb8p`/~\xf6\xdd\xef\xc0g\
\xff\xdf\xcf\xe1\x8e\xaf\xde\xa3\xebJ\x10p.\x94\x90\xcf\
R\x82\x9c\xbb;\x9b\xa3Z\xc9qPKf\xe3\x96\x04\
\xa21v\x9e&x\xcbLA\x12\xc5\x5c\x1c/\xbd0\
\x8d0\xbai5>w\x18\xa3\x95\x06\xdd\x00P\xed\xfe\
<\xdfu\x12\xdb=\xeb  \xab\xf5\x08\x00.Vk\
\xcf\x8b\xa3;;s\x9a\xb2R\x0b\xf3\xf0\xa7g\xb3\x18\
\x18\xe8A\xb47\xde\xa1\x149\x8b\xeb\xf7\x0b\xc6\xc3\xc3\
B\x95\x83;\xb2\xc9$\xb7\x85e\x17\x19^=x\xa0\
'\x89\xbf\xf8\xc4G\xf0\xae7\xbd\x19\x95\xe9Y\x8c\xb0\
W}\x22\x8d|)\x8ft\x9a5\xf8Is\xf4\x02\x06\
f]\x87\x8by\xb9\xb3\x13\xc8K\xc7b\xb8d\xff~\
\x8cm\xde\x8cG\x1f{\x0c/\xbdD\x0d\xbd\x96\x5c\xd1\
\x93\xa7N\xa0Z\xab\xa857\xbb\xe2r\xa2\xdc\xf8\x86\
7\x18nP\xb7\x06\x19\xfaJ\xa7y@v\xa3gi\
\xb6\xaf;\x14RL\xef\xff{\xfe\xbd\x9f/z\x19\xf4\
*|U\x9cW\x0f\x92\xbbO\x05\xa2{\xef\xc5\xf4\xcc\
\xb4\xc48\x92\xb10vn?G4h\x861\x13\xa7\
\x8e\xcb}\x0e7\x99\x01\x19\x927H\x05\x1fC\xdd\x17\
_\x19^\xdcd)\x00w\xb1\xcfu\xfb^\x93.\xb3\
~~\x97\x1f\xba\x0co|\xcbMx\xd3\x0dW\xe1\x82\
?\xff\x1b\xfc\xd9\x7f\xfc\xaf\x8a\xf9\x09\x18\x1e\xad\x1co\
\xab1u\xc0I\x1b\xbc\xe3=\xbd\xec\xd3@\x81Nc\
\xfdD\x91\xc6\x0b\xcf\x1603YE2J\x03\xd0\xbd\
\x050\x03h@\x1f_\xd4\xaf$\x97\x81\xde\xdeRE\
M\xaf*\x03\xa0N/\xd4bw$\x92\xe0s\xf6u\
\x02\xac\xea\xa3LT0\xcf\xef\x07'-\x95NXf\
\xd9\x93\xee\x15\x08\x1a\xa1\xa43\xd9X\x9e\xad\x15ba\
PI\xc5\x22t\xd3\xcc\x95u.+\xf3\xb7\xfa\xd2E\
\x0a\xf9\xe4\xf670\xd2\x9f\xc1_|\xf2\x7f\xc3;n\
\xbc\x16\xe5\x5c\x1e\x03\x1b\x86\x91Hs\xd2\xd1\x8a\x87\x90\
J\xc4t\xe3;\xfd\x05\xcf\x003\xd6\xe5~\xf92O\
\xd6\xb9+\x05V\xafb\xdb\x96-\xe2\xb3?\xf7\xdc\x0b\
x\xfc\xf1\xa70K\x1dB\x96\xe2NNhISP\
\xe4\xe9\xa7\x9f\xd1\xbd~\xc3\x8d7\x0a\xaf \x9a-\xae\
x \xa6\x16\xf04\x8f\xea\x9a\x22k\x91\xaa\xc4\xed4\
i\xf0L\x16\xe6J\xf8P\x81\xee,\xbd\x91\x9f\xfc\xe4\
'\x02\x10_z\xe9\x84\x164\xf3\xf6\x9b6\x0c\xab\x08\
\xea\xbcs\xb6\x93\x18\x87\xd3\x13\xe3\xa8\x16K\x12\xec\xa0\
\xc1O\xb1\xf5\xb6K\x9d\xb6\xce8\xd4\xfcy`:\x0f\
\x1d\xcce\xf9\x11\xf4Z\xfc\xb5.z\xcf\xb9\xc0x\x0f\
\xaa\xa2`\x81\x9d\xa7\x9b\xad\x08\xe2\xd1\x0c\xfe\xe8w?\
\x82\xf3\xcf\xdb\x8b\xdf\xfc\xe8'\x85\xc9\xc4j\xa4\x9c\xdb\
\xfc\xe2\xbd\x17\xfd\xdc-~\xc2P\x13\xa7s\xa8Uz\
\x81\xb0y6\xc5B\x13\xcf=s\x0a\xadz\x0ap:\
\x16\x81G\xb2\xe4\xf0\xb2z\xdc\xd2\x88'\x9c>M\xdd\
\x08?\x9f\x7f\x0a\x0c\x00o\x10\x01=\xa6\xd02I\xcb\
\x95{\x15\x1f\xedL\xdc\x9dY\xf3\x9e\x9dA\xd9\xf5\x99\
[,=\xc7t\xcb\xc6\x91:\x22*\x9e0\x99eC\
\xd1\xeda\xb0\x1a*\x97\xcf!3<\xe4\xfa\x11\xb0\x8b\
\x10\x1f\xc9\x99]s\xe6\xc6\xfc\x0d\x8c\x0e\xa4\xf1\x97\x9f\
\xf8\x03\xbc\xf1\xa6\xeb0\x9d\xcfc`d\x04\xe1\x81!\
$g+F\x8cAHB\x16\x06K\xfao\xea\x9e\xde\
\xbc\xa2\xe1vU\xbb6\x03\xbe\x9a\xb5\x1a2\xa98\x0e\
\xec\xdf\x8bm\x9bG\xf1\x93'\x9e\xc4S\xcf\x1f\x11]\
\x9a\x02 LSm\x18\xd9\x80g\x9f=\xac]\xea\xad\
o}\xab\x95\x02\xbbr\xd1\xb99\xf3\xce\x7f\xab\x82\x92\
\x99\x0c\x7f\xe8\xe0i\xcc\xc36\xda\x19k~&B\x0d\
\x85&\x9e}\xf6Y\xf1\x0b\x9ey\xe6\x19y-J\x07\
\xc6c\xda\xf1\xf7\x9e\xbb\x07\x89XX\x98\x06\x8d2\xf5\
\x16\x88\x9a\xf3\x19'b1\xa4\x93I\x11\x92l\x0bX\
\x9c\xc9b^\x86Yy.\x86Hd\xf1\xf6lk\x19\
~W\xe5\x1c\x1d\x9f\x98\xb4\x82\xb3T\x1f*\xa5<\xde\
{\xdb\x9b\xc5\x17\xf8\xa5\xdf\xf8\x1d\x8cO\xcfJ\xbf@\
\xa6B|\xff\xbak)fw\xe9\xd4KY\x8c\x1f\xdf\
\x80\xfe\x91\x08\xd2\x99\x18\x1e\x7f\xea\x04N\x1d\xaf\xa2/\
5d\xb2iK\xc9G\x07\x86W;\xf2\xc5F\xe3S\
\xd3(\x96HV\xb2T\xf5\xd9\x1e\xebR\x0d\xc8\xc1G\
\xc5<)\xe3\x16\x03\x00\x9duW\x93\xca\x86\xd4S\xa6\
\xb2\xf9v\xf2fa\xa2NH@ \x1bM\xb2\xb3\x0b\
\x1f\x92w==P\xc5{2;k\x1a\xf8J\x07*\
\x9d\x15V\xaaj\xe1+\x0ck\x17\x1dL\xc6\xf0w\x7f\
\xf6\x87\xb8\xf5\xe6\x1bP\xca\xcd\x225\xb4\x11\x91\xdeA\
\xb4Bq\x84c\x09$2=\x92\xfe6=\xfaN;\
\xad\xb36B0\x89-\x81`\xe6\x02j\xd7\xa3\xbai\
\xb3\x86\x91\x91^\x5c\xf3\xdaC\xf8\x99\xd7_\x8b-\x1b\
6*>e\xbe\x9e\xa4\x1c\xd2sO\x9d>\x85\xaf~\
\xe5+\x98\x98\x18\x17B\xbf\x94\xab\xe8\x91\xf2ENc\
\xce\xf0R\x8b*/\xce\xe5\xd4q\xf8\x0b_\xfc\x82R\
\x8d\xf9|V\xe9\xd9\xedc\x1bq\xd3uW\xe3\x92}\
\x17H\x82\xbb^)\x0b\xed\xd6F\xa0\xdc\xbe\xdd?5\
\x03M8\xde\xc6\x12P\xb8\xa7\x1d\xab\xe3\x91\x0a\xbc\xd6\
Qdv\xce\xb5q1\xdb\xdc\xa4\xd7499)i\
\xedp*\x85h\xef\x00J\xf5\x16\xde\xfc\xd6\x9b\xf1\x7f\
}\xe2\x0f\xe4}\xb2T\x84\xe0\xb3W6\xd2w\xf8\xff\
\xdfJ#\x1c\xb1\xbe\x8e\x85\xd98\x1e\xbeg\x16\xf5*\
\x01\x5c\xb6$\xeb\xaeW\x86y\xae\xae/b8\x86b\
\xb9.f\xac\xdan\xe2\xe5\x19\xeb\x16\x02p\xb0\xaf\x9e\
Xr\xae\x91\x85&\x04E=\xd0\xd2\xc26&\x15\xc7\
\xc2E8V\xbc\x02LO\xcdb\xa0\xbf\xcfz\xe1\x99\
\x08O\xdb\x1dR\xc6 \x97W\xb8\x10g\xaf\x80v\x07\
\xdd3A \xcb \x00\x99D\x0a\x7f\xf5\xc9?\xc4M\
7\xdd\x88\xd9\xe9I\xf4\xf7\x0f#\xd6?\x82\xba4\xeb\
\x22\xa8\xd6Y\xf0bl.{n\x5c\xfc\x1d-\xf8\xb3\
2\x9c\xfe\x9d\xfb\xc7\x19\xbb0\xbd&\xfe\xdc\xb3}\x9b\
\xaa\xda\x9e=\xfc<\x9ex\xeai\x8cON\xe1\x85\xe7\
\x9f\x93\x8c\xf7sG\x9fC\xe9\x1be\x95\xe4\x8en\xde\
\xea\xea\xd8Wo\xb4|A\x16\x0d\xcc\xd1\xa3Gq\xcf\
w\xbf\x8b\xc7\x9fzB\x1d\x81\x88\xd4\x0f\xf4\xa4q\xc9\
\xbe}\xd8\xbbg\xb7\xc48\xab\xa5\xbc\xde\xcf\xd0\xc9\xdf\
'\xab\xcc\xb4l\x10\x99\x93\xbe\x0c\xd9\xaer\xee\x96\xd6\
\xe6j8.\x80\xb5O#w\xfe\xec\x19^>cz\
6\xd5FH\xde\x0c{\xfbe\x06L\xb4$\xd9;\x82\
rn\x06\xefx\xfb\xcf\xe0S\xd9\xdf\xc3\xef|\xf4O\
E\xc1\xf5\x19\x17\x1b\xe6\xc5\x8c\x9f\xca\xe1\xc5\x17\xa8\x09\
\x99\xc2c\x8f<\x87\x97^,`ls\x9fDK\xa5\
N\xe5\xe6\xcfR\xc3\xb2-V\x13H\xa3\x99%\xe8H\
LA\xe1O\xeb\xa7\xc8\x00\xb8\xf3\xadTI\xe2\xb04\
\x8e\xad$\x96\xfc\xd2\xba\x85\xa5\xa0B\xb1\x05k\xc9\xbc\
\x08\xdb\xcb5r`\xb7\xd3R\xa5\x84~u\xd7ar\
\xc5l\x86\x89\xa0\x86P\xae60\x9b\xcbc\x03\xab\xe1\
\xd8}\xb6\xd1\xc2\xc4\xc4\xe9\xb9\xa7\xe4\x84B\xc3\xcd:\
\xfe\xf4\x8f~\x07\xb7\xdf\xfe\x0e\xccL\x8d#\xdd7\x8c\
\xc4\xc0\xb0\xd2\x88\xa2\x80\x84\x22\xca`h\xd7qE\x06\
s5\x02\xce\xd6d\xec\xc8BDU\x86k\xca\xb6\x12\
\x7f\xf0q-c\xc2j\x05\xf1H\x14\x07.<\x0f\xdb\
\xc6\xb6\xe2\x89\xa7\x9f\xc5cO<\x89\x17\x8f\xbf\x84\x9e\
\xde\x1e\xe4\x8by\xbd\xae\xbb\xe6:\x9c{\xee\xb9F\xa4\
1\x94kEg\xe3\xc5J\xb8\xd0\x1f|\xf0a\x91z\
N\x9c8\xde\xee\x0dx\xde\xf9{p\xd9\xfe}\x18\xa6\
nA\xbd\xa6\xf3\xf2\x9do;r\xe8\xd6\x897\x1e\x8b\
h\xf1\xf7f2\xc6\x9c\xd3\x86n\xe5\xbb^\x0d\xb7}\
\x17\x1c\x87\x83?\x895$\x13I+\xe1]a\x93\xd9\
n\x0d\x9fHQ\xd4>\xa8\xd1\xd8\x87U\xe1\xc7M@\
O\x82=)3\xfd(\xe6\xc7\xf1\xaf\x7f\xf9=\x18N\
\xa4\xf0\xa1\xdf\xf9c\xcc\x14* \xb6\xed[\x99\xd1\xe0\
\xcd\xceT\xf0\xe5\xcf?\x81D\x82\xd9\x9a\x1a\xe2\xac\x9b\
\x08\xd5,\xad\xddp[\xf82\xa7$\xcf\x87\xdc\x97P\
Du1\xd9l\xeee\x89\xfb\xd7\xdf\x00h\xe12\x1d\
R\x17\xc2\x1f\xe7N*\xcbf\xe0\x1c\x97S\xb1\xc02\
)\xef\xcb/\xc1\x8ep7\x9a\xba\xe7#\xc3#\xa2\xca\
\x1a\xaf\xdebY_\x1ctzbV\xc2\x16\xb1X\x18\
\x85lU\xd6<\xc8\xd4Ss\x8ez\x1d\xbf\xf5\xeb\xef\
\xc7\xaf\xbd\xff\x8d\x18?}\x18\x91\xd4\x10\x92}C@\
49G{\xae\xee%\xc9B\xc1\x9b\x7f\xf6v!\x9f\
\x83\x17\x13\xcd-\xd6\x8e\x8b>\xf7\xb8v\xed\xec)_\
G\x7f&\x81+\x0f]\x8a-c\x9b\xf1\xbd\xfb\xef\x17\
\xe0V\xab\x95\xb5\xe8\xeft]\x82\x0e\x1c8`\xba\xf9\
N$c\xb9\xe1wnr X\x91x\xd7w\xee\xc2\
\x8f\x1f}L\x84\x1e\xf6\xd5c\xa9\xee\xc1\x83\x97\xe0\xdc\
sv!\x22\xe2T\xd1\xc4W}\x14\xe7\xb1R\x07\xc6\
\xfa\x82\xadL\xa6G\xf4`\x0b\xe1\x96N\xcdzR\x93\
\x84N\x88\xc1\xb8\xfbs6\x86\x97Z\xe7\x92\xaf\xb2\xff\
b\xa5\xcc\x1c\xb4\x8c\xbf\x088\xd1\x10\xd2\xbd\xc3(\xe5\
\xc6\xf1\xee\xdb\xdf\xa2M\xe47\xfe\xdd\xff\x81\x99\x5c\x11\
\x91\xa8\xa5\x12\xcdSb\xba\x90\xf3\xbaa\xad\xc0\xa4V\
e7\xa2\x9b\xbc\xbd\xe7Z\x10\xef \xebabz\x06\
\xc5\x8a+\xf8y\x19\xc7\xbaa\x00\xf4\xd5\xc9\xf2c\x0c\
\xd8r\xf5\xfe&\x96\x18\xc1\xccl^\xee\xffb4\xe1\
9\xc3!\xa7\xe4\x0a\xd0\xa0\xa4\xd3\xd6\xc3\xde+\xa0\xfa\
\x05N\xa2D\x9ehs\xad\x85\x22\x1bz\x1a\x9a6g\
\xf1\xff\xdc;n\xc6G\x7f\xebC\xc8N\xe4P\xaeG\
\xd03\xb2\x05\x88\xa5\xa9\xe4%e\xd79\x97\x1f0H\
g\xd3\xfe\xfa\x14\x17\xd3\x7f\xac\x7f \xe1\xc4\x04?\x9d\
\xc4\xf9\x125\x05\xcc~\xd4+\x05l\x1b\x1d\xc6\x9b\xde\
p-\x0e\x1e\xb8\x10I\x12\x83\x0aE\x9c:y\x12_\
\xff\xc6\xd7p\xdf}\xf7i1\x99\xe7\xe4\xca\x89\x978\
\x17.:\xee\xd6\x0f?\xfc\x10\xfe\x9f\xff\xf2\x7f\xe3\xfe\
\xfb\xeeU\x81\xd0\xe0@\x0f\x06\x06\xd2\xd8\xb6y\x04;\
\xc7F\x89\x99K\xb1\xc7Bh\xd79s^6\x81\xb6\
\xc4/f\xdfY\xc9\x8e\xb3\xf8\xfd\xf0\x0cF\xf5\xbb\x13\
n\xe04\x10\xce\x12\xf3\x8dC}&I-/\x95\x94\
i\xe1E\xc9_e\xed}8\x8aV$\x85d\xef(\
r\xf50~\xfe\x17n\xc5\x9f\xfe\xf1G\xd0\x0a7\x94\
\x09\xf0\xbc\x09^\x13AK\xc3\xbb\x8c2\xcc\xee\xbf\x04\
\x8di\xee\x962\x02\x9e\xf4\xc3\x8d\x87\x9e(+Dg\
\xb3\xd9\xb3\xb9\xe7\xbc\x0c\x06@\xd89P _\x9f*\
\xaa\x027\x0c\xe1<=>i\xa9\xc0\xf6\xc4Y\xee\x9b\
BJ\xd1d\xb3y\x13\x96t@`\x90\xfe\xc9\x09r\
\xea\xf4\xa4z\xb0\x13\xa5\xf5\x7f\x15u\x98i\xb2\xeb_\
\x87O\xfd\xef\x1f\x17\x22{\xba\x18\xc5\x86\x1d\xfb\x90L\
\xf5\xba\x9e\xedV+\xef_\xa6\xfczv\x8a-\x16\xcd\
wW\xc9\x1e3\xcf#\x93I\xcb\xf5\x9d\xcb\x94[\xf8\
st?\x1b\xd5*\xfa3=8x\xd1\x01\xf4\xa5\xd8\
\x01\x97@\x5c\x09\x13\xe3'\xf1/_\xfe\x12>\xfd\xe9\
\xbf\xc7c?y\xccT\x95\xe2\xbe\x09e'\x07\xe0w\
ii\xf95\x1b\x02\x13?\xfb\xd9\x7f\xc0K/\xbe\x80\
L2\x86\xcb.\xd9\x8f\x8d\xc3\x03\xa0\xc8\x0e\xd1o\xe2\
\x11\xf4\xf0\x94\x1e\x9d\x03\xe0\xce\x9d\xb1\x0c\x17$_\xed\
\xb61\x0f\xe0\xce\xb9\xd9\x0b\x0c\x85->\xe5\x18\x8b\xb5\
\x85`\xce\xc6\xe0\xd7\x92\x0c\xe6\xe3\xfa\x19\x07\xc4\xce\xd9\
z\xb99Db\xf2\x04\x8a\xa5:\xde\xfb\x9ew\xe0O\
\xff\xc3GU%XU\xc9z\xa7\x8e\xc1\xee'=\x16\
\x93\xc6s\xd5\x15KJ\xd3\x99\x91\xb4\x9d\x9f\xaf\xc9\xa9\
Y\xd4Y\x1f\xf1\x0a\x18\x80\xf5\x03\x01\x1d_\x82`\x1f\
q\x0c\x81w\xadf\xbb5\xb6m\xd0\xdd]\xa1\x16$\
{\xd1ML\xa8\xf0\x84\xf2W\xc5\xf2x\xbb7\xa0\xbd\
\x89\x8d#\xb3hn7\x07\x93Z\x7f\x9cp\xdcI(\
\x22\xf9\xd7\x7f\xfc\xdb\xe8\x8b\xc6\x91-\x96\xb0e\xc7N\
\x11|\x18\xdf*m\xe8\x16\xbb\xbeK\xb4S\x9f\x8f^\
\x0b\xd7\xbf\xfb\xe1\x8bg\x8c\xfb\xedt\x09\xdb\xc5\xdeK\
\x1f\x9f\x7f\x15\xe8\xc6\x19\xc7\xa2\x94\x04Q\xf3:6\x8c\
\x8e\x22_\xae\xe0\xd8\x89\xd3x\xfc\xc9\xc7q\xf4\xc5\xa3\
\xb8\xfa\xea\xd7\xe2\x92K.V\x15\x5c\xf0\x0b\xa2\xe1X\
\xbb\xd3\xd0\xbf|\xf9\x8b\xf8\xd1#\x8f\xa8:\xef\xfc\xdd\
\xbbp\xd9%\x97JX\xe3;\xdf:&\x8fC\xc8\xbc\
*#\xdd\xc2\x98\x17\x22\x05\x8d2\x17\x80\xefkh\xcf\
\x89\xa8\xbb\xe3\xb7/Q\x07\xeb\xc3\x15\xdf\xae\x8c \xda\
\xd9\x02_\xbd\xd7c\x02\x9da\x14r\x05c:\xfar\
b]\x0c\x99\x8d<\xa78\xd2\xe9\x0d\xa8W\x0b\xf8_\
~\xfd_a\xf3\xd0\x06|\xe4\xf7\xfe\x10\xc7ON\x1a\
`\xec\x8b\xcf=\x06\xe2\xc0m\xc7\x5ci\x97'/H\
\xf9\xe5,\x8c\xc403;\xab*\xc26\xf5d\x1d\xe5\
\xbe^\xf6,\x00\x07+\xfc\xa8\x12\xac\xae=\xe1\x16\xb2\
\x85\xbc\xb9s+(g\x14\xd0\xa2\xce\xb0\xb3\x92\xf1&\
5\xf7\x04[L\xb7\xdf\xe0E\x13\x9bx\xf2\xa9g\xda\
)Bf\x046\xf6\xf7\xe3/\xfe\xe8#\xd8\xb9\xa9\x0f\
\xd3\xf9\x1c\xfa6lGO\xff ZT\xce\x11\xb3k\
\xde\x0dv\xa2\x0b\x96\xb6}\xb9\x5c\x006\x02\xad\xc8;\
\xe9\xb0\xefV^j\xcc\xd6i}i\xaa\xd0\x14\xb1i\
p\x10\x17\x8fm\xc7\xe3O?\x85\xa7\x9e=\x82\x5cv\
\x06\xf7=p\xaf4\xf5\xae\xbd\xe6:\xd5\xc6k\xd7\x8f\
\xc6T\xff\xcfZ\xff\xfb\xef\xbf\x0f/\x1e{\x1e\xa9D\
\x1c\xfb.\xd8\x87\x83\xfb\xf7+\x1c \xcf\xa2\xd1\xa0\x12\
s\x08\x99tFu\x16\xbc\xb7\x02Uu\xb2\x0b\x9c\x8f\
\x0c\x80\xb5=\x9f\xcb\xcc[\x1c\xd1\xf6b\xb0\x8a\x83\xc9\
\x22\x8dQ\x0f\x82\xc6\xe6\xec-\x82v\xd7\x1fw\x8e\xa5\
r\xc9%\xdc\xe7y3\x0e\x18\xa4\xeb\x1f\x8e\xa5\x95\xf1\
\xf8\xb9\xdbo\xc1\xe6\xa1\x1e\xdc\xfa\xbe\x0fa\xbaH\xbd\
H\xe3,X\xda\xd3\xbe\xbc]\x93\xb0P\xcf\x09\xd75\
\x99D\xaep$\x8er\xb9\x84\xf1\xf1)\x87\x1d\xe0\x15\
\x19\xeb\x18\x02\x98\xebn\xc0JEzj,l\xcc\x97\
\xcaf\xfbW\xba\xb6\xa4\xc1\xd6r\xcd*\x16N\xa9\xf0\
\xa6SN\x8bb\x17r\xed\xd0\xc2\x1f\xfe\xf6\x87\xf1\xda\
+.\xc5L\xb1\x81\xc4\xc0 \xe2\xfd\x83\xc2\x22T)\
&W\xff\xcc/\xa1\x9c\x93\xc5\x85\xf6\xbf\xb3=x\x0e\
\x0c\x01\xcc\xea\x84U\x89\xd7q)\xbb\x1csX\x94F\
&\x1a\xecI\xe1\xcaK.\xc1\xf5W_\x8d\x91\x9e^\
L\x9d\x1e\xc7\x83\x0f<(\x02\x8f\xe7L<\xf2\xc8\x0f\
\xf1\x0f\xff\xf0\x19|\xfe\xf3\x9f\xc3K\xc7\x8e\xa2/\x95\
\xc2k\xae\xb8\x12W\x1f:\x84x\xa4\x89f\xa3\x8c\x13\
'\x8e\x19K1DbTF\x84\x18\xee\x88\x8b\xdaH\
\x9f\x02\xa46$\x093]\xbb\xef\xbe\xfb\x8fg\xffY\
C\x14\x9e\xeb\xd9\xf2\x00,\x040\xd05B\x97\xbe\x5c\
\x91H\xa9\xa6\xc7\x9c\x08\xd55\xb4\x11&\x10E,\xd3\
\x8f\x5c\xae\x8ck\xaf\xbb\x06\xbf\xf9\xaf?\xd0\xee\xd5g\
\xfc\x0b3\xde\xa6M\x1b\x0c\x8f\xe6\xde\x07[\xfc\xd6[\
\x91!1K\xc1)\x87\xd7%g\xe8\xd5\xef\x01Xm\
?\xc3\x80*\x86\x86\x87\xa5\xb8\xc3\xf4\xc6B{\xc0r\
S\xc4s\xc7\xc8\xd6\xca\xe6\x89\xf0/4\x18\xff\x87\x10\
\x0d\xc7\xa5\xbc\xfbk\xef}'\xde\xfb\xf3oA\xa1\x94\
G\xa2g\x00\x99\x81Mb\xa7IJ:p\x02s`\
\x08\x92^\xdcd\xf0Rc]\xc0\x14k\x1aR|\xe5\
\x02s\xecF[\x00\x8b\xf4)Xf\xb4w[\xdf\xfb\
\xa0\xd5\xc4\x9e\x9d\xec[0\x80\xbb\x1ex\x10/\xbct\
\x1c\xdf\xfa\xc67\xdb\x92\xdd\xf7\xdes\x0f&'\xa7T\
dB\x95\xe3\x83\x97\x5c,y\xf1\x06\xa5\xb2T&M\
\xf1\x8b\xac\x8c&\x17~&\x9522\x0c\xcd\xbb\xcf\xee\
\xce?MW8D\xe0\xd5\x9a\xb5xN\xc7\xd272\
X\xc6\xec\x05`L\x0bb\xe1\xe6\x9c\xeb2\x9c\x0c\x9a\
\x0c@(\x8cz\xa5*\xad\xc6x\x22\xa6\xc6\x22\x0b\x12\
\xd4\xb8\xc3\xa3\x85Tf\x003\xb3\xe3\xf8\xd5_~?\
\xeey\xe0\x11|\xf5;\x0fh1\xfb]\xdf\xb2/\xde\
\x06\xcc\xc5<|\xdc\xaf\xe7\x14\x89*|\x9d\xc9\x16,\
`x\x19\xd3~g\xd5\x00\xf8\xecs\xb1XF(\x1a\
\x93\x82*\x09;RW\xb1@p\xce\xbb\x97|\xc6\xce\
\x0dT\xa3\x06\xf6\x88\x9f\x7f\xa3\xda\xcd \x09\x18\x96q\
\xd5\xc5\xe7\x09\xf1G\x0d\x88\xc6RH\x0d\x0c+\xc6r\
I\xe8vhu\xc6\xe2v\xa5\xc6J\xc3\xa9b\xd1R\
<s\xcet\x81\x22\x99\xb5\x0e#0u\xf0\x00\xe2\x1b\
\x94\x0c_\xc9\xf0\x0b\xc8\x7fO\xbb\xe5x\xb5\xa4\xfa\xf7\
\x1b_\xffz<\xf2\xe3\x9f\xe0\xb9\xa3Gq\xdf\xbd\xdf\
\x13\xc3\xb2T\xe4\xbdla\xf3\xc6\x8d\xb8\xec\xc0\x85\xd8\
\xb1eT\xbd\xf7\xac\xd4\xd5\xc4V\x99\x9b\xf6!\x06\x15\
w%\x99H~\x82\x9c\xa8\xc5B9G\xa0V\xebl\
cgv{\x0d\xa6c\xd0\x11\x05\xb1\xd0\xf9\xecX\x00\
\xf1\xf9\xdd\xf3\x0e\x91SR,\xa2R*#\x9e\xca\x88\
\x84\xa9\xcc\xf0\x19\xd7gF\x89\x95\x84\xe4\x0e\xb0p\xec\
\xb7\x7f\xf3\x83x\xe8\x91\xc70\x91-!&@\x91\x8d\
j\xa8kI\x15\xe0\x0e.\xa0\xb4\xb5\xafv\xd4\xf3\x8a\
\x8a/C\xe0OX\x99N\xea\x15\xf2\xff\xd7;\x04\x10\
\xc0B\xa6^>\x8f\x1f=\xfacLNL\xcb-X\
\xab[\xbd`\xfa\xd0\x15\x07\xf5$\xa3\xf8W\xef}\x1b\
\xfe\xe2\x93\x1f\xc5@O\x0fj\xcd\x08b\x99\x01\x84\x22\
I\x85 n\xf9/\xf9\xfd\xec\xec\xeb\xb9\xf2L\xf5t\
\xb3{\xadf\x91\xce\xf9\xbd\x8c\x8d\xf5;\xec\xb0\xe5\xd6\
vL\x7f\x1c\x81\xa5\x8d\x1a\xe2\xe1\x16\xae\xba\xfc2\x9c\
\xb7k'&N\x9eD)\x9fG*\x16\xc7E\x17\xec\
\xc5\xeb\xae:\x84m\xa3\x1b%Y\xce\x22\x1e\xcf]\x97\
\x01Q\xc5\x9c\x01c<\xb7\xf9\xd5p\x0b\x5c\xa4~p\
\x11K\xf7\xc1\x95d/\xde\xaa-\xf8Q\xef\xee\xbb\xc6\
\xaf^\x83a\x89\xd1\xe6l\xac\x91\x12\x1cj\xb5$e\
^\xc8\xe5\xba\x10\xdc0\xc2P\x22\xdd\x87|\xa9\x8e\x8b\
\xce=\x07\x97]|\xbe\xab\xec4z1\x0d\x80Z\xd7\
;\xaf,\xc8\x8eT\xa9/{!\xa0\x85\x17O\x9eF\
Q2_x\xc5\xc7\xba\x83\x80\xad9\xb4\xe0\xf561\
\x9d\xc1]\xbb\xd6l\xe0m7]\x8b?\xfb\xe3\x7f\x87\
j\xb9\xae\x9b\x9a\xec\xdb\x80xzH.\xab*\x08\xb5\
\xb3-\x8d\xb2\x98\x01p8\x83g)\xae\xf1\xe1p\x01\
\x91\xea\xcb\xe3\xabKO\xe0\xf7~\xd7\xe3v\xcb\xfff\
\xa9\xae\xbc$\x9b;\xeb2l\xa7n T\xafb\xcf\
\xb6\xed(\xccZe!\xbb\xe6P/?De&J\
\xb2q\xf2\x8a\xb8\xe6DB\x98\xbeu\x06\x80\xf7\x84=\
\x01\x967\xe0\xe6\xcd\x19\xb1\xc5U{\x08X]\xfa\xe1\
{-\x00\x1f\x0aq\x87\xed\xa4\x0e\x17~?wR\x86\
3=\x99\x1e\xd7\x1e~u\xc3wA*\x95J\xa2:\
w\xf5\xbc[!\xc4S\xbd\x08Gf\xd0\x93h\xe0\x9d\
o}#\xbeu\xf7#\xe2ZH\xf4\xa6\xd6\x14\xb7#\
\xcd\xceP\xad\xb9\xbd/\xf5\xcfp\x04\xd3\x93S\xc8\x15\
\x8cE\xf9j\x18\xebj\x00\x82\x08\xbb\xedg\x01\xb7\x7f\
\x1d\xc3\x1ci\xc75\x9b\x18\x1d\x1a\xc4xo\xe0(\x00\
\x00\x10$IDATo|\xe8WeuY\x8a\x9c\
\x88\xf7\xa0\xb7o\x18\x88\xb00\x88\x05\x1c>\xbb\xb6\x04\
/\x9b\xb1\xa7\xdby\x16R\xd8\xd1[V\xe8\x0d\xf8\x89\
\xcd\x1e~\x06j\x9d\xd9\x8b\xce76\x95\xbe\x5c\x82\xb5\
\xe5+\xb3\x94\x9e-7\xa7v? \x03\xe6\xdf\xc3<\
>\xbb\x17\xbd\xe6\xca+t.t\xeb\x1b\xf5\x8a\x01^\
\x5c@\x81\xd0H\x99\x15\xe6\xa7\x1b\x0da\x22\x14FU\
E\x9cc\xb8-\xea\xa9\x06\xbe\x83\xe1\x05\xafD\x95\x8e\
\xcbL\xf2\xb6\x18\x8c\x88C\xa6Y\xb8\x98\xc7\x14\xbc>\
.(\x22\xe8\x91t\xa01K\xb7\xf7M_d@`\
4\x12\x95\xd6\x22\xab\x17\x95\x87[\x96}h^\xca\xc0\
\xe0\x08*\x93\xcf\xe3\xa6\x1bn\xc4\xbe\xbd\x9f\xc5\xa3O\
\x1eq\xf7\x89\xe1\x9ckf\x22<\x8c\xbd/\xab*\x0e\
\x22\xee\x90/\xe4119c\xbc\xc8W.\xec?\x8b\
!\xc0Bt\x8f\xc5\xf9\x1fk\x1a\x9ch\xff\xf6\x7f\xfe\
\x10.\xb8`7J\xe5\xa2\x1and\xfa\xfa\xb9\x9d\xa3\
\xc1\xcdO\xb2\x81\x1e\x89]\xeae\xe0\x93\xa5\x9f\xd6\xaf\
\xfe\x92\x88/\x17\xfeB\x13T\xd2\xe8\x02\xfd\xbc\x1a\xb0\
[}+\x1c\xc1\x05\x1fl\xb0\x1a\x1c\x8ai\x99b\xe3\
F\xcfJ\xb5\x9a\xaf\xdc\x9b\xeb\x14\x99\x8f\x14\x12 F\
\x96\x22\x0d\x93\x5cr\xef\x01tqz\x8b\xa5\xbf\x96\xbb\
\x06\xba\xc7\x9dg\xb5\xfc\xe0\xe2U?\xca5\xd0\x85\x15\
\x825\x1a*a\x17\x19\xa8\xab\xda[\xf3\xde\xe2\xa9\x14\
Z\x91\xb8:%_\xff\xba\xd7\xd9L\x12v\xd1R\xd7\
)\x92\xcdx\x17\xca\x94<g\xa9w\x84\x9eU\x0bS\
\xd33\xaa\x98}\xb5\xec\xfe\x1c\xaf`\x02buC]\
\x81\x9bM\xbc\xf6\xe0\xc5\xf8\xc0\xed\xb7\xa0\x92\xcd\xa9\xfb\
Jj`\x04\xd1\xde^4\x9dLt7\x93\xc9\xd8\x7f\
\xec6\x1cC2\xc9\x9a\x83\xf5\xb9\x1d\x9e\xec\xc1\x85n\
;\xe1\xdc\xd2\xe2\xb6\x86\x9d;O\xab\x88[\xb9\x95\xf4\
\xb5\xe4\xfe\xbf\xfdw\xcf\x1f\x9a\xa0\x9c\x88\xea\x9d\xb7\xc8\
}q\xc7\xe7\xf7Y\x03V\xdb\xc5M\x1c\x05g}X\
\xf3\x8c\xe5\xeb\x17<H\xe8\x9b\xc2\xaee4\x5c\xe5\x22\
%\xbd\xb9\xfbwQ9!\xf1\x16\xde\xcbH<\xa1T\
\xee\xe0@\x06\xbdI\x1aq\xf3\x9a$\x1e\xa2\xaf5#\
 @9\xc4\xb4\x9f\xc9}I\xf3@\x06\xb5\x8b\xd7\xcb\
0~\xea\x0c\x80\x17\xb0x\xdf{\xde\x85L2*y\
\x96T\xb2\x0f\xc9L\x1f\x1a*\xc1$\x89\xa8\xcb\x89\xe1\
\x9e8\x17 \x8ba,\xa7\xbbv N\x8b( \xcb\
=\x7fR\xdb\xae\xc7\xf7Xs\xd4\xf9\xae\xfcJ\x86\xff\
\x5c[Tb\x8d\xe7\xae\x9dU\xcd^[2\x8a\xc6x\
;\xbb\x93\xb1s{\x96\xf7\x02\xe85\xb1\x96\x83^\x83\
\x90\xf55\x9e[\xb3\xd5\xc2SO?\x89\x1c\xb9\xf8\xf4\
\x02\x97\xf1\x04\x94\xeb\xa01\x0d\xc7\xd4\xd7\x818\x0b\xeb\
&(\x8d\xe6\x9f5\x9f\xab\x9f\xa7m\x91\xd6\x86\xa3F\
\xbb\xcd@va\x99\x17\x8d\x9d\xe7,\xac\xf5\x15\xd4\xb8\
\x08\xbe\xce\x9a\x01\xb0\x94`h\xd1\xd7j\xbc S\xf6\
i\xe2\xd0E\x17\xe2\xa6\x9f\xb9A\x0f \x12O!\xd1\
\xcb\x06\x0c\xe4\xf7\x93\xa9\xd6\xe9\xdc3\xaf\xdcg\xe1\xa1\
E\xda)B\xf1\xb5\x01k\x19A\x03\xb0\xf0!]?\
\x037\xf9\xbd\x9c\xf7\xea\x86\x93\xfen\xac\x9d<\xe3\xd9\
|\xea\xda\x1c\xb2\xf2\xe0n\x90\xfc\xf9\xdf\xe1_\xdd\x9c\
\x8d\xef(\xd5\xee\xf8\xbb\x0c!^\xdf\xeb\x98\x83\xfa\xec\
\xaa\xae\xbbc\x98#\xe1\x08\x9e}\xe6Y|\xe1\x0b\xff\
\x84\x1a\xab3\xfd<\x08\xbe\xdbe\x9c\xda\x1d~\x5c\x85\
+\xbb\x09\x89\xc8\x15\xa7\x0a\xb0\xa31G\xe669a\
\xda\xd0h\xe7\xf4\x10\xe8Q\x9d\xb9\x08_\xc9\xd7O\x95\
\x07\xe05\xd6>\xf0\xee\xdb0\xd2\x9b\x92\xabE%\x9f\
p\x82}\xee\xac\xf1\xc4j\x06]\x7f\xb1\xf1\xda\xe0\xdc\
Z\xce\xd1Uz9#0\xdf\x98t\xb2\x00\x16\xb3\xfb\
\xc2\x9c\xa5\xc0\xaf\xa5\x8fg\x8b\xc7\x1f{-CEX\
\x8e\x93`\x12\xd9\xab/Mo\xf3\x05\xba \x03\xf9\xf7\
\xcf\x0f\x95\x16\xfe^\xdb\x08|\xf8\xe3;\x17\xad\xe6\xfc\
\xc2N\xed\x97\x86\xee\xbe{\xef\xc5?}\xee\xbf\xa3^\
\xb3f!\xdd\x88q\x92\xf5J\x0e@&\x95\x16\x08\xc8\
l\x928\x10ve\xee\xfa\x02*B\x94\x1c\xe7\xae\xde\
\xe5\xb5\xbe\x1c\xe3\xa7\xc6\x00h\xf7o5p\xe1\x9es\
p\xcbM7\xa0V.#\x9e\xeeA|`\x10\xcd\x98\
M\xd6\xd5\xdcT\xeb\x0cK\x03@\xd5\xdc\xa5\xa5\xa5\xbb\
\x19s&\xa6\xa3\xb6\xce\x1f\xde8\x04w\xd7\xd5,^\
o<\xc4'PQ\xd1\xda\xbc\x00\xa6\xb3\xd8eY\xbb\
q\xc88\x00+\xa1'\xa8\x1c\xc6\xc9{\xa9\x14|\x19\
\xa9n\x1b+D\xf1C!\xd7\x1e\xcd\x10v\xea!\xae\
\xf6\x8aC\x81\xb9\xc2\xef\xbc\xfb\xee\xbb\xf1\x85;\xee\x90\
q\x0e\xc7\xc9\x0bi\xa1\x151!Q{\xf9\x10\xc5Z\
\x863\x04\xe1\xf3e\xcf\xc5\xa8_\xfcg\xf2\xdd\x02\xc3\
\xf5\x1ep\xc4\xb8W\x92\x01\xf8Sg\x00\xfc\xb8\xed\x1d\
o\xc6\xc6\xa1^\xa9\xf8\xa4\xfa\x06\x81(s\xae\xbeL\
u\x15\xc3U\xb9Y\xd1\x8b\xe3\xa1\xaf\xb2\x16\xdd\xc7\xff\
\xde\x00\xa8\xb3\x91Km\xe9Pn\x977\xe9k\x8b\x09\
e\xd8\x5ck\xf5\x15\x1em\xce$Z\x0a\x04\x5c\xe9\xf9\
\xdb\xf5[u\x9e\xb2\x14]\x9e[;\xb0[N\x9f}\
\xce1\xf5\x81\xc0o\x96?\x165\x10y^\xed\x1c\xfb\
*\x16\x927\xcea\x86\x1d\x0a\x05\xc2Z\xc8\xf7\xde\xf3\
=|\xf1\x8e;,\x1c`\xe7\xe8\x05\xce\xc7\xb28T\
\xbb\xb2nAq\x86\x001S\x93\xb6\xd0b\x91\xabp\
MU\xba\xf5v~*\x89@gcx\x82\x0a\xfb\xf4\
\xbd\xfd\xad7\xa3V\xc9\x22\x9e\xc8 \x9e\xee\x13\x05\x93\
2TN/L\xef_Y(@\xd7!\x8a\x04\x8b^\
H\x06\xb2\xdeLs\x1e\xfcJ\xdcs\xbf\xbb{\x03\xb0\
P\x08\xe0\xb9\xee\x06\xcc\x18\x13P\xa5\xcc\xf5N-\xfd\
R\xc3\xc0\xc5\x8e\xd7`\xec9\xfb9\xb7\x12o\xe5\xdc\
\x05\x1a'\x976\xf0G\xeb\xea|8\xb4\xa0\xc4\x9b\xa7\
\x9bk\xbbd7d \xcf\x04\xb4\xda\xfa\xe5\xcf\x95\xf9\
{e\x83\x98\xc6\x0bd[\xba\x1em\xfb\x14B8\xc4\
\x9d\xdb\xaeW\xa1D,\x82{\xee\xbeK\xb1\xfa[o\
\x7f\x97\xc9\xd2\xb7\xd5\x95\x9c\x22\x903\x005Vd\x93\
\x1c\x14OX7kz=\xecP\xa5\xfa k\xf56\
\xe7i.\xe0\xa5.\xf5\xbc\xcd\xa0\xae\x97\x91\x08\xfd\x14\
\x1b\x00\xd7!\xf8\xedo|=\xce\xdf\xbd\x0d\xb9\x13G\
\xd1\xbb\x91\x84\x9f\x984\x01\xc3\xeb\x80\xde\xa7Ri\xe5\
\xbc\xa9F\xbcZ\xd4\xdb\xe7\xf7\xbd\xfb/\x1a\xedB\xd7\
\xa3\x85o\xf1\xa7\x08)\xd1\x0e\xddv%\xa3#\x8d\xe0\
\x89?k\xab[`^\x9c\xbd\x02\xadx\xca\xeb\xfcu\
?\x05\xcd\x00\xf8w\xaff\x87\xf3\xbc\x86\xc5\xa1\x03\xaf\
]\xc8{K\xc6\xe2\xaa2(\xa1yX@\xa8\xd3\xf9\
\x88\xff\x97\x88\xc7q\xcf\xddw\xab\xa2\xf5m\xb7\xde&\
\xf7_\xc6\xac-nJ\xa5%\xc7_\xa0\x00\xa8\xe3\x91\
D\xd5\xf7\xd6:Z\x9d\xe9\x5c;\xa9\x10\x19\xe9%\xd2\
\xb1g\xc9\x00,\xc6\xb3x\xd5\x87\x00\xca\xf96\x1bH\
\xc5cx\xcf\xdbnD\xb3Z@\xa9\xc5\x1d\xbb\xc7\xf4\
\xf4\xd7#I\xe5\xe8\xb8F\x06\xf2\xbb\xf3\xea\xdc4\xeb\
\xeff\x93\xd4\xf7\x1a<\xf3\xa2\xb0\x04/`E'\xee\
\xb9\xcb\xed\x1d|-n\xa5z0\xba~\x8c+\x8e\xcd\
\xdbt@\xc7\x1a\x0c\x80\x93\xcb\x8d3\x17\xf0\xf2\x99\x00\
\xde_^:\x0d\x80\xd7 \xe8z\xb8\xc3\x85\x95f\xeb\
\x18N3\x06\xe6\xc6\xd3\xc0|\xef\xae\xef\xe2+\xff\xf4\
\x05Sh&\xd3\xcf\x85\x86&}f\xfc~c\x14R\
\xce\xdc\xe1\x00>\xfbq\xc6\xf98\x00\xb0\xdd\x91y\xe1\
\xb4\xdc\xcb\x1d\x1e\xbc\xea=\x00\xc5\xa0\xcd\x06nx\xed\
\xe5\xb8\xea\xd2\xfd\x98\x9e\xca!\x9e\xe9C4\xdd\xab\xdf\
\xaf\xd7\x8d\xa2\x01\xa0 E1\x97k\xe7\xefW\xb2\xb3\
x6\x9e\x8fI\x97J\xa1\x99\x0b\xdb\xa1\xeb\xdaz[\
\x83$\x99s\xff\xad*x-\xe6p\xae\x96\x9d\x07\xf4\
\xba\xb1L\xd6@\x83\x00W\xf7\x98A\xdb\x83ql\xc8\
\xee\xce\xdd\x16\x07\x9b\x93\xaa\x86\xc1Q\x83Ww\xdd!\
\x97\x0d\xe8\x90\xb5,{a\xd4]\x8a\xa7P\x1a\x9dF\
\xe1\xc6\xb7\xbfCu\x11Mf\x09\x9c\xc1\xb3C\x1a\x96\
`\xb5\x05\xfe/\xc10\xac\x9d\x03px\x83\xb1>\xfd\
{\x97>\xef\xf5\x0e\x01B?e\x06\xc0\x15\xf3\xb0v\
\xfd\xbd\xef\xb9\x15\xa9X\x14\x135``\xd3\x90\x89i\
\xa8\x03\x19w\xbd\xb5;2\xf1D\xc2\xa1\xcbT\x09n\
 \x914\x0e|\xb0A\xe9Rc~:\xcf\x03L\x0b\
\xbd\xcf\xf2\xdd\xc6\x1d\xf7n\xefj\xf3m\x06\xd2\x19\x9d\
9\xd8\x16|\xb5\xa3\x0d&\xb6s\xf4\xdduE\xd6\xce\
\xa7\xcaO+u6\xe1\xcc\xa5\xbd\x1a\x7f\xaf\xfcyw\
\xc7\x85\xb0k\xb3B\xa5\xa8\xce\x91\xdd\x8bV\x82\xd3X\
i\x03cw\xd3D\xf4\xf8\x81=.\xea.Fu\x03\
\x94\x09\x89\xc7\xf0\xc0}\xf7j\xf7~\xc3[\xde\xacX\
\xbfV\xa1\xf4\xbd\x0b\x8fBQc\x92&\x12*\x04\x92\
\x01p(\xbf\xa3\x00\x99H(3Ll\x7f\xee\xaaM\
W\x83\xd5\xace\xb3\x9b_^\xed\xbf\xebUm\x00\x84\
\xf46\x1b\xb8\xee\xe0E\xb8\xf6\xca\xcbT\x00\xd2\xdb?\
\x88L\xff\xb0\x89\xb0\xb4sT\xdd\xa3\xce\x0b\x0e\xf2\xbb\
c1y\x01s\x0b\x82V\xe6\x01\x04'\xf0B\xa5\xad\
\xfe\xa1\x8bx\xa4pc\xfd\xaa\xff\xba\xed\xa5\xb7\xf4\xb0\
\xbd[\xe7\xec\xb2\x13\xdd\x0c/\xc7\x1e\x0a\x90fVu\
\xf4y\xc5LK\xbd\xcf3\xdc,k\xd1\x5c\xd1\xbdt\
f\x17\x9e\xfce\x06\xa0\x83\xa3\xf8\xd1\x06U#Q<\
t\xff\x03f\x04n\xbaY\xd3\xc2\x04]\xe9\x81B\xcf\
\x92\x8aR!\xa2\xcf\x14\x9d\x9d{\xb6s\xe6\xa6\x91\x8f\
\x98\xd2^\x9c$v6\x86\xa7\x9d\xcf\x1f\xafj\x03\xc0\
\x90\x8b\x0d\x19n\x7f\xeb\x0d\x18\xeaI\xa0V\xac\x22=\
\xd0\x8fP\x84;\xf5\xda\x08;~\x98\xcbG\xf5\x5ck\
c%\x03\xe0v\xe5\x95<\x0c_\xe2\xeb'\xe7\xd2\xa8\
\xb4/7\xee\x90`\xd66:\x84\xa2\x952\xf7\xe6\x9c\
\x95;\xa7 9\xa7[\xe3j.n \x13\xe3C\x9b\
\x15\x0c\x1frts\x0d\xde\x00xV%7\x0a+\xae\
\xea\xf2\xa0.\x0d\x9b\xf0\xad\xcb\x1c\x08\xb8\x18BOo\
\xe3\x07\x0f>\x84p\x13\xb8\xfa\x9a\xd7Yz\xd7\xcd\x15\
{\xdeQ\xeb!\xd8\xde\x98\x98\x8d\xea\x84ub\xc6:\
O5Xy\xba\xf4\xf9\xceu\xdb\xff\x87\xf2\x00\xb4\xa3\
\xb6\x1a\x18\xdd4\x84\xd7\x5cyP\x085\x19Z\xf1T\
R\xfa\xed\xa1&\xd1\x1b\xbds\xed\xc5*\xae\x11f[\
\x9bO\xee]s\xd5Y\x00\x86\x12\x8b\x02\x80nt\x04\
8V~\xba\xfe\xe1-Vg\xb0\xfa\x892\xf7^\xb6\
\xb3\x00]~]$dY\x00\xde\xbfz\xd3\xf3\xe1C\
]\xb8\xf3\x04\xcf\xec\xfeukt}\xe8@/\xd1\xf3\
.Bm\x10w\x99\x13v\x7f\x0e\x13\xf0c\xda\xce\xd7\
B\xfa\xcf\xb5\x7ft\xda\x99\xf2\xba\xd8\xa1\xe9\x87?\xfc\
\xa1p\x8es\xcf?\xaf\x1dJ\xf0;\xbc\xa2q3d\
\xb2_r\xf7\xdd\xe1|\xc3\x10\xcf\xf1_j\xcc1~\
\xeb\xa8R=\x1f\xd8\xf5\xf7\xf9Um\x00x\x077n\
\xda\x88\xad[7\x0buM&z\xac\x89\x83<\xad\xce\
\x0e\xbb\x1e\xb7\x88\x0f\x95}\xe98L\xe0a\xe5#h\
\xd5\x97\x02\x11\x056\xb5wK\xc3\x18\xec\xbd+\xbb\x12\
\xbf\x0br\x04\xbd\x8f\xd5\x8cN\x16\xc1\xee\xc5\x8a\xe8\xc9\
*9\xb6\x86\x1b\xaa\x88\x93\xfamY\xa4*\xe27K\
\xddKK\x83\x9a\x0b\x1e<\xe6r\x86\xa0c\x00\x1c~\
\xea?\xd7\xcd\xc5\xceKm\x86\x9c1^\x98\xb3\xe1t\
\x0e\x88\xda\x87CH\xc6\xa2x\xf4\xd1\x1f\xa1P*\xaa\
\xfb\x11\x8d\x9e\xed\xfe|\xa6\x11\xe3\x92r\xfe\xf0~:\
y\xb1\xcefb\xea\xd3!\xb6\xb3s\x04\xb1\xa5\xaes\
5\xd9\x98\xff\x1fy\x00\xf6\xf3\xa2\x0b\xceEo&\x85\
J\xb9\x86h\xaaG\x82\x8arS\xe7?\xac\xb5z\x01\
\x0e\x98\xe3\xa8\xd7\x8c\x0d\xb7\x92\x9d\xd4\xbb\xe0\xc1<\xfc\
\xe2\x13\x99\x7f\xf3\x937\xc8\x17\xe8\xde\x08\xf8\xd8\xb5\xad\
\x03\xe82\x10>\x95\xb9\xfa\xd1\xd9\xb3}qN7\xcc\
H\xee\xf6L!2\x1e\xf6\xc6D\x98\x08C\xa1%\xce\
'\xe8\xca\xaf\xa4 \xca\x03\xad\xed\xe3\x07\xc0\xcb\xd5\x8c\
\xd0\x02\xa97\xcf\xea\x17\x05\xd8\x19Vz\x02\xbc\xc7G\
\x8e\x1c\xc1\xf0\xf0\x88\x16\xbe\xae;\xc2F\xa8Q\xd4\xab\
\xde\x9b\xf0\x8c@\x9fV\xf6/\x13\x18\xf5\xc7|\xa5\xc7\
\xab\x96\x07 \x96%B\xb8\xe9\xfake\xa5\xd8\xbd\x17\
\xd1\xb8\x8a~\x22\xeb,\xa2\xa8\xc7\xa1\x1c\xb8\x9b\x8c\xfa\
\xe7\xca&\xe3jcp~V\x8a@.\x8d\xb7\x92\xe1\
\xb5\x068\xb8\xf8\xe9\x05\xacvR\x19j\xedZZ8\
\xe3\xe2\xb3\x22\xdd\x8e \xf9\x89\xe7\xb2\x5c~\xde{,\
>\x7f.D\xdf\xe9\x1b\xac\xf4\xdcW_M\xb9\xf8\xb0\
\xb8\xdd\xc8;\xeax\xedS\x85\x0e\xe3\xa1\x90\x08\xefY\
\x22\x1eU\x15j\xd4q\x0aX\xff?\xe7K|\xe2\xd0\
\x1b\x99W8\xf7\xff\xaa7\x00\xec'\xc8\xf8\x7f\xf3\xa6\
\x11\xec;\xef<4\xabU\xcb\xfb\xaaYC\xbb6s\
\xeek\x19\xd5\x9f\xa5\x86\xdb\xb3\x05\xf4x&\x97X^\
]\xef'\x9d\x22\x18\x0f\x0a-\xb6\xfb{W\x9f\xee\xb2\
\x8f\x81WDc\x9d\xf3=\x1d#\xe0y\xf1\xeb3\x89\
\x9c>\xe0\x0aXvm\xa3\x11\x8d\xc9]f\xdf;J\
\xa2-\x95\xeb\xf6\xe7\x1a\xac\x89\xe8^\xe4\xa3SW\xcf\
{\xeeU\x96\xd7{\xb4\xda\x8cH\xb7k\xbb\x0e\xd6\xf2\
\x04\x22a\xc4#a\x8cm\xd9\x82t2irh\xa2\
\x157\xa4\xbe\x14\xa6\x17\xd9~V.4\x0cp\x00\x16\
Z\xf8\xcb\x91\x83\xd6\xfb\xf5\xea\x0c\x01\xd4\x82\x8a\xee\xff\
\x1el\xde8\x82f\xa3\xa8\x02\x105ipb\x9f\xeb\
\xd9C\xde\xdcu\xeexV\xfdF\x97W\x94\xdeh\xf7\
\xcc:M\x12\xe7*/\x04\xce\x05\x87\x11B\xccE\xf4\
\xe2\x94\xdd\xcan\x05GPm\x88;'\x17\xdc\x9a\x0c\
\x80\xae\xdd\xf0\x8f\x0e\xc1\xa6{\x9e\x05\x8f\xcd\x0eD\xea\
\xcfX\xad\xa1\x5c\xb4\x8e\xd0\x8b\x91^\xe6\x1b1\x8fc\
t\x97#\xb70\xca\x96\xe3\xcb[Y\x17\x0a\xbcHF\
\x1b\x1e\xe8\xc7\xfe\xbd\xe7c6;\x83z-7\xa7<\
\x99\xf1~\xe0_\xf6\xbc\xda)\xc7\xd0+N\x05~U\
\x1a\x00\xcf$;t\xe0|\xa4\x12!\xd4+\xd0\xceB\
Ye\xea\xfdq\xac\xbb\xb3\xa4\xdc<\xddWO\xceY\
\xc9\x87;'\xe5\xcfk9pg\xfe\xee\xd7nN\xba\
\x82\x0b\xf3q\xb0w\x81\xa9\x96\xebq\x88\xd5,\x08\x95\
\xb6\xa6R\x98\xcd\xcd\xea{$hI\x81\xd0X\xa7\xa2\
q\xb1\xe1\x17n<\x11\x17XF\x22\x90Ju-/\
\xb6\xe8\xf9s0l\xf08@\xf7!\x80\xc5\xd9m\xa6\
\xdd\x0a2\x08\xeb2Z\xed\xb3PM\xc2\x8e\xb11\xb5\
{\xfb\xde\x03\x0f\xa0\x5c\xab\x994;\xff\x17f:\x90\
\x06\x9f\xcf\xd9\xee\x91)&S\x18\xb4\x03\x14/x\xee\
\xeb\xda\xabr\xe1\xefz\xd5\x85\x00r=\x9bu\xa4\xe2\
Q\x1c\xd8\xbb\x07\xb1\x089\xd4Q\x84C1cX\xb1\
\x90\xe2lHT\xa9c\x8c\xd19\x99S6\x8d\xba\xb3\
3|\xeah=\x86\xc7\x1c8\x81\xf2\xf9\xbc\x93\xc9Z\
\xf9\x90\x0b\x1f\x8e`x\xb8\xd3H\x94\x95\x81\xc2\x15V\
0\x09\x89g\x88\xa7\xcfN\xd1\xae\x1bQ\x1bM_d\
\xc7\x0bf3V\x12\xcb{\xf2\x93\xbc/\xbc\x82#\x14\
R\xbd\xc0y\xbb\xf7\xe0\xeaCW AaZ\xf6\xff\
k\x17\x0f-\xf0\x11\xbc:\xc6\xab\xd2\x03\xe0-\x1b\x1e\
\x1e\xc0\xb9{vI\xe6+\x1ag\xa5^\x5cT\xd3v\
\xeal\x8e\xb4\xf2\xfaX\xca\x98\xd3\xc1\xafU\xac\xa2\xaf\
\xeb\xb3\x9d\x93\xce\xb1\xdd|)\xf7\x8e\x7f\xf2no\x07\
;\x98{\x09\xdd\xa4\xe0\xe6\xc7\x90\x5c\xb0|\xb5\xe5\xcd\
V8\x94\xfet\xd4g.H~\x17{\x1bP+\xa1\
\xdb\xac\x08\x0d\x80(\xba\xb5\xaa\xfa\xde\xb3\xc9H\xbb}\
\xd6\x22\x1f\xf7!\x93\xaf\xb3\x0f\x9e\xba\xef\x1c|\xa6n\
\xaa/\x1f\xf6\x00\xe0\xd97\x01-\x8f\x03x\x17\xde\x9f\
\xbf;\x1d\xca\x93\xed=\xf7|\xc9\x80\xdd\xf7\x83\xef\x9b\
\xee\x03\x0b\x80\x9a^\xcc\xb4S\x004\x7f,|o\xff\
\x07\xf5\x0086m\x1c\xc1\xc6M\x1bP\xad\xd4\x10N\
\xa4$\xf7-\xe1\x06\xba\xaa\x8c\xff\xd6Q\xc2\xdbO\x1d\
\xb6\xc1^\x8d\xbc\xd4\xca\x87\x15\xa0\xb4\x8f\xbf\x06\xd7\xd5\
\xef\x9c\xbcoR\xc8a=\xff\x1a\x06\xbb\x03\xcf/p\
\xeaf\xe1\xfb\xb0\x83\xf1?\x8b\xaaxE\x94\x17+W\
X^\xec\x0d\xea\x99\xdf\x134t\x0b\xe5\xc5\x839\xf4\
\xf9\xc3\x8b\xb9\x92\xc0e\xe1\xdb+7B\xee'\x8d\xe8\
\x85{\xcf\xc3\xa5\x17\x1fP\xdf\x05\x0bU\x16x\xff:\
\xcc\xb3\xf5\x00\x01\xff?\xad\xe2\xfe\x96k\xffT\x12\x00\
\x00\x00\x00IEND\xaeB`\x82\
"

qt_resource_name = b"\
\x00\x06\
\x06\x8a\x9c\xb3\
\x00a\
\x00s\x00s\x00e\x00t\x00s\
\x00\x0e\
\x0e\xafJ\x9f\
\x00L\
\x00L\x00M\x00B\x00a\x00t\x00D\x00e\x00s\x00k\x00.\x00i\x00c\x00o\
"

qt_resource_struct = b"\
\x00\x00\x00\x00\x00\x02\x00\x00\x00\x01\x00\x00\x00\x01\
\x00\x00\x00\x00\x00\x00\x00\x00\
\x00\x00\x00\x00\x00\x02\x00\x00\x00\x01\x00\x00\x00\x02\
\x00\x00\x00\x00\x00\x00\x00\x00\
\x00\x00\x00\x12\x00\x00\x00\x00\x00\x01\x00\x00\x00\x00\
\x00\x00\x01\x9f\x8f\x03\xe4\xba\
"

def qInitResources():
    QtCore.qRegisterResourceData(0x03, qt_resource_struct, qt_resource_name, qt_resource_data)

def qCleanupResources():
    QtCore.qUnregisterResourceData(0x03, qt_resource_struct, qt_resource_name, qt_resource_data)

qInitResources()
